Workbook

Sheet Tabla dinam gestion comercial
A1: Territorio | B1: Empleado | C1: Meta Cobertura y Visitas | D1: Clientes Visitados | E1: Cobertura Clientes | F1: Cant. Visitas | G1: Ejec. Visitas | H1: Meta Clientes Recuperar | I1: Cant. Clientes Nuevos | J1: Ejec. Clientes Nuevos | K1: Mes | L1: METAVISITAS | M1: Comercial | N1: Territorio | O1: Cargo | P1: Empresa | Q1: Meta Parcelas | R1: Meta Actividades | S1: META | T1: Meta hectareas | U1: cultivos
A2: GALAGRO BAJO CAUCA ANT. | B2: Yeison Antonio Arenilla Diaz | C2: 62 | D2: 25 | E2: 0.40322581 | F2: 26 | G2: 0.41935484 | H2: 38 | I2: 8 | J2: 0.21052632 | K2: Abril | L2: =Tabla18[[#This Row],[Meta Cobertura y Visitas]] -> 62 | M2: Yuri Andrea Garro Sánchez | N2: GALAGRO ANTIOQUIA DIRECCIÓN | O2: DIR GALAGRO ANTIOQUIA | P2: GALAGRO | Q2: =SUM(Q3:Q18) -> 8 | R2: =SUM(R3:R18) -> 48 | S2: =R2+Q2 -> 56 | T2: =SUM(T3:T18) -> 480 | U2: =SUM(U3:U18) -> 48 | V2: Excelente | W2: >=90%
A3: GALAGRO CORDOBA ANT. | B3: Karen Paola Hernández Pacheco | C3: 124 | D3: 29 | E3: 0.23387097 | F3: 35 | G3: 0.28225806 | H3: 220 | I3: 9 | J3: 0.040909091 | K3: Abril | L3: =Tabla18[[#This Row],[Meta Cobertura y Visitas]] -> 124 | M3: Yeison Antonio Arenilla Diaz | N3: GALAGRO BAJO CAUCA ANT. | O3: RC GALAGRO BAJO CAUCA | P3: GALAGRO | Q3: 0.5 | R3: 3 | S3: =R3+Q3 -> 3.5 | T3: 30 | U3: 3 | V3: Destacado | W3: 75%<>90%
A4: GALAGRO CORDOBA ANT. | B4: Stefanía Builes Rodríguez | D4: 1 | F4: 1 | K4: Abril | L4: =Tabla18[[#This Row],[Meta Cobertura y Visitas]] -> 0 | M4: (Vacante) Karen Paola Hernandez Pacheco | N4: GALAGRO CORDOBA ANT. | O4: PROMOTOR GALAGRO CORDOBA | P4: GALAGRO | Q4: 0.5 | R4: 3 | S4: =R4+Q4 -> 3.5 | T4: 30 | U4: 3 | V4: En desarrollo | W4: <74%
A5: GALAGRO NORDESTE Y MAG. MEDIO ANT. | B5: (vacante) Maria Alejandra Duque Laverde | C5: 74 | H5: 40 | I5: 7 | J5: 0.175 | K5: Abril | L5: =Tabla18[[#This Row],[Meta Cobertura y Visitas]] -> 74 | M5: Karen Paola Hernández Pacheco | N5: GALAGRO CORDOBA ANT. | O5: RTC GALAGRO CORDOBA | P5: GALAGRO | Q5: 0.5 | R5: 3 | S5: =R5+Q5 -> 3.5 | T5: 30 | U5: 3 | V5: Crítico | W5: <60%
A6: GALAGRO NORTE ANT. | B6: Luisa Fernanda Quiceno Restrepo | C6: 86 | D6: 16 | E6: 0.18604651 | F6: 25 | G6: 0.29069767 | H6: 47 | I6: 5 | J6: 0.10638298 | K6: Abril | L6: =Tabla18[[#This Row],[Meta Cobertura y Visitas]] -> 86 | M6: (vacante) Maria Alejandra Duque Laverde | N6: GALAGRO NORDESTE Y MAG. MEDIO ANT. | O6: PROMOTOR GALAGRO NORDESTE ANT | P6: GALAGRO | Q6: 0.5 | R6: 3 | S6: =R6+Q6 -> 3.5 | T6: 30 | U6: 3
A7: GALAGRO NORTE ANT. | B7: Norbey Fernando Montoya Grajales | D7: 1 | F7: 2 | K7: Abril | L7: =Tabla18[[#This Row],[Meta Cobertura y Visitas]] -> 0 | M7: Miguel Andrés León Díaz | N7: GALAGRO NORTE ANT. | O7: PROMOTOR GALAGRO NORTE ANT | P7: GALAGRO | Q7: 0.5 | R7: 3 | S7: =R7+Q7 -> 3.5 | T7: 30 | U7: 3
A8: GALAGRO OFICINA ANT. | B8: Katherine Bedoya Rodas | C8: 4 | D8: 1 | E8: 0.25 | F8: 8 | G8: 2 | H8: 3 | K8: Abril | L8: =Tabla18[[#This Row],[Meta Cobertura y Visitas]] -> 4 | M8: Luisa Fernanda Quiceno Restrepo | N8: GALAGRO NORTE ANT. | O8: RC GALAGRO NORTE ANT | P8: GALAGRO | Q8: 0.5 | R8: 3 | S8: =R8+Q8 -> 3.5 | T8: 30 | U8: 3
A9: GALAGRO ORIENTE A ANT. | B9: Geovanny Andres Monsalve Garcia | C9: 59 | D9: 4 | E9: 0.06779661 | F9: 4 | G9: 0.06779661 | H9: 40 | I9: 3 | J9: 0.075 | K9: Abril | L9: =Tabla18[[#This Row],[Meta Cobertura y Visitas]] -> 59 | M9: Alexander Marulanda Vera | N9: GALAGRO ORIENTE A ANT. | O9: PROMOTOR GALAGRO ORIENTE A ANT | P9: GALAGRO | Q9: 0.5 | R9: 3 | S9: =R9+Q9 -> 3.5 | T9: 30 | U9: 3
A10: GALAGRO ORIENTE B ANT. | B10: Katherine Bedoya Rodas | D10: 1 | F10: 3 | K10: Abril | L10: =Tabla18[[#This Row],[Meta Cobertura y Visitas]] -> 0 | M10: Geovanny Andres Monsalve Garcia | N10: GALAGRO ORIENTE A ANT. | O10: RC GALAGRO ORIENTE A ANT | P10: GALAGRO | Q10: 0.5 | R10: 3 | S10: =R10+Q10 -> 3.5 | T10: 30 | U10: 3
A11: GALAGRO ORIENTE B ANT. | B11: Norbey Fernando Montoya Grajales | C11: 28 | D11: 15 | E11: 0.53571429 | F11: 55 | G11: 1.9642857 | H11: 10 | K11: Abril | L11: =Tabla18[[#This Row],[Meta Cobertura y Visitas]] -> 28 | M11: Brarlyn Steven Garcia Castro | N11: GALAGRO ORIENTE B ANT. | O11: PROMOTOR GALAGRO ORIENTE B ANT | P11: GALAGRO | Q11: 0.5 | R11: 3 | S11: =R11+Q11 -> 3.5 | T11: 30 | U11: 3
A12: GALAGRO SUROESTE ANT. | B12: Katherine Bedoya Rodas | D12: 1 | F12: 3 | K12: Abril | L12: =Tabla18[[#This Row],[Meta Cobertura y Visitas]] -> 0 | M12: Norbey Fernando Montoya Grajales | N12: GALAGRO ORIENTE B ANT. | O12: RC GALAGRO ORIENTE B ANT | P12: GALAGRO | Q12: 0.5 | R12: 3 | S12: =R12+Q12 -> 3.5 | T12: 30 | U12: 3
A13: GALAGRO SUROESTE ANT. | B13: Mónica Lucero Valencia Montoya | C13: 112 | D13: 27 | E13: 0.24107143 | F13: 31 | G13: 0.27678571 | H13: 178 | I13: 10 | J13: 0.056179775 | K13: Abril | L13: =Tabla18[[#This Row],[Meta Cobertura y Visitas]] -> 112 | M13: John Álvaro Correa Castaño | N13: GALAGRO SUROESTE ANT. | O13: PROMOTOR GALAGRO SUROESTE ANT | P13: GALAGRO | Q13: 0.5 | R13: 3 | S13: =R13+Q13 -> 3.5 | T13: 30 | U13: 3
A14: GALAGRO URABA ANT. | B14: Stefanía Builes Rodríguez | C14: 89 | D14: 58 | E14: 0.65168539 | F14: 88 | G14: 0.98876404 | H14: 95 | I14: 2 | J14: 0.021052632 | K14: Abril | L14: =Tabla18[[#This Row],[Meta Cobertura y Visitas]] -> 89 | M14: Mónica Lucero Valencia Montoya | N14: GALAGRO SUROESTE ANT. | O14: RC GALAGRO SUROESTE ANT | P14: GALAGRO | Q14: 0.5 | R14: 3 | S14: =R14+Q14 -> 3.5 | T14: 30 | U14: 3
A15: GALAGRO URABA ANT. | B15: Yeison Antonio Arenilla Diaz | D15: 1 | F15: 1 | K15: Abril | L15: =Tabla18[[#This Row],[Meta Cobertura y Visitas]] -> 0 | M15: (Vacante) José Eliécer Borja David | N15: GALAGRO URABA ANT. | O15: PROMOTOR GALAGRO URABA | P15: GALAGRO | Q15: 0.5 | R15: 3 | S15: =R15+Q15 -> 3.5 | T15: 30 | U15: 3
A16: GALAGRO VALLE DE ABURRA ANT. | B16: Katherine Bedoya Rodas | C16: 81 | D16: 10 | E16: 0.12345679 | F16: 18 | G16: 0.22222222 | H16: 70 | I16: 3 | J16: 0.042857143 | K16: Abril | L16: =Tabla18[[#This Row],[Meta Cobertura y Visitas]] -> 81 | M16: Stefanía Builes Rodríguez | N16: GALAGRO URABA ANT. | O16: RTC GALAGRO URABA | P16: GALAGRO | Q16: 0.5 | R16: 3 | S16: =R16+Q16 -> 3.5 | T16: 30 | U16: 3
A17: GALAGRO VALLE DE ABURRA ANT. | B17: Stefanía Builes Rodríguez | D17: 1 | F17: 1 | K17: Abril | L17: =Tabla18[[#This Row],[Meta Cobertura y Visitas]] -> 0 | M17: Estefania Osorio Usuga | N17: GALAGRO VALLE DE ABURRA ANT. | O17: PROMOTOR GALAGRO VALLE DE ABURRA | P17: GALAGRO | Q17: 0.5 | R17: 3 | S17: =R17+Q17 -> 3.5 | T17: 30 | U17: 3
A18: GALAGRO BAJO CAUCA ANT. | B18: Yeison Antonio Arenilla Diaz | C18: 62 | D18: 15 | E18: 0.24193548 | F18: 16 | G18: 0.25806452 | H18: 38 | I18: 8 | J18: 0.21052632 | K18: Mayo | L18: =Tabla18[[#This Row],[Meta Cobertura y Visitas]] -> 62 | M18: Katherine Bedoya Rodas | N18: GALAGRO VALLE DE ABURRA ANT. | O18: RC GALAGRO VALLE DE ABURRA | P18: GALAGRO | Q18: 0.5 | R18: 3 | S18: =R18+Q18 -> 3.5 | T18: 30 | U18: 3
A19: GALAGRO CORDOBA ANT. | B19: Karen Paola Hernández Pacheco | C19: 124 | D19: 33 | E19: 0.26612903 | F19: 39 | G19: 0.31451613 | H19: 220 | I19: 9 | J19: 0.040909091 | K19: Mayo | L19: =Tabla18[[#This Row],[Meta Cobertura y Visitas]] -> 124
A20: GALAGRO CORDOBA ANT. | B20: Stefanía Builes Rodríguez | D20: 2 | F20: 2 | K20: Mayo | L20: =Tabla18[[#This Row],[Meta Cobertura y Visitas]] -> 0
A21: GALAGRO NORDESTE Y MAG. MEDIO ANT. | B21: (vacante) Maria Alejandra Duque Laverde | C21: 74 | H21: 40 | I21: 7 | J21: 0.175 | K21: Mayo | L21: =Tabla18[[#This Row],[Meta Cobertura y Visitas]] -> 74
A22: GALAGRO NORTE ANT. | B22: Luisa Fernanda Quiceno Restrepo | C22: 86 | D22: 19 | E22: 0.22093023 | F22: 34 | G22: 0.39534884 | H22: 47 | I22: 5 | J22: 0.10638298 | K22: Mayo | L22: =Tabla18[[#This Row],[Meta Cobertura y Visitas]] -> 86
A23: GALAGRO NORTE ANT. | B23: Norbey Fernando Montoya Grajales | D23: 1 | F23: 2 | K23: Mayo | L23: =Tabla18[[#This Row],[Meta Cobertura y Visitas]] -> 0
A24: GALAGRO OFICINA ANT. | B24: Katherine Bedoya Rodas | C24: 4 | D24: 2 | E24: 0.5 | F24: 10 | G24: 2.5 | H24: 3 | K24: Mayo | L24: =Tabla18[[#This Row],[Meta Cobertura y Visitas]] -> 4
A25: GALAGRO ORIENTE A ANT. | B25: Geovanny Andres Monsalve Garcia | C25: 59 | D25: 20 | E25: 0.33898305 | F25: 26 | G25: 0.44067797 | H25: 40 | I25: 3 | J25: 0.075 | K25: Mayo | L25: =Tabla18[[#This Row],[Meta Cobertura y Visitas]] -> 59
A26: GALAGRO ORIENTE A ANT. | B26: Katherine Bedoya Rodas | F26: 1 | K26: Mayo | L26: =Tabla18[[#This Row],[Meta Cobertura y Visitas]] -> 0
A27: GALAGRO ORIENTE B ANT. | B27: Katherine Bedoya Rodas | D27: 1 | F27: 1 | K27: Mayo | L27: =Tabla18[[#This Row],[Meta Cobertura y Visitas]] -> 0
A28: GALAGRO ORIENTE B ANT. | B28: Norbey Fernando Montoya Grajales | C28: 28 | D28: 13 | E28: 0.46428571 | F28: 35 | G28: 1.25 | H28: 10 | K28: Mayo | L28: =Tabla18[[#This Row],[Meta Cobertura y Visitas]] -> 28
A29: GALAGRO SUROESTE ANT. | B29: Katherine Bedoya Rodas | D29: 1 | F29: 1 | K29: Mayo | L29: =Tabla18[[#This Row],[Meta Cobertura y Visitas]] -> 0
A30: GALAGRO SUROESTE ANT. | B30: Mónica Lucero Valencia Montoya | C30: 112 | D30: 20 | E30: 0.17857143 | F30: 27 | G30: 0.24107143 | H30: 178 | I30: 10 | J30: 0.056179775 | K30: Mayo | L30: =Tabla18[[#This Row],[Meta Cobertura y Visitas]] -> 112
A31: GALAGRO URABA ANT. | B31: Karen Paola Hernández Pacheco | D31: 4 | F31: 8 | K31: Mayo | L31: =Tabla18[[#This Row],[Meta Cobertura y Visitas]] -> 0
A32: GALAGRO URABA ANT. | B32: Stefanía Builes Rodríguez | C32: 89 | D32: 69 | E32: 0.7752809 | F32: 84 | G32: 0.94382022 | H32: 95 | I32: 2 | J32: 0.021052632 | K32: Mayo | L32: =Tabla18[[#This Row],[Meta Cobertura y Visitas]] -> 89
A33: GALAGRO VALLE DE ABURRA ANT. | B33: Katherine Bedoya Rodas | C33: 81 | D33: 27 | E33: 0.33333333 | F33: 35 | G33: 0.43209877 | H33: 70 | I33: 3 | J33: 0.042857143 | K33: Mayo | L33: =Tabla18[[#This Row],[Meta Cobertura y Visitas]] -> 81
A34: GALAGRO VALLE DE ABURRA ANT. | B34: Stefanía Builes Rodríguez | D34: 1 | F34: 1 | K34: Mayo | L34: =Tabla18[[#This Row],[Meta Cobertura y Visitas]] -> 0
A35: GALAGRO BAJO CAUCA ANT. | B35: Yeison Antonio Arenilla Diaz | C35: 62 | D35: 31 | E35: 0.5 | F35: 32 | G35: 0.51612903 | H35: 38 | I35: 8 | J35: 0.21052632 | K35: Junio | L35: =Tabla18[[#This Row],[Meta Cobertura y Visitas]] -> 62
A36: GALAGRO CORDOBA ANT. | B36: Karen Paola Hernández Pacheco | C36: 124 | D36: 22 | E36: 0.17741935 | F36: 29 | G36: 0.23387097 | H36: 220 | I36: 9 | J36: 0.040909091 | K36: Junio | L36: =Tabla18[[#This Row],[Meta Cobertura y Visitas]] -> 124
A37: GALAGRO CORDOBA ANT. | B37: Stefanía Builes Rodríguez | D37: 1 | F37: 1 | K37: Junio | L37: =Tabla18[[#This Row],[Meta Cobertura y Visitas]] -> 0
A38: GALAGRO NORDESTE Y MAG. MEDIO ANT. | B38: (vacante) Maria Alejandra Duque Laverde | C38: 74 | H38: 40 | I38: 7 | J38: 0.175 | K38: Junio | L38: =Tabla18[[#This Row],[Meta Cobertura y Visitas]] -> 74
A39: GALAGRO NORTE ANT. | B39: Luisa Fernanda Quiceno Restrepo | C39: 86 | D39: 18 | E39: 0.20930233 | F39: 32 | G39: 0.37209302 | H39: 47 | I39: 5 | J39: 0.10638298 | K39: Junio | L39: =Tabla18[[#This Row],[Meta Cobertura y Visitas]] -> 86
A40: GALAGRO NORTE ANT. | B40: Norbey Fernando Montoya Grajales | D40: 1 | F40: 3 | K40: Junio | L40: =Tabla18[[#This Row],[Meta Cobertura y Visitas]] -> 0
A41: GALAGRO OFICINA ANT. | B41: Katherine Bedoya Rodas | C41: 4 | D41: 1 | E41: 0.25 | F41: 2 | G41: 0.5 | H41: 3 | K41: Junio | L41: =Tabla18[[#This Row],[Meta Cobertura y Visitas]] -> 4
A42: GALAGRO ORIENTE A ANT. | B42: Geovanny Andres Monsalve Garcia | C42: 59 | D42: 22 | E42: 0.37288136 | F42: 24 | G42: 0.40677966 | H42: 40 | I42: 3 | J42: 0.075 | K42: Junio | L42: =Tabla18[[#This Row],[Meta Cobertura y Visitas]] -> 59
A43: GALAGRO ORIENTE B ANT. | B43: Katherine Bedoya Rodas | D43: 1 | F43: 2 | K43: Junio | L43: =Tabla18[[#This Row],[Meta Cobertura y Visitas]] -> 0
A44: GALAGRO ORIENTE B ANT. | B44: Norbey Fernando Montoya Grajales | C44: 28 | D44: 18 | E44: 0.64285714 | F44: 57 | G44: 2.0357143 | H44: 10 | K44: Junio | L44: =Tabla18[[#This Row],[Meta Cobertura y Visitas]] -> 28
A45: GALAGRO SUROESTE ANT. | B45: Katherine Bedoya Rodas | D45: 1 | F45: 2 | K45: Junio | L45: =Tabla18[[#This Row],[Meta Cobertura y Visitas]] -> 0
A46: GALAGRO SUROESTE ANT. | B46: Mónica Lucero Valencia Montoya | C46: 112 | D46: 39 | E46: 0.34821429 | F46: 58 | G46: 0.51785714 | H46: 178 | I46: 10 | J46: 0.056179775 | K46: Junio | L46: =Tabla18[[#This Row],[Meta Cobertura y Visitas]] -> 112
A47: GALAGRO URABA ANT. | B47: Karen Paola Hernández Pacheco | D47: 1 | F47: 1 | K47: Junio | L47: =Tabla18[[#This Row],[Meta Cobertura y Visitas]] -> 0
A48: GALAGRO URABA ANT. | B48: Katherine Bedoya Rodas | F48: 1 | K48: Junio | L48: =Tabla18[[#This Row],[Meta Cobertura y Visitas]] -> 0
A49: GALAGRO URABA ANT. | B49: Stefanía Builes Rodríguez | C49: 89 | D49: 61 | E49: 0.68539326 | F49: 76 | G49: 0.85393258 | H49: 95 | I49: 2 | J49: 0.021052632 | K49: Junio | L49: =Tabla18[[#This Row],[Meta Cobertura y Visitas]] -> 89
A50: GALAGRO URABA ANT. | B50: Yeison Antonio Arenilla Diaz | D50: 1 | F50: 1 | K50: Junio | L50: =Tabla18[[#This Row],[Meta Cobertura y Visitas]] -> 0
A51: GALAGRO VALLE DE ABURRA ANT. | B51: Katherine Bedoya Rodas | C51: 81 | D51: 18 | E51: 0.22222222 | F51: 20 | G51: 0.24691358 | H51: 70 | I51: 3 | J51: 0.042857143 | K51: Junio | L51: =Tabla18[[#This Row],[Meta Cobertura y Visitas]] -> 81
A52: GALAGRO VALLE DE ABURRA ANT. | B52: Stefanía Builes Rodríguez | D52: 1 | F52: 1 | K52: Junio | L52: =Tabla18[[#This Row],[Meta Cobertura y Visitas]] -> 0
A53: GALAGRO CORDOBA ANT. | B53: (Vacante) Karen Paola Hernandez Pacheco | C53: 231 | H53: 10 | K53: Abril | L53: 60
A54: GALAGRO NORTE ANT. | B54: Miguel Andrés León Díaz | C54: 38 | D54: 7 | E54: 0.055555556 | F54: 7 | G54: 0.11666667 | H54: 10 | K54: Abril | L54: 60
A55: GALAGRO OFICINA ANT. | B55: Estefania Osorio Usuga | C55: 4 | D55: 1 | E55: 0.25 | F55: 15 | G55: 0.25 | H55: 10 | K55: Abril | L55: 0
A56: GALAGRO ORIENTE A ANT. | B56: Alexander Marulanda Vera | C56: 214 | D56: 102 | E56: 0.25 | F56: 105 | G56: 1.75 | H56: 10 | I56: 2 | J56: 0.2 | K56: Abril | L56: 60
A57: GALAGRO ORIENTE B ANT. | B57: Brarlyn Steven Garcia Castro | C57: 139 | D57: 20 | E57: 0.1025641 | F57: 16 | G57: 0.26666667 | H57: 10 | K57: Abril | L57: 60
A58: GALAGRO SUROESTE ANT. | B58: John Álvaro Correa Castaño | C58: 265 | D58: 56 | E58: 0.21132075 | F58: 37 | G58: 0.61666667 | H58: 10 | K58: Abril | L58: 60
A59: GALAGRO URABA ANT. | B59: (Vacante) José Eliécer Borja David | C59: 91 | H59: 10 | K59: Abril | L59: 60
A60: GALAGRO VALLE DE ABURRA ANT. | B60: Estefania Osorio Usuga | C60: 4 | D60: 1 | E60: 0.012048193 | F60: 17 | G60: 0.28333333 | H60: 10 | K60: Abril | L60: 60
A61: GALAGRO CORDOBA ANT. | B61: (Vacante) Karen Paola Hernandez Pacheco | C61: 231 | H61: 10 | K61: Mayo | L61: 60
A62: GALAGRO NORTE ANT. | B62: Miguel Andrés León Díaz | C62: 38 | D62: 21 | E62: 0.16666667 | F62: 17 | G62: 0.28333333 | H62: 10 | K62: Mayo | L62: 60
A63: GALAGRO OFICINA ANT. | B63: Estefania Osorio Usuga | C63: 4 | D63: 1 | E63: 0.25 | F63: 22 | G63: 0.36666667 | H63: 10 | K63: Mayo | L63: 0
A64: GALAGRO ORIENTE A ANT. | B64: Alexander Marulanda Vera | C64: 214 | D64: 89 | E64: 0.21813725 | F64: 80 | G64: 1.3333333 | H64: 10 | I64: 2 | J64: 0.2 | K64: Mayo | L64: 60
A65: GALAGRO ORIENTE B ANT. | B65: Brarlyn Steven Garcia Castro | C65: 139 | D65: 47 | E65: 0.24102564 | F65: 40 | G65: 0.66666667 | H65: 10 | K65: Mayo | L65: 60
A66: GALAGRO SUROESTE ANT. | B66: John Álvaro Correa Castaño | C66: 265 | H66: 10 | K66: Mayo | L66: 60
A67: GALAGRO URABA ANT. | B67: (Vacante) José Eliécer Borja David | C67: 91 | H67: 10 | K67: Mayo | L67: 60
A68: GALAGRO VALLE DE ABURRA ANT. | B68: Estefania Osorio Usuga | C68: 4 | D68: 3 | E68: 0.036144578 | F68: 11 | G68: 0.18333333 | H68: 10 | K68: Mayo | L68: 60
A69: GALAGRO CORDOBA ANT. | B69: (Vacante) Karen Paola Hernandez Pacheco | C69: 231 | H69: 10 | K69: Junio | L69: 60
A70: GALAGRO NORTE ANT. | B70: Miguel Andrés León Díaz | C70: 38 | D70: 6 | E70: 0.047619048 | F70: 4 | G70: 0.066666667 | H70: 10 | K70: Junio | L70: 60
A71: GALAGRO OFICINA ANT. | B71: Estefania Osorio Usuga | C71: 4 | D71: 1 | E71: 0.25 | F71: 16 | G71: 0.26666667 | H71: 10 | K71: Junio | L71: 0
A72: GALAGRO ORIENTE A ANT. | B72: Alexander Marulanda Vera | C72: 214 | D72: 95 | E72: 0.23284314 | F72: 83 | G72: 1.3833333 | H72: 10 | I72: 2 | J72: 0.2 | K72: Junio | L72: 60
A73: GALAGRO ORIENTE B ANT. | B73: Brarlyn Steven Garcia Castro | C73: 139 | D73: 20 | E73: 0.1025641 | F73: 16 | G73: 0.26666667 | H73: 10 | K73: Junio | L73: 60
A74: GALAGRO SUROESTE ANT. | B74: John Álvaro Correa Castaño | C74: 265 | H74: 10 | K74: Junio | L74: 60
A75: GALAGRO URABA ANT. | B75: (Vacante) José Eliécer Borja David | C75: 91 | H75: 10 | K75: Junio | L75: 60
A76: GALAGRO VALLE DE ABURRA ANT. | B76: Estefania Osorio Usuga | C76: 4 | D76: 3 | E76: 0.036144578 | F76: 25 | G76: 0.41666667 | H76: 10 | K76: Junio | L76: 60

Sheet X territorio
A1: #VALUE! | D1: Reporte de desempeño comercial - Territorio
D2: Reporte de desempeño comercial | G2: Nombre | H2: Katherine Bedoya Rodas
D3: Resumen trimestral | G3: Cargo: | H3: =VLOOKUP(H2,'Tabla dinam gestion comercial'!M:O,3,0) -> RC GALAGRO VALLE DE ABURRA
D4: Primer trimestre | G4: Territorio: | H4: =VLOOKUP(H2,'Tabla dinam gestion comercial'!M:N,2,0) -> GALAGRO VALLE DE ABURRA ANT.
D5: Abril - junio de 2026 | G5: Empresa: | H5: =VLOOKUP(H2,'Tabla dinam gestion comercial'!M:P,4,0) -> GALAGRO
A6: Resultado global
A7: =SUMPRODUCT($D$14:$D$25, $F$14:$F$25) -> 0.24090596
K8: Valor | L8: =A7*100 -> 24.090596 | M8: =ROUND(L8,0)&"%" -> 24%
K9: Restante | L9: =100-L8 -> 75.909404
K10: Oculto | L10: 100
A11: =IF(A7>=90%,"Excelente",IF(A7>=75%,"Destacado",IF(A7>=59%,"En desarrollo","Crítico"))) -> Crítico
A12: INDICADORES CLAVE
A13: Indicador | D13: Cumplimiento | E13: Meta | F13: Peso | G13: Gestión real x 3 meses | H13: Meta esperada x 3 meses | I13: Criterios de medición
A14: #VALUE! | B14: Ejecución visitas | C14: =IF(D14>=90%,"⬤",IF(D14>=75%,"⬤",IF(D14>=60%,"⬤","⬤"))) -> ⬤ | D14: =IFERROR(MIN(100%,G14/H14),0) -> 0.30496454 | E14: 0.9 | F14: 0.1 | G14: =SUMIFS('Tabla dinam gestion comercial'!$F:$F,'Tabla dinam gestion comercial'!$A:$A,$H$4) -> 129 | H14: =SUMIFS('Tabla dinam gestion comercial'!$L:$L,'Tabla dinam gestion comercial'!$A:$A,$H$4,'Tabla dinam gestion comercial'!$K:$K,"Abril")+SUMIFS('Tabla dinam gestion comercial'!$L:$L,'Tabla dinam gestion comercial'!$A:$A,$H$4,'Tabla dinam gestion comercial'!$K:$K,"Mayo")+SUMIFS('Tabla dinam gestion comercial'!$L:$L,'Tabla dinam gestion comercial'!$A:$A,$H$4,'Tabla dinam gestion comercial'!$K:$K,"Junio") -> 423 | I14: Compara el total de visitas realizadas por los integrantes del territorio frente a la meta acumulada esperada. Cumplir o superar la meta equivale al 100%, y el resultado refleja el cumplimiento global del territorio en los meses evaluados.
A15: #VALUE! | B15: Cobertura clientes | C15: =IF(D15>=90%,"⬤",IF(D15>=75%,"⬤",IF(D15>=60%,"⬤","⬤"))) -> ⬤ | D15: =IFERROR(MIN(100%,G15/H15),0) -> 0.76470588 | E15: 0.9 | F15: 0.1 | G15: =SUMIFS('Tabla dinam gestion comercial'!$D:$D,'Tabla dinam gestion comercial'!$A:$A,$H$4,'Tabla dinam gestion comercial'!$K:$K,"Abril")+SUMIFS('Tabla dinam gestion comercial'!$D:$D,'Tabla dinam gestion comercial'!$A:$A,$H$4,'Tabla dinam gestion comercial'!$K:$K,"Mayo")+SUMIFS('Tabla dinam gestion comercial'!$D:$D,'Tabla dinam gestion comercial'!$A:$A,$H$4,'Tabla dinam gestion comercial'!$K:$K,"Junio") -> 65 | H15: =(SUMIFS('Tabla dinam gestion comercial'!$C:$C,'Tabla dinam gestion comercial'!$A:$A,$H$4,'Tabla dinam gestion comercial'!$K:$K,"Abril")+SUMIFS('Tabla dinam gestion comercial'!$C:$C,'Tabla dinam gestion comercial'!$A:$A,$H$4,'Tabla dinam gestion comercial'!$K:$K,"Mayo")+SUMIFS('Tabla dinam gestion comercial'!$C:$C,'Tabla dinam gestion comercial'!$A:$A,$H$4,'Tabla dinam gestion comercial'!$K:$K,"Junio"))/3 -> 85 | I15: Mide la cobertura promedio mensual de clientes visitados por el territorio frente a la meta asignada. Se suman los clientes visitados por los integrantes del equipo en cada mes y luego se calcula el promedio del período evaluado. La meta de cobertura es mensual y no se acumula entre meses.
A16: #VALUE! | B16: Nuevos clientes | C16: =IF(D16>=90%,"⬤",IF(D16>=75%,"⬤",IF(D16>=60%,"⬤","⬤"))) -> ⬤ | D16: =IFERROR(G16/H16,0) -> 0.15 | E16: 0.9 | F16: 0.1 | G16: =SUMIFS('Tabla dinam gestion comercial'!$I:$I,'Tabla dinam gestion comercial'!$A:$A,$H$4,'Tabla dinam gestion comercial'!$K:$K,"Junio") -> 3 | H16: =ROUNDUP((SUMIFS('Tabla dinam gestion comercial'!$H:$H,'Tabla dinam gestion comercial'!$A:$A,$H$4,'Tabla dinam gestion comercial'!$K:$K,"Abril")+SUMIFS('Tabla dinam gestion comercial'!$H:$H,'Tabla dinam gestion comercial'!$A:$A,$H$4,'Tabla dinam gestion comercial'!$K:$K,"mayo")+SUMIFS('Tabla dinam gestion comercial'!$H:$H,'Tabla dinam gestion comercial'!$A:$A,$H$4,'Tabla dinam gestion comercial'!$K:$K,"Junio"))/12,0) -> 20 | I16: Mide los clientes nuevos y recuperados del territorio que registran gestión o venta. La meta se calcula de forma proporcional al período evaluado, tomando la meta anual dividida entre 12 meses.
A17: Indicador | D17: Cumplimiento | E17: Meta | F17: Peso | G17: Gestión real | H17: Meta acum. período | I17: Criterios de medición
A18: #VALUE! | B18: Recomendados | C18: =IF(D18>=90%,"⬤",IF(D18>=75%,"⬤",IF(D18>=60%,"⬤","⬤"))) -> ⬤ | D18: =IFERROR((G18/H18),"0") -> 0.2585771 | E18: 0.9 | F18: 0.2 | G18: =SUMIFS(Tecnico!$D:$D,Tecnico!$A:$A,$H$4) -> 233603100 | H18: =SUMIFS(Tecnico!$C:$C,Tecnico!$A:$A,$H$4) -> 903417581 | I18: Suma las recomendaciones generadas en el trimestre, y compara ese total contra la meta acumulada del período. El resultado muestra qué porcentaje de la meta trimestral se alcanzó.
A19: #VALUE! | B19: Referencias | C19: =IF(D19>=90%,"⬤",IF(D19>=75%,"⬤",IF(D19>=60%,"⬤","⬤"))) -> ⬤ | D19: =IF(AND(G19=0, H19=0), 100%, IF(G19=0, 0%, G19/H19)) -> 0.10080645 | E19: 0.9 | F19: 0.1 | G19: =SUMIFS(Tecnico!$J:$J,Tecnico!$A:$A,$H$4) -> 25 | H19: =SUMIFS(Tecnico!$H:$H,Tecnico!$A:$A,$H$4)/3 -> 248 | I19: Mide cuántas referencias se gestionaron frente a la meta esperada. Se suman las referencias del trimestre, y se comparan contra la meta promedio.
A20: Indicador | D20: Cumplimiento | E20: Meta | F20: Peso | G20: Gestión real | H20: Meta acum. período | I20: Criterios de medición
A21: #VALUE! | B21: leads calificados | C21: =IF(D21>=90%,"⬤",IF(D21>=75%,"⬤",IF(D21>=60%,"⬤","⬤"))) -> ⬤ | D21: =IF(H21=0,0,IFERROR(G21/H21,0)) -> 0 | E21: 0.9 | F21: 0.1 | G21: =SUMIFS(Leads!$P:$P,Leads!$L:$L,$H$4) -> 0 | H21: {=IFERROR(COUNTA(_xlfn.UNIQUE(_xlfn._xlws.FILTER('Tabla dinam gestion comercial'!$M:$M,(TRIM('Tabla dinam gestion comercial'!$N:$N)=TRIM($H$4))*('Tabla dinam gestion comercial'!$M:$M<>""))))*3,0)} -> 6 | I21: Mide los leads calificados del territorio durante el período evaluado frente a la meta esperada. La meta se calcula según la cantidad de comerciales del territorio y los meses evaluados, permitiendo reflejar tanto la generación como la gestión efectiva de los leads.
A22: #VALUE! | B22: leads calificados a tiempo | C22: =IF(D22>=90%,"⬤",IF(D22>=75%,"⬤",IF(D22>=60%,"⬤","⬤"))) -> ⬤ | D22: =IF(H22=0,0,IFERROR(G22/H22,0)) -> 0 | E22: 0.9 | F22: 0.1 | G22: =SUMIFS(Leads!$P:$P,Leads!$L:$L,$H$4) -> 0 | H22: {=IFERROR(COUNTA(_xlfn.UNIQUE(_xlfn._xlws.FILTER('Tabla dinam gestion comercial'!$M:$M,(TRIM('Tabla dinam gestion comercial'!$N:$N)=TRIM($H$4))*('Tabla dinam gestion comercial'!$M:$M<>""))))*3,0)} -> 6 | I22: Mide los leads calificados a tiempo frente a la meta esperada del período. La meta se calcula según la cantidad de comerciales del territorio y los meses evaluados, permitiendo reflejar tanto la generación esperada como la oportunidad en la gestión.
A23: #VALUE! | B23: Impacto en clientes (actividades de campo) | C23: =IF(D23>=90%,"⬤",IF(D23>=75%,"⬤",IF(D23>=60%,"⬤","⬤"))) -> ⬤ | D23: =MIN(G23/H23,150%) -> 0.57142857 | E23: 0.9 | F23: 0.1 | G23: =IFERROR(COUNTIF('Act Campo'!$Q$2:$Q$974,$H$4),0) -> 2 | H23: =VLOOKUP(H4,'Tabla dinam gestion comercial'!N:S,6,0) -> 3.5 | I23: Mide el cumplimiento de actividades y parcelas realizadas por los promotores del territorio frente a la meta esperada. Por cada promotor se esperan 3 actividades trimestrales y 0,5 parcelas, con reconocimiento máximo hasta el 150%.
A24: #VALUE! | B24: Hectáreas de cultivos impactados | C24: =IF(D24>=90%,"⬤",IF(D24>=75%,"⬤",IF(D24>=60%,"⬤","⬤"))) -> ⬤ | D24: =IFERROR(MIN(G24/H24,150%),0) -> 0 | E24: 0.9 | F24: 0.05 | G24: =SUMIF(Fincas!$B:$B, $H$4, Fincas!$F:$F) -> 0 | H24: =ROUNDUP(SUMIFS('Tabla dinam gestion comercial'!$T:$T,'Tabla dinam gestion comercial'!$N:$N,$H$4,'Tabla dinam gestion comercial'!$O:$O,"*Promotor*")*3,0) -> 90 | I24: Mide las hectáreas gestionadas en el período frente a la meta del territorio. Cada promotor debe gestionar 30 hectáreas mensuales, equivalentes a 90 por trimestre, con reconocimiento de cumplimiento máximo hasta el 150%.
A25: #VALUE! | B25: Cultivos impactados | C25: =IF(D25>=90%,"⬤",IF(D25>=75%,"⬤",IF(D25>=60%,"⬤","⬤"))) -> ⬤ | D25: =IFERROR(MIN(G25/H25, 1.5), 0) -> 0 | E25: 0.9 | F25: 0.05 | G25: =COUNTIFS(Fincas!$B:$B, $H$4, Fincas!$D:$D, "<>") -> 0 | H25: =IFERROR(ROUNDUP(SUMIFS('Tabla dinam gestion comercial'!$U:$U,'Tabla dinam gestion comercial'!$N:$N,$H$4,'Tabla dinam gestion comercial'!$O:$O,"*PROMOTOR*"),0),0) -> 3 | I25: Mide los cultivos gestionados en el período frente a la meta del territorio. Cada promotor debe gestionar mínimo 1 cultivo mensual, equivalente a 3 por trimestre, con reconocimiento de cumplimiento máximo hasta el 150%.
A26: #VALUE! | B26: Gestión de Cultivos Impactados | C26: =IF(D26>=90%,"⬤",IF(D26>=75%,"⬤",IF(D26>=60%,"⬤","⬤"))) -> ⬤ | D26: =(D24+D25)/2 -> 0 | E26: 0.9 | F26: =F24+F25 -> 0.1
A27: #VALUE! | B27: "Enfócate en las oportunidades de mejora y mantén el ritmo en tus fortalezas." ¡Tú puedes alcanzar tus objetivos! | E27: Requiere mejora (<60%) | G27: En desarrollo (60% -74 %) | H27: Bueno (>=75% - 89%) | I27: Excelente (>=90%)
A30: Oportunidades | D30: Fortalezas | G30: Resumen ejecutivo | I30: Plan de acción sugerido
A31: =IF($N$9>=90,"El territorio tiene el reto de sostener la excelencia alcanzada. Mantener el foco, anticipar desviaciones y compartir las buenas prácticas permitirá conservar este nivel de desempeño.",IF($N$9>=75,"El territorio está cerca del nivel excelente. La oportunidad está en cerrar las brechas pendientes y fortalecer los indicadores que pueden impulsar el resultado global.",IF($N$9>=59,"El territorio cuenta con oportunidades claras de mejora. Enfocar los esfuerzos en los indicadores de menor cumplimiento permitirá avanzar con mayor fuerza en el siguiente período.","El territorio tiene una oportunidad importante de recuperación. Priorizar los indicadores críticos, definir acciones concretas y mantener el acompañamiento permitirá retomar el camino hacia la meta."))) -> El territorio tiene una oportunidad importante de recuperación. Priorizar los indicadores críticos, definir acciones concretas y mantener el acompañamiento permitirá retomar el camino hacia la meta. | D31: =IF($N$9>=90,"Durante el segundo trimestre, el territorio consolida una ejecución sobresaliente. Se destacan la estabilidad de los resultados, la continuidad en la gestión y la capacidad para mantener indicadores clave por encima de la meta al cierre del semestre.",IF($N$9>=75,"El cierre del segundo trimestre muestra una gestión favorable del territorio. Se destacan avances sostenidos en indicadores principales y una base de ejecución que permite proyectar mejoras para el tercer trimestre.",IF($N$9>=59,"En el segundo trimestre se identifican puntos de avance que pueden servir como base para la recuperación. Algunos indicadores muestran capacidad de respuesta del territorio y permiten enfocar mejor las acciones del siguiente período.","Aunque el resultado general del segundo trimestre es bajo, se identifican señales puntuales de gestión que deben conservarse. Estos avances permiten reconocer dónde existe capacidad de reacción y desde allí orientar la recuperación del territorio."))) -> Aunque el resultado general del segundo trimestre es bajo, se identifican señales puntuales de gestión que deben conservarse. Estos avances permiten reconocer dónde existe capacidad de reacción y desde allí orientar la recuperación del territorio. | G31: =IF($N$9>=90,"El territorio cierra el trimestre con un desempeño sobresaliente frente a los objetivos definidos. La gestión refleja enfoque, consistencia y capacidad de ejecución. El reto será sostener este nivel y seguir fortaleciendo los indicadores clave.",IF($N$9>=75,"El territorio presenta un resultado positivo y cercano al nivel esperado. Hay avances importantes que deben mantenerse, junto con el fortalecimiento de los indicadores pendientes para avanzar hacia un desempeño excelente.",IF($N$9>=59,"El trimestre muestra avances parciales y oportunidades claras de mejora. Con mayor foco en los indicadores de mayor impacto, el territorio puede fortalecer su resultado en el siguiente período.","El trimestre representa una oportunidad importante para ajustar la gestión del territorio. Priorizar los indicadores críticos y ejecutar acciones concretas permitirá avanzar hacia una mejor recuperación del desempeño."))) -> El trimestre representa una oportunidad importante para ajustar la gestión del territorio. Priorizar los indicadores críticos y ejecutar acciones concretas permitirá avanzar hacia una mejor recuperación del desempeño. | I31: =IF($N$9>=90,"Estandarizar las buenas prácticas del territorio y replicarlas en los indicadores con mayor impacto. Mantener seguimiento preventivo mensual, revisar alertas tempranas y asegurar continuidad en la ejecución comercial.",IF($N$9>=75,"Construir un plan de cierre de brechas para los indicadores que aún no alcanzan el nivel excelente. Definir responsables, acciones puntuales por indicador y fechas de revisión para mejorar el resultado del siguiente período.",IF($N$9>=59,"Implementar un plan de refuerzo para el territorio. Priorizar los indicadores con menor cumplimiento, organizar una agenda semanal de gestión y hacer seguimiento a los avances con responsables definidos.","Activar un plan de recuperación del territorio con seguimiento semanal. Concentrar la gestión en los indicadores críticos, definir responsables por frente de trabajo, revisar causas del bajo resultado y establecer compromisos de mejora medibles."))) -> Activar un plan de recuperación del territorio con seguimiento semanal. Concentrar la gestión en los indicadores críticos, definir responsables por frente de trabajo, revisar causas del bajo resultado y establecer compromisos de mejora medibles.

Sheet mensual
A1: #VALUE! | C1: Reporte de desempeño comercial - Individual
C2: Reporte de desempeño comercial | H2: Nombre: | J2: Estefania Osorio Usuga
C3: Resumen trimestral | H3: Cargo: | J3: =VLOOKUP(J2,'Tabla dinam gestion comercial'!M:O,3,0) -> PROMOTOR GALAGRO VALLE DE ABURRA
C4: Trimestre 2 | H4: Territorio: | J4: =VLOOKUP(J2,'Tabla dinam gestion comercial'!M:N,2,0) -> GALAGRO VALLE DE ABURRA ANT.
C5: Abril - junio de 2026 | H5: Empresa: | J5: =VLOOKUP(J2,'Tabla dinam gestion comercial'!M:P,4,0) -> GALAGRO
A7: Resultado global
A8: =SUMPRODUCT($D$15:$D$26, $F$15:$F$26) -> 0.27782781
M9: Valor | N9: =A8*100 -> 27.782781 | O9: =ROUND(N9,0)&"%" -> 28%
M10: Restante | N10: =100-N9 -> 72.217219
M11: Oculto | N11: 100
A12: =IF(A8>=90%,"Excelente",IF(A8>=75%,"Destacado",IF(A8>=59%,"En desarrollo","Crítico"))) -> Crítico
A13: Indicadores clave
A14: Indicador | D14: Resultado trimestre | E14: Meta | F14: Peso | G14: Gestión abril | H14: Gestión mayo | I14: Gestión junio | J14: Meta esperada prom. mes | K14: Criterios de medición
A15: #VALUE! | B15: Ejecución visitas | C15: =IF(D15>=90%,"⬤",IF(D15>=75%,"⬤",IF(D15>=60%,"⬤","⬤"))) -> ⬤ | D15: =IFERROR(MIN(100%,SUM(G15:I15)/($J15*3)),0) -> 0.58888889 | E15: 0.9 | F15: 0.1 | G15: =SUMIFS( 'Tabla dinam gestion comercial'!$F:$F, 'Tabla dinam gestion comercial'!$B:$B,$J$2, 'Tabla dinam gestion comercial'!$K:$K,"Abril" ) -> 32 | H15: =SUMIFS( 'Tabla dinam gestion comercial'!$F:$F, 'Tabla dinam gestion comercial'!$B:$B,$J$2, 'Tabla dinam gestion comercial'!$K:$K,"Mayo" ) -> 33 | I15: =SUMIFS( 'Tabla dinam gestion comercial'!$F:$F, 'Tabla dinam gestion comercial'!$B:$B,$J$2, 'Tabla dinam gestion comercial'!$K:$K,"Junio" ) -> 41 | J15: =MIN(2000,SUMIFS('Tabla dinam gestion comercial'!$L:$L,'Tabla dinam gestion comercial'!$B:$B,$J$2)/3) -> 60 | K15: Mide el cumplimiento acumulado de visitas del período. Se suman las visitas realizadas en los tres meses y se comparan contra la meta mensual multiplicada por el número de meses evaluados.
A16: #VALUE! | B16: Cobertura clientes | C16: =IF(D16>=90%,"⬤",IF(D16>=75%,"⬤",IF(D16>=60%,"⬤","⬤"))) -> ⬤ | D16: =IFERROR(MIN(100%,SUM(G16:I16)/($J16*3)),0) -> 1 | E16: 0.9 | F16: 0.1 | G16: =SUMIFS('Tabla dinam gestion comercial'!$D:$D,'Tabla dinam gestion comercial'!$B:$B,$J$2,'Tabla dinam gestion comercial'!$K:$K,"Abril") -> 2 | H16: =SUMIFS('Tabla dinam gestion comercial'!$D:$D,'Tabla dinam gestion comercial'!$B:$B,$J$2,'Tabla dinam gestion comercial'!$K:$K,"Mayo") -> 4 | I16: =SUMIFS('Tabla dinam gestion comercial'!$D:$D,'Tabla dinam gestion comercial'!$B:$B,$J$2,'Tabla dinam gestion comercial'!$K:$K,"Junio") -> 4 | J16: =IFERROR(SUMIFS('Tabla dinam gestion comercial'!$C$2:$C$84,'Tabla dinam gestion comercial'!$B$2:$B$84,$J$2)/3,0)/3 -> 2.6666667 | K16: Mide el cumplimiento acumulado. Se suman las visitas realizadas en los tres meses y se comparan contra la meta esperada para el trimestre. Si el resultado supera la meta, el cumplimiento máximo reconocido es del 100%.
A17: #VALUE! | B17: Nuevos clientes | C17: =IF(D17>=90%,"⬤",IF(D17>=75%,"⬤",IF(D17>=60%,"⬤","⬤"))) -> ⬤ | D17: =IFERROR(AVERAGE(G17/J17,H17/J17,I17/J17),0) -> 0 | E17: 0.9 | F17: 0.1 | G17: =SUMIFS('Tabla dinam gestion comercial'!$I:$I,'Tabla dinam gestion comercial'!$B:$B,$J$2,'Tabla dinam gestion comercial'!$K:$K,"*Abril*") -> 0 | H17: =SUMIFS('Tabla dinam gestion comercial'!$I:$I,'Tabla dinam gestion comercial'!$B:$B,$J$2,'Tabla dinam gestion comercial'!$K:$K,"*Mayo*") -> 0 | I17: =SUMIFS('Tabla dinam gestion comercial'!$I:$I,'Tabla dinam gestion comercial'!$B:$B,$J$2,'Tabla dinam gestion comercial'!$K:$K,"*Junio*") -> 0 | J17: =ROUNDUP(SUMIFS('Tabla dinam gestion comercial'!$H:$H,'Tabla dinam gestion comercial'!$B:$B,$J$2)/12,0) -> 5 | K17: Cuenta clientes nuevos y recuperados que registran una gestión o una venta durante el período. El resultado toma el total acumulado alcanzado y lo compara contra la meta esperada.
A18: Indicador | D18: Resultado trimestre | E18: Meta | F18: Peso | G18: Gestión abril | H18: Gestión mayo | I18: Gestión junio | J18: Meta acum. período | K18: Criterios de medición
A19: #VALUE! | B19: Recomendaciones | C19: =IF(D19>=90%,"⬤",IF(D19>=75%,"⬤",IF(D19>=60%,"⬤","⬤"))) -> ⬤ | D19: =IFERROR(MIN(150%,SUM(G19:I19)/J19),0) -> 0.2585771 | E19: 0.9 | F19: 0.2 | G19: =SUMIFS(Tecnico!$D:$D,Tecnico!$A:$A,$J$4,Tecnico!$K:$K,"Abril") -> 0 | H19: =SUMIFS(Tecnico!$D:$D,Tecnico!$A:$A,$J$4,Tecnico!$K:$K,"Mayo") -> 0 | I19: =SUMIFS(Tecnico!$D:$D,Tecnico!$A:$A,$J$4,Tecnico!$K:$K,"Junio") -> 233603100 | J19: =SUMIFS(Tecnico!$C:$C,Tecnico!$A:$A,$J$4) -> 903417581 | K19: Suma las recomendaciones generadas durante el período evaluado y compara ese total contra la meta acumulada. El resultado muestra el porcentaje de cumplimiento alcanzado frente a la meta del trimestre.
A20: #VALUE! | B20: Referencias | C20: =IF(D20>=90%,"⬤",IF(D20>=75%,"⬤",IF(D20>=60%,"⬤","⬤"))) -> ⬤ | D20: =IFERROR(((G20+H20+I20)/J20),"0") -> 0.10080645 | E20: 0.9 | F20: 0.1 | G20: =SUMIFS(Tecnico!$J:$J,Tecnico!$A:$A,$J$4,Tecnico!$K:$K,"Abril") -> 0 | H20: =SUMIFS(Tecnico!$J:$J,Tecnico!$A:$A,$J$4,Tecnico!$K:$K,"Mayo") -> 0 | I20: =SUMIFS(Tecnico!$J:$J,Tecnico!$A:$A,$J$4,Tecnico!$K:$K,"Junio") -> 25 | J20: =SUMIFS(Tecnico!$H:$H,Tecnico!$A:$A,$J$4)/3 -> 248 | K20: Mide el cumplimiento de referencias gestionadas frente a la meta esperada del período. Se suman las referencias generadas en los meses evaluados y se comparan contra la meta (SKU activas). El resultado muestra el porcentaje de cumplimiento alcanzado.
A21: Indicador | D21: Resultado trimestre | E21: Meta | F21: Peso | G21: Gestión abril | H21: Gestión mayo | I21: Gestión junio | J21: Meta acum. período | K21: Criterios de medición
A22: #VALUE! | B22: Leads calificados | C22: =IF(D22>=90%,"⬤",IF(D22>=75%,"⬤",IF(D22>=60%,"⬤","⬤"))) -> ⬤ | D22: =IFERROR(SUM(G22:I22)/J22,0%) -> 0 | E22: 0.9 | F22: 0.1 | G22: =IFERROR(SUMIFS(Leads!$D:$D,Leads!$C:$C,$J$2,Leads!$I:$I,"Abril"),0) -> 0 | H22: =IFERROR(SUMIFS(Leads!$D:$D,Leads!$C:$C,$J$2,Leads!$I:$I,"Mayo"),0) -> 0 | I22: =IFERROR(SUMIFS(Leads!$D:$D,Leads!$C:$C,$J$2,Leads!$I:$I,"Junio"),0) -> 0 | J22: =MAX(1,IFERROR(SUMIFS(Leads!$D:$D,Leads!$C:$C,$J$2,Leads!$I:$I,"Enero"),0))+MAX(1,IFERROR(SUMIFS(Leads!$D:$D,Leads!$C:$C,$J$2,Leads!$I:$I,"Febrero"),0))+MAX(1,IFERROR(SUMIFS(Leads!$D:$D,Leads!$C:$C,$J$2,Leads!$I:$I,"Marzo"),0)) -> 3 | K22: Mide la generación de leads frente a la meta esperada. La meta considera mínimo 1 lead por mes evaluado y aumenta según los leads generados, con el fin de incentivar la creación constante de oportunidades comerciales. Si no se generan leads, el cumplimiento es 0%.
A23: #VALUE! | B23: Leads calificados a tiempo | C23: =IF(D23>=90%,"⬤",IF(D23>=75%,"⬤",IF(D23>=60%,"⬤","⬤"))) -> ⬤ | D23: =IFERROR(SUM(G23:I23)/J23,0%) -> 0 | E23: 0.9 | F23: 0.1 | G23: =IFERROR(SUMIFS(Leads!$E:$E,Leads!$C:$C,$J$2,Leads!$I:$I,"Abril"),0) -> 0 | H23: =IFERROR(SUMIFS(Leads!$E:$E,Leads!$C:$C,$J$2,Leads!$I:$I,"Mayo"),0) -> 0 | I23: =IFERROR(SUMIFS(Leads!$E:$E,Leads!$C:$C,$J$2,Leads!$I:$I,"Junio"),0) -> 0 | J23: =MAX(1,IFERROR(SUMIFS(Leads!$D:$D,Leads!$C:$C,$J$2,Leads!$I:$I,"Enero"),0))+MAX(1,IFERROR(SUMIFS(Leads!$D:$D,Leads!$C:$C,$J$2,Leads!$I:$I,"Febrero"),0))+MAX(1,IFERROR(SUMIFS(Leads!$D:$D,Leads!$C:$C,$J$2,Leads!$I:$I,"Marzo"),0)) -> 3 | K23: Mide el porcentaje de leads que fueron calificados dentro del tiempo establecido (48 horas después de generado). Se compara la cantidad de leads calificados oportunamente frente al total de leads que debían ser gestionados en el período.
A24: #VALUE! | B24: Impacto en clientes (Actividades de campo) | C24: =IF(D24>=90%,"⬤",IF(D24>=75%,"⬤",IF(D24>=60%,"⬤","⬤"))) -> ⬤ | D24: =MIN(IFERROR(SUM(G24:I24)/J24,0%),150%) -> 0.57142857 | E24: 0.9 | F24: 0.1 | G24: {=SUMPRODUCT((TRIM(CLEAN('Act Campo'!$Q$2:$Q$974))=TRIM(CLEAN($J$4)))*(LOWER(TRIM(CLEAN('Act Campo'!$AF$2:$AF$974)))="abril"))} -> 2 | H24: =COUNTIFS('Act Campo'!$Q$2:$Q$974,$J$4,'Act Campo'!$AF$2:$AF$974,"Mayo") -> 0 | I24: =COUNTIFS('Act Campo'!$Q$2:$Q$974,$J$4,'Act Campo'!$AF$2:$AF$974,"Junio") -> 0 | J24: =IFERROR(VLOOKUP(J2,'Tabla dinam gestion comercial'!$M:$S,7,0),0) -> 3.5 | K24: Mide el cumplimiento de actividades y parcelas frente a la meta del territorio. Por cada promotor se esperan 3 actividades trimestrales y 0,5 parcelas, con reconocimiento máximo hasta el 150%.
A25: #VALUE! | B25: Hectáreas de cultivos impactados | C25: =IF(D25>=90%,"⬤",IF(D25>=75%,"⬤",IF(D25>=60%,"⬤","⬤"))) -> ⬤ | D25: =MIN(IFERROR(SUM(G25:I25)/J25,0%),150%) -> 0 | E25: 0.9 | F25: 0.05 | G25: =SUMIFS(Fincas!$F:$F,Fincas!$B:$B,$J$4,Fincas!$G:$G,"Abril") -> 0 | H25: =SUMIFS(Fincas!$F:$F,Fincas!$B:$B,$J$4,Fincas!$G:$G,"Mayo") -> 0 | I25: =SUMIFS(Fincas!$F:$F,Fincas!$B:$B,$J$4,Fincas!$G:$G,"Junio") -> 0 | J25: =ROUNDUP(_xlfn.MAXIFS('Tabla dinam gestion comercial'!$T:$T,'Tabla dinam gestion comercial'!$M:$M,$J$2)*3,0) -> 90 | K25: Mide las hectáreas gestionadas en el período frente a la meta del territorio. Cada promotor debe gestionar 30 hectáreas mensuales, equivalentes a 90 por trimestre, con reconocimiento de cumplimiento máximo hasta el 150%.
A26: #VALUE! | B26: Cultivos impactados | C26: =IF(D26>=90%,"⬤",IF(D26>=75%,"⬤",IF(D26>=60%,"⬤","⬤"))) -> ⬤ | D26: =MIN(IFERROR(SUM(G26:I26)/J26,0%),150%) -> 0 | E26: 0.9 | F26: 0.05 | G26: =COUNTIFS(Fincas!$B:$B,$J$4,Fincas!$D:$D,"<>",Fincas!$G:$G,"Abril") -> 0 | H26: =COUNTIFS(Fincas!$B:$B,$J$4,Fincas!$D:$D,"<>",Fincas!$G:$G,"Mayo") -> 0 | I26: =COUNTIFS(Fincas!$B:$B,$J$4,Fincas!$D:$D,"<>",Fincas!$G:$G,"Junio") -> 0 | J26: =ROUNDUP(SUMIFS('Tabla dinam gestion comercial'!$U:$U,'Tabla dinam gestion comercial'!$M:$M,$J$2),0) -> 3 | K26: Mide los cultivos gestionados en el período frente a la meta del territorio. Cada promotor debe gestionar mínimo 1 cultivo mensual, equivalente a 3 por trimestre, con reconocimiento de cumplimiento máximo hasta el 150%.
A27: #VALUE! | B27: Gestión de Cultivos Impactados | C27: =IF(D27>=90%,"⬤",IF(D27>=75%,"⬤",IF(D27>=60%,"⬤","⬤"))) -> ⬤ | D27: =(D25+D26)/2 -> 0 | E27: 0.9
A28: #VALUE! | B28: "Enfócate en las oportunidades de mejora y mantén el ritmo en tus fortalezas." ¡Tú puedes alcanzar tus objetivos! | G28: Requiere mejora (<60%) | H28: En desarrollo (60% - 74%) | J28: Bueno (>=75% - 89%) | K28: Excelente (>=90%)
A31: Oportunidades | D31: Fortalezas | H31: Resumen ejecutivo | K31: Plan de acción sugerido
A32: =IF($N$9>=90,"El reto para el siguiente período es sostener el nivel alcanzado y evitar desviaciones. Se recomienda revisar los indicadores cercanos al límite y mantener seguimiento sobre los frentes de mayor impacto.",IF($N$9>=75,"La principal oportunidad está en cerrar las brechas que impiden llegar al nivel excelente. Para el tercer trimestre, será clave reforzar la ejecución y dar seguimiento a los indicadores pendientes.",IF($N$9>=59,"El cierre del semestre evidencia brechas que deben atenderse con prioridad. Se recomienda concentrar la gestión en los indicadores de menor cumplimiento y ajustar la planificación del siguiente trimestre.","El resultado exige una recuperación enfocada para el tercer trimestre. Es necesario priorizar los indicadores críticos, definir responsables y realizar seguimiento frecuente a las acciones de mejora."))) -> El resultado exige una recuperación enfocada para el tercer trimestre. Es necesario priorizar los indicadores críticos, definir responsables y realizar seguimiento frecuente a las acciones de mejora. | D32: =IF($N$9>=90,"Se consolidan fortalezas importantes en la gestión del territorio. El resultado refleja disciplina, continuidad en la ejecución y buen desempeño en los indicadores de mayor impacto durante el cierre del semestre.",IF($N$9>=75,"El trimestre muestra una base de gestión positiva. Se evidencian avances en indicadores clave y una ejecución que permite proyectar un mejor desempeño para el siguiente período.",IF($N$9>=59,"Aunque persisten oportunidades de mejora, se identifican avances que pueden servir como punto de apoyo para el cierre de brechas. La gestión debe concentrarse en replicar los indicadores con mejor comportamiento.","A pesar del resultado bajo, algunos indicadores muestran señales de avance. Estos puntos deben tomarse como base para orientar la recuperación y enfocar mejor la gestión del siguiente trimestre."))) -> A pesar del resultado bajo, algunos indicadores muestran señales de avance. Estos puntos deben tomarse como base para orientar la recuperación y enfocar mejor la gestión del siguiente trimestre. | H32: =IF($N$9>=90,"El segundo trimestre cierra con un resultado destacado y una gestión consistente frente a los objetivos. El foco para el siguiente período será conservar la disciplina, proteger los indicadores de mayor impacto y sostener el desempeño alcanzado.",IF($N$9>=75,"El trimestre muestra un avance favorable y una gestión cercana al nivel esperado. Para el siguiente período, será clave cerrar las brechas pendientes, reforzar la ejecución comercial y mantener mayor regularidad en los indicadores.",IF($N$9>=59,"El resultado evidencia avances parciales, pero aún requiere mayor consistencia en la gestión. El cierre del semestre debe servir para ajustar prioridades, fortalecer el seguimiento y enfocar los esfuerzos en los indicadores con menor cumplimiento.","El cierre del segundo trimestre muestra desviaciones relevantes frente a la meta. Se requiere revisar la gestión del período, identificar las causas principales y activar acciones concretas para recuperar el desempeño en el siguiente trimestre."))) -> El cierre del segundo trimestre muestra desviaciones relevantes frente a la meta. Se requiere revisar la gestión del período, identificar las causas principales y activar acciones concretas para recuperar el desempeño en el siguiente trimestre. | K32: =IF($N$9>=90,"Mantener el nivel alcanzado durante el cierre del semestre. Revisar indicadores sensibles, asegurar continuidad en las buenas prácticas y preparar acciones preventivas para el tercer trimestre.",IF($N$9>=75,"Cerrar las brechas que aún limitan el paso al nivel excelente. Definir acciones concretas, responsables y fechas de seguimiento para fortalecer el desempeño del tercer trimestre.",IF($N$9>=59,"Reajustar el plan de trabajo para el siguiente trimestre. Priorizar los indicadores con menor avance, fortalecer la planificación semanal y hacer seguimiento a los compromisos definidos.","Activar un plan de recuperación para el tercer trimestre. Priorizar los indicadores críticos, definir responsables, solicitar acompañamiento y realizar seguimiento semanal."))) -> Activar un plan de recuperación para el tercer trimestre. Priorizar los indicadores críticos, definir responsables, solicitar acompañamiento y realizar seguimiento semanal.

Sheet Trimestre
A1: #VALUE! | D1: Reporte de desempeño comercial - Territorio
D2: Reporte De Desempeño Comercial | G2: Nombre | H2: Brarlyn Steven Garcia Castro
D3: Resumen Trimestral | G3: Cargo: | H3: =VLOOKUP(H2,'Tabla dinam gestion comercial'!M:O,3,0) -> PROMOTOR GALAGRO ORIENTE B ANT
D4: Trimestre 1 | G4: Territorio | H4: =VLOOKUP(H2,'Tabla dinam gestion comercial'!M:N,2,0) -> GALAGRO ORIENTE B ANT.
D5: Abril - junio de 2026 | G5: Empresa: | H5: =VLOOKUP(H2,'Tabla dinam gestion comercial'!M:P,4,0) -> GALAGRO
A6: Resultado Global
A7: =SUMPRODUCT($D$14:$D$24, $F$14:$F$24) -> 0.25570164
J8: Valor | K8: =A7*100 -> 25.570164 | L8: =ROUND(K8,0)&"%" -> 26%
J9: Restante | K9: =100-K8 -> 74.429836
J10: Oculto | K10: 100
A11: =IF(A7>=90%,"Excelente",IF(A7>=75%,"Destacado",IF(A7>=59%,"En desarrollo","Crítico"))) -> Crítico
A12: INDICADORES CLAVE
A13: Indicador | D13: Cumplimiento | E13: Meta | F13: Peso | G13: Gestión real Prom X 3 meses | H13: Meta Esperada prom mes | I13: Criterios de medición
A14: #VALUE! | B14: Ejecución Visitas | C14: =IF(D14>=90%,"⬤",IF(D14>=75%,"⬤",IF(D14>=60%,"⬤","⬤"))) -> ⬤ | D14: =IFERROR(MIN(100%,G14/H14),0) -> 0.4 | E14: 0.9 | F14: 0.1 | G14: =IFERROR(SUMIFS('Tabla dinam gestion comercial'!$F:$F,'Tabla dinam gestion comercial'!$B:$B,$H$2)/3,0) -> 24 | H14: =MIN(2000,SUMIFS('Tabla dinam gestion comercial'!$L:$L,'Tabla dinam gestion comercial'!$B:$B,$H$2)/3) -> 60 | I14: Compara las visitas realizadas con la meta mensual. Cumplir o superar la meta equivale a 100%. El resultado es el promedio de los meses evaluados.
A15: #VALUE! | B15: Cobertura Clientes | C15: =IF(D15>=90%,"⬤",IF(D15>=75%,"⬤",IF(D15>=60%,"⬤","⬤"))) -> ⬤ | D15: =IFERROR(MIN(100%,G15/H15),0) -> 0.62589928 | E15: 0.9 | F15: 0.1 | G15: =IFERROR(SUMIFS('Tabla dinam gestion comercial'!$D:$D,'Tabla dinam gestion comercial'!$B:$B,$H$2)/3,0) -> 29 | H15: =IFERROR(SUMIFS('Tabla dinam gestion comercial'!$C$2:$C$84,'Tabla dinam gestion comercial'!$B$2:$B$84,$H$2)/3,0)/3 -> 46.333333 | I15: Mide cuántos clientes del territorio fueron visitados frente a la meta mensual asignada. Se calcula con el promedio de clientes visitados durante los meses evaluados y se compara contra la meta de cobertura. La meta no se acumula entre meses.
A16: #VALUE! | B16: Nuevos Clientes | C16: =IF(D16>=90%,"⬤",IF(D16>=75%,"⬤",IF(D16>=60%,"⬤","⬤"))) -> ⬤ | D16: =G16/H16 -> 0 | E16: 0.9 | F16: 0.1 | G16: =SUMIFS('Tabla dinam gestion comercial'!$I:$I,'Tabla dinam gestion comercial'!$B:$B,$H$2)/3 -> 0 | H16: =ROUNDUP(SUMIFS('Tabla dinam gestion comercial'!$H:$H,'Tabla dinam gestion comercial'!$B:$B,$H$2)/12,0) -> 3 | I16: Cuenta los clientes recuperados y los clientes nuevos que registran una gestión o una venta. La meta mensual corresponde a la meta anual dividida entre 12 meses.
A17: Indicador | D17: Cumplimiento | E17: Meta | F17: Peso | G17: Gestión Real | H17: Meta acum. período | I17: Criterios de medición
A18: #VALUE! | B18: Recomendados | C18: =IF(D18>=90%,"⬤",IF(D18>=75%,"⬤",IF(D18>=60%,"⬤","⬤"))) -> ⬤ | D18: =IFERROR((G18/H18),"0") -> 0.00031917001 | E18: 0.9 | F18: 0.2 | G18: =SUMIFS(Tecnico!$D:$D,Tecnico!$A:$A,$H$4) -> 936500 | H18: =SUMIFS(Tecnico!$C:$C,Tecnico!$A:$A,$H$4) -> 2934172884 | I18: Suma las recomendaciones generadas en enero, febrero y marzo, y compara ese total contra la meta acumulada del período. El resultado muestra qué porcentaje de la meta trimestral se alcanzó.
A19: #VALUE! | B19: Referencias | C19: =IF(D19>=90%,"⬤",IF(D19>=75%,"⬤",IF(D19>=60%,"⬤","⬤"))) -> ⬤ | D19: =IF(AND(G19=0, H19=0), 100%, IF(G19=0, 0%, G19/H19)) -> 0.02016129 | E19: 0.9 | F19: 0.1 | G19: =SUMIFS(Tecnico!$J:$J,Tecnico!$A:$A,$H$4) -> 5 | H19: =SUMIFS(Tecnico!$H:$H,Tecnico!$A:$A,$H$4)/3 -> 248 | I19: Mide cuántas referencias se gestionaron frente a la meta esperada. Se suman las referencias de enero, febrero y marzo, y se comparan contra la meta promedio del trimestre.
A20: #VALUE! | B20: leads Calificados | C20: =IF(D20>=90%,"⬤",IF(D20>=75%,"⬤",IF(D20>=60%,"⬤","⬤"))) -> ⬤ | D20: =IF(H20=0,0,IFERROR(G20/H20,0)) -> 0 | E20: 0.9 | F20: 0.1 | G20: =IFERROR(VLOOKUP(H2,Leads!C:H,2,0),"0") -> 0 | H20: =MAX(1,IFERROR(SUMIFS(Leads!$D:$D,Leads!$C:$C,$H$2,Leads!$I:$I,"Enero"),0))+MAX(1,IFERROR(SUMIFS(Leads!$D:$D,Leads!$C:$C,$H$2,Leads!$I:$I,"Febrero"),0))+MAX(1,IFERROR(SUMIFS(Leads!$D:$D,Leads!$C:$C,$H$2,Leads!$I:$I,"Marzo"),0)) -> 3 | I20: Mide cuántos de los leads creados en el período fueron gestionados. El resultado corresponde al porcentaje de atención sobre el total de leads generados.
A21: #VALUE! | B21: leads Calificados A Tiempo | C21: =IF(D21>=90%,"⬤",IF(D21>=75%,"⬤",IF(D21>=60%,"⬤","⬤"))) -> ⬤ | D21: =IF(H21=0,0,IFERROR(G21/H21,0)) -> 0 | E21: 0.9 | F21: 0.1 | G21: =IFERROR(VLOOKUP(H2,Leads!$K:$P,6,0),0) -> 0 | H21: =MAX(1,IFERROR(SUMIFS(Leads!$D:$D,Leads!$C:$C,$H$2,Leads!$I:$I,"Enero"),0))+MAX(1,IFERROR(SUMIFS(Leads!$D:$D,Leads!$C:$C,$H$2,Leads!$I:$I,"Febrero"),0))+MAX(1,IFERROR(SUMIFS(Leads!$D:$D,Leads!$C:$C,$H$2,Leads!$I:$I,"Marzo"),0)) -> 3 | I21: Mide el porcentaje de leads que fueron calificados dentro del tiempo establecido. Se compara la cantidad de leads calificados oportunamente frente al total de leads que debían ser gestionados en el período.
A22: #VALUE! | B22: Impacto en clientes (Actividades de Campo) | C22: =IF(D22>=90%,"⬤",IF(D22>=75%,"⬤",IF(D22>=60%,"⬤","⬤"))) -> ⬤ | D22: =MIN(G22/H22,150%) -> 0.57142857 | E22: 0.9 | F22: 0.1 | G22: =COUNTIFS('Act Campo'!$Q$2:$Q$974,$H$4,'Act Campo'!$AF$2:$AF$974,"Abril") +COUNTIFS('Act Campo'!$Q$2:$Q$974,$H$4,'Act Campo'!$AF$2:$AF$974,"Mayo") +COUNTIFS('Act Campo'!$Q$2:$Q$974,$H$4,'Act Campo'!$AF$2:$AF$974,"Junio") -> 2 | H22: =VLOOKUP(H4,'Tabla dinam gestion comercial'!N:S,6,0) -> 3.5 | I22: Mide el cumplimiento de actividades y parcelas frente a la meta del territorio. Por cada promotor se esperan 3 actividades trimestrales y 0,5 parcelas, con reconocimiento máximo hasta el 150%
A23: #VALUE! | B23: Hectareas Cultivos impactados | C23: =IF(D23>=90%,"⬤",IF(D23>=75%,"⬤",IF(D23>=60%,"⬤","⬤"))) -> ⬤ | D23: =MIN(G23/H23,150%) -> 0.37777778 | E23: 0.9 | F23: 0.05 | G23: =SUMIF(Fincas!$B:$B, $H$4, Fincas!$F:$F) -> 34 | H23: =ROUNDUP(_xlfn.MAXIFS('Tabla dinam gestion comercial'!$T:$T,'Tabla dinam gestion comercial'!$M:$M,$H$2)*3,0) -> 90 | I23: Mide las hectáreas gestionadas en el período frente a la meta del territorio. Cada promotor debe gestionar 30 hectáreas mensuales, equivalentes a 90 por trimestre, con reconocimiento de cumplimiento máximo hasta el 150%.
A24: #VALUE! | B24: Cultivos impactados | C24: =IF(D24>=90%,"⬤",IF(D24>=75%,"⬤",IF(D24>=60%,"⬤","⬤"))) -> ⬤ | D24: =IFERROR(MIN(G24/H24, 1.5), 0) -> 1.5 | E24: 0.9 | F24: 0.05 | G24: =COUNTIFS(Fincas!$B:$B, $H$4, Fincas!$D:$D, "<>") -> 7 | H24: =ROUNDUP(SUMIFS('Tabla dinam gestion comercial'!$U:$U,'Tabla dinam gestion comercial'!$M:$M,$H$2),0) -> 3 | I24: Mide los cultivos gestionados en el período frente a la meta del territorio. Cada promotor debe gestionar mínimo 1 cultivo mensual, equivalente a 3 por trimestre, con reconocimiento de cumplimiento máximo hasta el 150%.
A25: #VALUE! | B25: "Enfocate en las oportunidades de mejora y mantén el ritmo en tus fortalezas." ¡Tu puedes alcanzar tus objetivos! | E25: Requiere mejora (<60%) | G25: En Desarrollo (60% - 74 %) | H25: Bueno (>=75% - 89%) | I25: Excelente (>=90%)
A28: Oportunidades | D28: Fortalezas | G28: Resumen Ejecutivo | I28: Plan de acción sugerido
A29: =IF($L$8>=90,"El reto del territorio es sostener el nivel alcanzado y anticipar posibles desviaciones. Se recomienda revisar los indicadores cercanos al límite y mantener control sobre los frentes de mayor impacto.",IF($L$8>=75,"La principal oportunidad está en cerrar las brechas que impiden llegar al nivel excelente. Es clave ajustar la ejecución del territorio y priorizar los indicadores pendientes.",IF($L$8>=59,"El territorio debe concentrarse en los indicadores con menor cumplimiento. Reforzar la planificación, priorizar acciones de impacto y hacer seguimiento a los compromisos permitirá mejorar el resultado general.", "La prioridad del territorio es recuperar los indicadores críticos. Se requiere definir acciones concretas, responsables y seguimiento frecuente para mejorar el cumplimiento."))) -> El reto del territorio es sostener el nivel alcanzado y anticipar posibles desviaciones. Se recomienda revisar los indicadores cercanos al límite y mantener control sobre los frentes de mayor impacto. | D29: =IF($N$9>=90,"Se consolidan fortalezas importantes en la gestión del territorio. El resultado refleja disciplina, continuidad en la ejecución y buen desempeño en los indicadores de mayor impacto durante el cierre del semestre.",IF($N$9>=75,"El trimestre muestra una base de gestión positiva. Se evidencian avances en indicadores clave y una ejecución que permite proyectar un mejor desempeño para el siguiente período.",IF($N$9>=59,"Aunque persisten oportunidades de mejora, se identifican avances que pueden servir como punto de apoyo para el cierre de brechas. La gestión debe concentrarse en replicar los indicadores con mejor comportamiento.","A pesar del resultado bajo, algunos indicadores muestran señales de avance. Estos puntos deben tomarse como base para orientar la recuperación y enfocar mejor la gestión del siguiente trimestre."))) -> A pesar del resultado bajo, algunos indicadores muestran señales de avance. Estos puntos deben tomarse como base para orientar la recuperación y enfocar mejor la gestión del siguiente trimestre. | G29: =IF($N$9>=90,"El segundo trimestre cierra con un resultado destacado y una gestión consistente frente a los objetivos. El foco para el siguiente período será conservar la disciplina, proteger los indicadores de mayor impacto y sostener el desempeño alcanzado.",IF($N$9>=75,"El trimestre muestra un avance favorable y una gestión cercana al nivel esperado. Para el siguiente período, será clave cerrar las brechas pendientes, reforzar la ejecución comercial y mantener mayor regularidad en los indicadores.",IF($N$9>=59,"El resultado evidencia avances parciales, pero aún requiere mayor consistencia en la gestión. El cierre del semestre debe servir para ajustar prioridades, fortalecer el seguimiento y enfocar los esfuerzos en los indicadores con menor cumplimiento.","El cierre del segundo trimestre muestra desviaciones relevantes frente a la meta. Se requiere revisar la gestión del período, identificar las causas principales y activar acciones concretas para recuperar el desempeño en el siguiente trimestre."))) -> El cierre del segundo trimestre muestra desviaciones relevantes frente a la meta. Se requiere revisar la gestión del período, identificar las causas principales y activar acciones concretas para recuperar el desempeño en el siguiente trimestre. | I29: =IF($N$9>=90,"Mantener el nivel alcanzado durante el cierre del semestre. Revisar indicadores sensibles, asegurar continuidad en las buenas prácticas y preparar acciones preventivas para el tercer trimestre.",IF($N$9>=75,"Cerrar las brechas que aún limitan el paso al nivel excelente. Definir acciones concretas, responsables y fechas de seguimiento para fortalecer el desempeño del tercer trimestre.",IF($N$9>=59,"Reajustar el plan de trabajo para el siguiente trimestre. Priorizar los indicadores con menor avance, fortalecer la planificación semanal y hacer seguimiento a los compromisos definidos.","Activar un plan de recuperación para el tercer trimestre. Priorizar los indicadores críticos, definir responsables, solicitar acompañamiento y realizar seguimiento semanal."))) -> Activar un plan de recuperación para el tercer trimestre. Priorizar los indicadores críticos, definir responsables, solicitar acompañamiento y realizar seguimiento semanal.

Sheet Fincas
A1: Unidad de Negocio | B1: des_territorio | C1: atr_desc_empleado | D1: atr_cultivo_texto | E1: # Fincas | F1: Héctareas | G1: Mes | J1: Valores
A2: GALAGRO ANTIOQUIA | B2: GALAGRO ORIENTE A ANT. | C2: Geovanny Andres Monsalve Garcia | D2: Flores y Follajes | E2: 1 | F2: 1 | G2: Abril | I2: Territorio | J2: Suma de Meta hectareas | K2: Suma de cultivos
A3: GALAGRO ANTIOQUIA | B3: GALAGRO ORIENTE A ANT. | C3: Geovanny Andres Monsalve Garcia | D3: Fresa | E3: 3 | F3: 6 | G3: Abril | I3: (en blanco)
A4: GALAGRO ANTIOQUIA | B4: GALAGRO ORIENTE A ANT. | C4: Geovanny Andres Monsalve Garcia | D4: Frijol | E4: 1 | F4: 1 | G4: Abril | I4: GALAGRO ANTIOQUIA DIRECCIÓN | J4: 840 | K4: 84
A5: GALAGRO ANTIOQUIA | B5: GALAGRO ORIENTE A ANT. | C5: Geovanny Andres Monsalve Garcia | D5: Frutales Varios | E5: 1 | F5: 3 | G5: Abril | I5: GALAGRO BAJO CAUCA ANT. | J5: 30 | K5: 3
A6: GALAGRO ANTIOQUIA | B6: GALAGRO ORIENTE A ANT. | C6: Geovanny Andres Monsalve Garcia | D6: Hortensia | E6: 3 | F6: 10 | G6: Abril | I6: GALAGRO CORDOBA ANT. | J6: 60 | K6: 6
A7: GALAGRO ANTIOQUIA | B7: GALAGRO ORIENTE A ANT. | C7: Geovanny Andres Monsalve Garcia | D7: Tomate | E7: 1 | F7: 4 | G7: Abril | I7: GALAGRO URABA ANT. | J7: 120 | K7: 12
A8: GALAGRO ANTIOQUIA | B8: GALAGRO ORIENTE A ANT. | C8: Geovanny Andres Monsalve Garcia | D8: Tomate chonto | E8: 1 | F8: 1 | G8: Abril | I8: GALAGRO NORDESTE Y MAG. MEDIO ANT. | J8: 30 | K8: 3
A9: GALAGRO ANTIOQUIA | B9: GALAGRO ORIENTE B ANT. | C9: Norbey Fernando Montoya Grajales | D9: Habichuela | E9: 1 | F9: 2 | G9: Abril | I9: GALAGRO NORTE ANT. | J9: 120 | K9: 12
A10: GALAGRO ANTIOQUIA | B10: GALAGRO ORIENTE B ANT. | C10: Norbey Fernando Montoya Grajales | D10: Lechuga | E10: 1 | F10: 1 | G10: Abril | I10: GALAGRO ORIENTE B ANT. | J10: 120 | K10: 12
A11: GALAGRO ANTIOQUIA | B11: GALAGRO ORIENTE B ANT. | C11: Norbey Fernando Montoya Grajales | D11: Papa Criolla | E11: 1 | F11: 1 | G11: Abril | I11: GALAGRO VALLE DE ABURRA ANT. | J11: 90 | K11: 9
A12: GALAGRO ANTIOQUIA | B12: GALAGRO ORIENTE B ANT. | C12: Norbey Fernando Montoya Grajales | D12: Pimentón | E12: 2 | F12: 16 | G12: Abril | I12: GALAGRO ORIENTE A ANT. | J12: 120 | K12: 12
A13: GALAGRO ANTIOQUIA | B13: GALAGRO ORIENTE B ANT. | C13: Norbey Fernando Montoya Grajales | D13: Tomate Invernadero | E13: 1 | F13: 5 | G13: Abril | I13: GALAGRO SUROESTE ANT. | J13: 120 | K13: 12
A14: GALAGRO ANTIOQUIA | B14: GALAGRO NORTE ANT. | C14: Miguel Andrés León Díaz | D14: Pasto Clima Frío | E14: 4 | F14: 174 | G14: Mayo | I14: GALAGRO OFICINA ANT. | J14: 30 | K14: 3
A15: GALAGRO ANTIOQUIA | B15: GALAGRO ORIENTE A ANT. | C15: Geovanny Andres Monsalve Garcia | D15: Arveja | E15: 1 | F15: 1 | G15: Mayo | I15: Total general | J15: 1680 | K15: 168
A16: GALAGRO ANTIOQUIA | B16: GALAGRO ORIENTE A ANT. | C16: Geovanny Andres Monsalve Garcia | D16: Crisantemo | E16: 1 | F16: 3 | G16: Mayo
A17: GALAGRO ANTIOQUIA | B17: GALAGRO ORIENTE A ANT. | C17: Geovanny Andres Monsalve Garcia | D17: Fresa | E17: 2 | F17: 5 | G17: Mayo | I17: GALAGRO ANTIOQUIA DIRECCIÓN | J17: Yuri Andrea Garro Sánchez
A18: GALAGRO ANTIOQUIA | B18: GALAGRO ORIENTE A ANT. | C18: Geovanny Andres Monsalve Garcia | D18: Frutales Varios | E18: 1 | F18: 3 | G18: Mayo | I18: GALAGRO BAJO CAUCA ANT. | J18: Yeison Antonio Arenilla Diaz
A19: GALAGRO ANTIOQUIA | B19: GALAGRO ORIENTE A ANT. | C19: Geovanny Andres Monsalve Garcia | D19: Hortensia | E19: 5 | F19: 13 | G19: Mayo | I19: GALAGRO CORDOBA ANT. | J19: Karen Paola Hernández Pacheco
A20: GALAGRO ANTIOQUIA | B20: GALAGRO ORIENTE B ANT. | C20: Norbey Fernando Montoya Grajales | D20: Tomate de mesa (aliño) | E20: 1 | F20: 3 | G20: Mayo | I20: GALAGRO CORDOBA ANT. | J20: (Vacante) Karen Paola Hernandez Pacheco
A21: GALAGRO ANTIOQUIA | B21: GALAGRO NORTE ANT. | C21: Miguel Andrés León Díaz | D21: Papa Capira | E21: 1 | F21: 30 | G21: Junio | I21: GALAGRO NORDESTE Y MAG. MEDIO ANT. | J21: (vacante) Maria Alejandra Duque Laverde
A22: GALAGRO ANTIOQUIA | B22: GALAGRO ORIENTE A ANT. | C22: Geovanny Andres Monsalve Garcia | D22: Aguacate Hass | E22: 2 | F22: 42 | G22: Junio | I22: GALAGRO NORTE ANT. | J22: Luisa Fernanda Quiceno Restrepo
A23: GALAGRO ANTIOQUIA | B23: GALAGRO ORIENTE A ANT. | C23: Geovanny Andres Monsalve Garcia | D23: Crisantemo | E23: 1 | F23: 5 | G23: Junio | I23: GALAGRO NORTE ANT. | J23: Miguel Andrés León Díaz
A24: GALAGRO ANTIOQUIA | B24: GALAGRO ORIENTE A ANT. | C24: Geovanny Andres Monsalve Garcia | D24: Fresa | E24: 3 | F24: 6 | G24: Junio | I24: GALAGRO ORIENTE A ANT. | J24: Geovanny Andres Monsalve Garcia
A25: GALAGRO ANTIOQUIA | B25: GALAGRO ORIENTE A ANT. | C25: Geovanny Andres Monsalve Garcia | D25: Hortensia | E25: 6 | F25: 13 | G25: Junio | I25: GALAGRO ORIENTE A ANT. | J25: Alexander Marulanda Vera
A26: GALAGRO ANTIOQUIA | B26: GALAGRO ORIENTE A ANT. | C26: Geovanny Andres Monsalve Garcia | D26: Tomate chonto | E26: 1 | F26: 8 | G26: Junio | I26: GALAGRO ORIENTE B ANT. | J26: Norbey Fernando Montoya Grajales
A27: GALAGRO ANTIOQUIA | B27: GALAGRO ORIENTE B ANT. | C27: Norbey Fernando Montoya Grajales | D27: Tomate de mesa (aliño) | E27: 2 | F27: 6 | G27: Junio | I27: GALAGRO ORIENTE B ANT. | J27: Brarlyn Steven Garcia Castro
A28: GALAGRO ANTIOQUIA | B28: GALAGRO SUROESTE ANT. | C28: John Álvaro Correa Castaño | D28: Aguacate Hass | E28: 1 | F28: 700 | G28: Junio | I28: GALAGRO SUROESTE ANT. | J28: Mónica Lucero Valencia Montoya
I29: GALAGRO SUROESTE ANT. | J29: John Álvaro Correa Castaño
I30: GALAGRO URABA ANT. | J30: Stefanía Builes Rodríguez
I31: GALAGRO URABA ANT. | J31: (Vacante) José Eliécer Borja David
I32: GALAGRO VALLE DE ABURRA ANT. | J32: Katherine Bedoya Rodas
I33: GALAGRO VALLE DE ABURRA ANT. | J33: Estefania Osorio Usuga

Sheet Act Campo
A1: ID | B1: Estado | C1: Asunto | D1: ID de cliente | E1: Cliente | F1: Tipo de visita | G1: Propietario | H1: LinkUbicacion | I1: Dirección | J1: Estado1 | K1: Creado el | L1: Fecha/Hora de inicio | M1: Fecha/Hora de fin | N1: Fecha/Hora Inic.visita | O1: Fecha/Hora Fin visita | P1: Notas | Q1: Territorio de ventas | R1: Organización de ventas | S1: Creados por | T1: Ubicación | U1: Observaciones Visita | V1: Cultivo | W1: Recomendaciones | X1: Estado cultivo | Y1: Hectáreas | Z1: Oportunidades comerciales | AA1: Estado2 | AB1: zaUbicacion | AC1: Est.Fed./Prov. | AD1: Ciudad | AE1: Link Ubicacion | AF1: mes | AH1: Cuenta de ID de cliente
A2: 194527 | B2: Completado | C2: Promoción portafolio | D2: 1466019 | E2: CEBALLOS ORTIZ JORGE LEONARDO | F2: Evento Especial | G2: Angie Cristina Rodríguez Muñoz | I2: CR 4 B CS 3 URB IMPERIO REAL / 5483 NARIÑO / CO | J2: NARIÑO | K2: 46141.759 | L2: 46144.333 | M2: 46144.625 | N2: 46144.375 | O2: 46144.584 | Q2: GALAGRO NARIÑO NAL. | R2: GALAGRO | S2: Angie Cristina Rodríguez Muñoz | T2: CEBALLOS ORTIZ JORGE LEONARDO / CR 4 B CS 3 URB IMPERIO REAL / 5483 NARIÑO / CO | Y2: 0 | AB2: CR 4 B CS 3 URB IMPERIO REAL / 5483 NARIÑO | AC2: NARIÑO | AD2: NARIÑO | AF2: =TEXT(L2,"mmmm") -> mayo | AH2: Territorio de ventas | AI2: mes | AJ2: Propietario | AK2: Tipo de visita | AL2: Total
A3: 194663 | B3: Completado | C3: Charla tecnica | D3: 1590115 | E3: JACINTO ROJAS ASOPRODUJEN | F3: Evento Especial | G3: Julio Andrés Cuspoca Martínez | I3: VEREDA PAECES BAJO / CO | J3: BOYACA | K3: 46146.234 | L3: 46146.375 | M3: 46146.708 | N3: 46146.384 | O3: 46146.716 | Q3: GALAGRO BOYACA NAL. | R3: GALAGRO | S3: Julio Andrés Cuspoca Martínez | T3: JACINTO ROJAS ASOPRODUJEN / VEREDA PAECES BAJO / CO | Y3: 0 | AB3: VEREDA PAECES BAJO | AC3: BOYACA | AF3: =TEXT(L3,"mmmm") -> mayo | AH3: PYC AGRÍCOLA ANT CÓRDOBA | AI3: febrero | AJ3: (Vacante) Jonathan De Jesús Salcedo Arango | AK3: Día de campo | AL3: 1
A4: 194813 | B4: Completado | C4: Apoyo a charla técnica en ASOPRODUJEN con promotor zona centro | D4: 1590115 | E4: JACINTO ROJAS ASOPRODUJEN | F4: Evento Especial | G4: Fredy Alberto Guzmán Daza | I4: VEREDA PAECES BAJO / CO | J4: BOYACA | K4: 46146.34 | L4: 46146.375 | M4: 46146.5 | N4: 46146.444 | O4: 46146.755 | P4: Charla técnica con 40 productores de papa de las zonas de Siachique y Toca, convocadas por la ADR, ala asociación ASOPRODUJEN , de Jenesano. Promoción a portafolio y programación para papa. Productos Fertiespecial, Aminopoder, Optimar entre otros. | Q4: GALAGRO BOYACA NAL. | R4: GALAGRO | S4: Fredy Alberto Guzmán Daza | T4: JACINTO ROJAS ASOPRODUJEN / VEREDA PAECES BAJO / CO | W4: FERTIESPECIAL BTO X 46KG#Aplicación en mezcla con NPK, 1 x 4 bultos de 18-18-18 y 10-20-30 | Y4: 0 | AB4: VEREDA PAECES BAJO | AC4: BOYACA | AF4: =TEXT(L4,"mmmm") -> mayo | AH4: PYC AGRÍCOLA ANT CÓRDOBA | AI4: marzo | AJ4: (Vacante) Jonathan De Jesús Salcedo Arango | AK4: Día de campo | AL4: 14
A5: 194412 | B5: Completado | C5: Toma de almacen | D5: 1404582 | E5: COAGROHUILA LA PLATA | F5: Evento Especial | G5: Andrea Sileny Pardo Pillimue | I5: CO | K5: 46140.903 | L5: 46145.312 | M5: 46145.521 | N5: 46145.355 | O5: 46147.869 | Q5: GALAGRO HUILA NAL. | R5: GALAGRO | S5: Andrea Sileny Pardo Pillimue | T5: COAGROHUILA LA PLATA / CO | Y5: 0 | AB5: CO | AF5: =TEXT(L5,"mmmm") -> mayo | AH5: PYC AGRÍCOLA ANT CÓRDOBA | AI5: marzo | AJ5: Jairo Jesús Morales Doria | AK5: Evento Especial | AL5: 1
A6: 194411 | B6: Completado | C6: Toma de almacen | D6: 1404582 | E6: COAGROHUILA LA PLATA | F6: Evento Especial | G6: Andrea Sileny Pardo Pillimue | I6: CO | K6: 46140.902 | L6: 46144.312 | M6: 46144.562 | N6: 46144.317 | O6: 46147.869 | Q6: GALAGRO HUILA NAL. | R6: GALAGRO | S6: Andrea Sileny Pardo Pillimue | T6: COAGROHUILA LA PLATA / CO | Y6: 0 | AB6: CO | AF6: =TEXT(L6,"mmmm") -> mayo | AH6: PYC AGRÍCOLA ANT NORTE | AI6: marzo | AJ6: Carolina María Escobar Londoño | AK6: Evento Especial | AL6: 1
A7: 194590 | B7: Completado | C7: Visita de campo con mercadeo | D7: 1467502 | E7: SALAZAR LUIS SALAZAR LUIS | F7: Evento Especial | G7: Edison Ferney Rivera Muñoz | I7: VRD GUAPANTE / 05318 GUARNE / CO | J7: ANTIOQUIA | K7: 46145.917 | L7: 46148.375 | M7: 46148.583 | N7: 46149.395 | O7: 46150.311 | Q7: PYC AGRÍCOLA ANT ORIENTE B | R7: PEREZ Y CARDONA | S7: Edison Ferney Rivera Muñoz | T7: SALAZAR LUIS SALAZAR LUIS / VRD GUAPANTE / 05318 GUARNE / CO | Y7: 0 | AB7: VRD GUAPANTE / 05318 GUARNE | AC7: ANTIOQUIA | AD7: GUARNE | AF7: =TEXT(L7,"mmmm") -> mayo | AH7: PYC AGRÍCOLA ANT NORTE | AI7: marzo | AJ7: Marcela Ramirez Ramirez | AK7: Evento Especial | AL7: 1
A8: 194816 | B8: Completado | C8: Participación en Charla técnica para productores de frutas municipio de Buenavista | D8: 1594782 | E8: CRISTIAN VALENZUELA SIN NOMBRE | F8: Evento Especial | G8: Fredy Alberto Guzmán Daza | I8: Centro / 15109 BUENAVISTA / CO | J8: BOYACA | K8: 46146.794 | L8: 46150.583 | M8: 46150.708 | N8: 46150.627 | O8: 46150.769 | P8: Charla técnica con grupo de productores de Gulupa convocados por asesor técnico de empresa frutas comerciales que trabaja en esta zona. Presentacion de productos para fertilizacion edáfica Fertiespecial y para aplicaciones en drench Humicampo, Calciorigen, Hidroinicio y Cabomagk. | Q8: GALAGRO BOYACA NAL. | R8: GALAGRO | S8: Fredy Alberto Guzmán Daza | T8: CRISTIAN VALENZUELA SIN NOMBRE / Centro / 15109 BUENAVISTA / CO | Y8: 0 | AB8: Centro / 15109 BUENAVISTA | AC8: BOYACA | AD8: BUENAVISTA | AF8: =TEXT(L8,"mmmm") -> mayo | AH8: PYC AGRÍCOLA ANT ORIENTE A | AI8: enero | AJ8: Juan Esteban Montoya Serna | AK8: Evento Especial | AL8: 1
A9: 195115 | B9: En proceso | C9: Toma de almacen | D9: 1404208 | E9: SERVIAGRO LA PLATA SERVIAGRO LA PLATA | F9: Evento Especial | G9: Andrea Sileny Pardo Pillimue | I9: 41396 LA PLATA / CO | J9: HUILA | K9: 46147.867 | L9: 46151.333 | M9: 46151.583 | N9: 46151.32 | Q9: GALAGRO HUILA NAL. | R9: GALAGRO | S9: Andrea Sileny Pardo Pillimue | T9: SERVIAGRO LA PLATA SERVIAGRO LA PLATA / 41396 LA PLATA / CO | Y9: 0 | AB9: 41396 LA PLATA | AC9: HUILA | AD9: LA PLATA | AF9: =TEXT(L9,"mmmm") -> mayo | AH9: PYC AGRÍCOLA ANT ORIENTE B | AI9: febrero | AJ9: Edison Ferney Rivera Muñoz | AK9: Evento Especial | AL9: 2
A10: 195116 | B10: En proceso | C10: Toma de almacen | D10: 1404208 | E10: SERVIAGRO LA PLATA SERVIAGRO LA PLATA | F10: Evento Especial | G10: Andrea Sileny Pardo Pillimue | I10: 41396 LA PLATA / CO | J10: HUILA | K10: 46147.867 | L10: 46152.312 | M10: 46152.5 | N10: 46152.34 | Q10: GALAGRO HUILA NAL. | R10: GALAGRO | S10: Andrea Sileny Pardo Pillimue | T10: SERVIAGRO LA PLATA SERVIAGRO LA PLATA / 41396 LA PLATA / CO | Y10: 0 | AB10: 41396 LA PLATA | AC10: HUILA | AD10: LA PLATA | AF10: =TEXT(L10,"mmmm") -> mayo | AH10: PYC AGRÍCOLA ANT ORIENTE B | AI10: marzo | AJ10: Alejandro Suárez García | AK10: Evento Especial | AL10: 1
A11: 195713 | B11: Completado | C11: Visita clientes dealer | D11: 1591222 | E11: COMERCIALIZADORA BASTIMENTOS S.A.S BASTIMENTOS | F11: Día de campo | G11: Yeferson Esmit Ramírez Ruíz | I11: MANZANA 4 CARRERA 3 / 50150 CASTILLA LA NUEVA / CO | J11: META | K11: 46154.388 | L11: 46154.292 | M11: 46154.708 | N11: 46154.388 | O11: 46154.733 | P11: Visita clientes | Q11: GALAGRO META NAL. | R11: GALAGRO | S11: Yeferson Esmit Ramírez Ruíz | T11: COMERCIALIZADORA BASTIMENTOS S.A.S BASTIMENTOS / MANZANA 4 CARRERA 3 / 50150 CASTILLA LA NUEVA / CO | Y11: 0 | AB11: MANZANA 4 CARRERA 3 / 50150 CASTILLA LA NUEVA | AC11: META | AD11: CASTILLA LA NUEVA | AF11: =TEXT(L11,"mmmm") -> mayo | AH11: PYC AGRÍCOLA ANT SUROESTE | AI11: enero | AJ11: (vacante) Alex García Moncada | AK11: Evento Especial | AL11: 1
A12: 196003 | B12: Completado | C12: Charla ganadera | D12: 1332890 | E12: ZULUAGA VELASQUEZ LUIS EDUARDO AGROPECUARIA LUIS ZULUAGA | F12: Evento Especial | G12: Carolina María Escobar Londoño | I12: CL 20 20 40 / 05658 SAN JOSE DE LA MONTAÑA / CO | J12: ANTIOQUIA | K12: 46155.695 | L12: 46155.333 | M12: 46155.708 | N12: 46155.695 | O12: 46155.695 | Q12: PYC AGRÍCOLA ANT NORTE | R12: PEREZ Y CARDONA | S12: Carolina María Escobar Londoño | T12: ZULUAGA VELASQUEZ LUIS EDUARDO AGROPECUARIA LUIS ZULUAGA / CL 20 20 40 / 05658 SAN JOSE DE LA MONTAÑ | Y12: 0 | AB12: CL 20 20 40 / 05658 SAN JOSE DE LA MONTAÑ | AC12: ANTIOQUIA | AD12: SAN JOSE DE LA MONTAÑA | AF12: =TEXT(L12,"mmmm") -> mayo | AH12: PYC AGRÍCOLA ANT SUROESTE | AI12: febrero | AJ12: (vacante) Alex García Moncada | AK12: Evento Especial | AL12: 1
A13: 195908 | B13: Completado | C13: Charla veredal san jose de la M | D13: 1401434 | E13: AGRICOLA ANTIOQUIA GENERICO | F13: Evento Especial | G13: Gloria Marcela Ramirez Ramirez | I13: VRD LAS LAJAS / 05615 RIONEGRO / CO | J13: ANTIOQUIA | K13: 46155.505 | L13: 46155.333 | M13: 46155.625 | N13: 46155.505 | O13: 46155.789 | Q13: PYC AGRÍCOLA ANT NORTE | R13: PEREZ Y CARDONA | S13: Gloria Marcela Ramirez Ramirez | T13: AGRICOLA ANTIOQUIA GENERICO / VRD LAS LAJAS / 05615 RIONEGRO / CO | Y13: 0 | AB13: VRD LAS LAJAS / 05615 RIONEGRO | AC13: ANTIOQUIA | AD13: RIONEGRO | AF13: =TEXT(L13,"mmmm") -> mayo | AH13: PYC AGRÍCOLA ANT SUROESTE | AI13: febrero | AJ13: Fabian Rueda Rueda | AK13: Evento Especial | AL13: 1
A14: 196009 | B14: Completado | C14: Aplicacion dantotsu y agarroot | D14: 1589765 | E14: ANGEL ZAPATA VASQUEZ FINCA HORIZONTE | F14: Día de campo | G14: Carolina María Escobar Londoño | I14: FINCA HORIZONTE / 05658 SAN JOSE DE LA MONTAÑA / CO | J14: ANTIOQUIA | K14: 46156.563 | L14: 46156.354 | M14: 46156.583 | N14: 46156.563 | O14: 46156.563 | Q14: PYC AGRÍCOLA ANT NORTE | R14: PEREZ Y CARDONA | S14: Carolina María Escobar Londoño | T14: ANGEL ZAPATA VASQUEZ FINCA HORIZONTE / FINCA HORIZONTE / 05658 SAN JOSE DE LA MONTAÑA / CO | Y14: 0 | AB14: FINCA HORIZONTE / 05658 SAN JOSE DE LA MONTAÑA | AC14: ANTIOQUIA | AD14: SAN JOSE DE LA MONTAÑA | AF14: =TEXT(L14,"mmmm") -> mayo | AH14: PYC AGRÍCOLA ANT SUROESTE | AI14: febrero | AJ14: Sara Ruíz Restrepo | AK14: Evento Especial | AL14: 2
A15: 195826 | B15: Completado | C15: Día de campo | D15: 1488171 | E15: ANDRADE JIMMY COOPERATIVA DE OCCIDENTE TUQUERRES | F15: Día de campo | G15: Juan José Lagos Regalado | I15: CO | K15: 46156.414 | L15: 46156.417 | M15: 46156.5 | N15: 46156.414 | O15: 46156.582 | Q15: GALAGRO NARIÑO NAL. | R15: GALAGRO | S15: Juan José Lagos Regalado | T15: ANDRADE JIMMY COOPERATIVA DE OCCIDENTE TUQUERRES / CO | Y15: 0 | AB15: CO | AF15: =TEXT(L15,"mmmm") -> mayo | AH15: PYC AGRÍCOLA ANT SUROESTE | AI15: marzo | AJ15: (vacante) Alex García Moncada | AK15: Día de campo | AL15: 1
A16: 196130 | B16: Completado | C16: Reunión expositores | D16: 1597015 | E16: COOPERATIVA SUPRESENCIA COOPERATIVA SUPRESENCIA | F16: Evento Especial | G16: Maria Del Pilar Hernandez | I16: CO | K16: 46157.397 | L16: 46157.396 | M16: 46157.479 | N16: 46157.397 | O16: 46157.475 | P16: Excelente capacitación en ventas por el coach internacional Jorge Rojas✔️ Grandes expectativas para la feria Impulsa con GUILLÉN ✔️ | Q16: PYC GUILLÉN NACIONAL | R16: PEREZ Y CARDONA | S16: Maria Del Pilar Hernandez | T16: COOPERATIVA SUPRESENCIA COOPERATIVA SUPRESENCIA / CO | Y16: 0 | AB16: CO | AF16: =TEXT(L16,"mmmm") -> mayo | AH16: PYC AGRÍCOLA ANT SUROESTE | AI16: marzo | AJ16: (vacante) Alex García Moncada | AK16: Evento Especial | AL16: 3
A17: 196038 | B17: Completado | C17: Toma de almacen | D17: 1440829 | E17: COAGROHUILA GUADALUPE | F17: Evento Especial | G17: Andrea Sileny Pardo Pillimue | I17: GUADALUPE / CO | J17: HUILA | K17: 46158.315 | L17: 46158.312 | M17: 46158.5 | N17: 46158.316 | O17: 46158.532 | Q17: GALAGRO HUILA NAL. | R17: GALAGRO | S17: Andrea Sileny Pardo Pillimue | T17: COAGROHUILA GUADALUPE / GUADALUPE / CO | Y17: 0 | AB17: GUADALUPE | AC17: HUILA | AF17: =TEXT(L17,"mmmm") -> mayo | AH17: PYC AGRÍCOLA ANT SUROESTE | AI17: marzo | AJ17: Sara Ruíz Restrepo | AK17: Evento Especial | AL17: 2
A18: 195612 | B18: Completado | C18: Charla tecnica | D18: 1430394 | E18: ROJAS DAZA JACINTO ASOPRODUJEN | F18: Evento Especial | G18: Julio Andrés Cuspoca Martínez | I18: Km 4 VIA TIERRA NEGRA A JENESANO / 15367 JENESANO / CO | J18: BOYACA | K18: 46153.349 | L18: 46155.375 | M18: 46155.708 | N18: 46155.396 | O18: 46155.713 | Q18: GALAGRO BOYACA NAL. | R18: GALAGRO | S18: Julio Andrés Cuspoca Martínez | T18: ROJAS DAZA JACINTO ASOPRODUJEN / Km 4 VIA TIERRA NEGRA A JENESANO / 15367 JENESANO / CO | Y18: 0 | AB18: Km 4 VIA TIERRA NEGRA A JENESANO / 15367 JENESANO | AC18: BOYACA | AD18: JENESANO | AF18: =TEXT(L18,"mmmm") -> mayo | AH18: PYC AGRÍCOLA ANT VALLE ABURRÁ | AI18: febrero | AJ18: Juan Felipe Botero Gómez | AK18: Día de campo | AL18: 1
A19: 196189 | B19: Completado | C19: Toma de almacen garzon | D19: 1440829 | E19: COAGROHUILA GUADALUPE | F19: Evento Especial | G19: Andrea Sileny Pardo Pillimue | I19: GUADALUPE / CO | J19: HUILA | K19: 46157.287 | L19: 46157.354 | M19: 46157.708 | N19: 46157.357 | O19: 46164.331 | Q19: GALAGRO HUILA NAL. | R19: GALAGRO | S19: Andrea Sileny Pardo Pillimue | T19: COAGROHUILA GUADALUPE / GUADALUPE / CO | Y19: 0 | AB19: GUADALUPE | AC19: HUILA | AF19: =TEXT(L19,"mmmm") -> mayo | AH19: PYC AGRÍCOLA ANT VALLE ABURRÁ | AI19: marzo | AJ19: Juan Felipe Botero Gómez | AK19: Evento Especial | AL19: 1
A20: 197436 | B20: Completado | C20: CHARLA PRODUCTORES ROSAS - ICA | D20: 1397584 | E20: WILLIAM ROMERO ALDER FLOWERS S.A.S | F20: Evento Especial | G20: Rafael Ricardo Peña Sánchez | I20: 15516 PAIPA / CO | J20: BOYACA | K20: 46170.302 | L20: 46170.354 | M20: 46170.583 | N20: 46170.361 | O20: 46170.578 | Q20: GALAGRO BOYACA NAL. | R20: GALAGRO | S20: Rafael Ricardo Peña Sánchez | T20: WILLIAM ROMERO ALDER FLOWERS S.A.S / 15516 PAIPA / CO | W20: HIDROFOLLAJE 30-10-10 X 25 KG#Recomendación para cultivo de rosas |HIDROKOSECHA 10-5-40 X 25 KG#Recomendación para cultivo de rosas|AMINOPODER X 5 LT#Recomendación para cultivo de rosas.|HIDROBALANCE GEL X 5 LT#Recomendación para cultivo de rosas.|OPTIMAR ALGAS MARINAS X 5 LT#Recomendación para cultivo de rosas. | Y20: 0 | AB20: 15516 PAIPA | AC20: BOYACA | AD20: PAIPA | AF20: =TEXT(L20,"mmmm") -> mayo | AH20: PYC NORTE 2 PECUARIA | AI20: enero | AJ20: Elizabeth Sanmartin Vasquez | AK20: Evento Especial | AL20: 1
A21: 197646 | B21: Completado | C21: Día de campo productores de café y plátano municipio de simacota | D21: 1400056 | E21: CLAUDIA SARMIENTO LA ESQUINA DEL CAMPO SOCORRO | F21: Día de campo | G21: Annuar Andrey Hoyos Muñoz | I21: 68755 SOCORRO / CO | J21: SANTANDER | K21: 46170.304 | L21: 46170.375 | M21: 46170.667 | N21: 46170.494 | O21: 46170.728 | Q21: GALAGRO SANTANDER NAL. | R21: GALAGRO | S21: Annuar Andrey Hoyos Muñoz | T21: CLAUDIA SARMIENTO LA ESQUINA DEL CAMPO SOCORRO / 68755 SOCORRO / CO | Y21: 0 | AB21: 68755 SOCORRO | AC21: SANTANDER | AD21: SOCORRO | AF21: =TEXT(L21,"mmmm") -> mayo | AH21: PYC NORTE 2 PECUARIA | AI21: febrero | AJ21: Elizabeth Sanmartin Vasquez | AK21: Evento Especial | AL21: 1
A22: 197923 | B22: Completado | C22: CHARLA CAPACITACIÓN TECNOLOGIA CAMPORIGEN | D22: 1495045 | E22: OCTAVIO BARON TRES ESQUINAS | F22: Día de campo | G22: Rafael Ricardo Peña Sánchez | I22: 15740 SIACHOQUE / CO | J22: BOYACA | K22: 46172.351 | L22: 46172.375 | M22: 46172.583 | N22: 46172.374 | O22: 46172.606 | Q22: GALAGRO BOYACA NAL. | R22: GALAGRO | S22: Rafael Ricardo Peña Sánchez | T22: OCTAVIO BARON TRES ESQUINAS / 15740 SIACHOQUE / CO | W22: HIDROKOSECHA 10-5-40 X 25 KG#Recomendación para cultivo de papa.|CABOMAG-K X 4 LT#Recomendación para cultivo de papa.|HUMICAMPO 26 X 5 LT#Recomendación para cultivo de papa. | Y22: 0 | AB22: 15740 SIACHOQUE | AC22: BOYACA | AD22: SIACHOQUE | AF22: =TEXT(L22,"mmmm") -> mayo | AH22: GALAGRO SUROESTE ANT. | AI22: febrero | AJ22: John Álvaro Correa Castaño | AK22: Día de campo | AL22: 1
A23: 197969 | B23: Completado | C23: Charla veredal | D23: 1190661 | E23: RAMIREZ GOMEZ LUZ DARY | F23: Día de campo | G23: Edison Ferney Rivera Muñoz | I23: CL 50 48 65 / 05318 GUARNE / CO | J23: ANTIOQUIA | K23: 46172.861 | L23: 46162.479 | M23: 46162.625 | N23: 46172.861 | O23: 46172.861 | Q23: PYC AGRÍCOLA ANT ORIENTE B | R23: PEREZ Y CARDONA | S23: Edison Ferney Rivera Muñoz | T23: RAMIREZ GOMEZ LUZ DARY / CL 50 48 65 / 05318 GUARNE / CO | Y23: 0 | AB23: CL 50 48 65 / 05318 GUARNE | AC23: ANTIOQUIA | AD23: GUARNE | AF23: =TEXT(L23,"mmmm") -> mayo | AH23: GALAGRO NACIONAL COORDINACIÓN | AI23: febrero | AJ23: Juan David Rojas Rivera | AK23: Evento Especial | AL23: 4
A24: 197890 | B24: Completado | C24: Traslado de mercancia | D24: 1142787 | E24: LA CASA DEL AGRO MCU SAS | F24: Evento Especial | G24: Edison Ferney Rivera Muñoz | I24: CL 27 28 29 B G 110 CC LOS SAUCES / 05440 MARINILLA / CO | J24: ANTIOQUIA | K24: 46172.812 | L24: 46151.875 | M24: 46151.958 | N24: 46172.812 | O24: 46173.768 | Q24: PYC AGRÍCOLA ANT ORIENTE B | R24: PEREZ Y CARDONA | S24: Edison Ferney Rivera Muñoz | T24: LA CASA DEL AGRO MCU SAS / CL 27 28 29 B G 110 CC LOS SAUCES / 05440 MARINILLA / CO | Y24: 0 | AB24: CL 27 28 29 B G 110 CC LOS SAUCES / 05440 MARINILLA | AC24: ANTIOQUIA | AD24: MARINILLA | AF24: =TEXT(L24,"mmmm") -> mayo | AH24: GALAGRO NACIONAL COORDINACIÓN | AI24: marzo | AJ24: Juan David Rojas Rivera | AK24: Evento Especial | AL24: 1
A25: 196488 | B25: Completado | C25: Charla veredal | D25: 1149361 | E25: REGIONAGRO SAS REGIONAGRO SAS | F25: Evento Especial | G25: Edison Ferney Rivera Muñoz | I25: CL 49 48 A 18 / 05318 GUARNE / CO | J25: ANTIOQUIA | K25: 46162.387 | L25: 46162.688 | M25: 46162.75 | N25: 46172.853 | O25: 46173.829 | Q25: PYC AGRÍCOLA ANT ORIENTE B | R25: PEREZ Y CARDONA | S25: Edison Ferney Rivera Muñoz | T25: REGIONAGRO SAS REGIONAGRO SAS / CL 49 48 A 18 / 05318 GUARNE / CO | Y25: 0 | AB25: CL 49 48 A 18 / 05318 GUARNE | AC25: ANTIOQUIA | AD25: GUARNE | AF25: =TEXT(L25,"mmmm") -> mayo | AH25: GALAGRO SANTANDER NAL. | AI25: febrero | AJ25: Annuar Andrey Hoyos Muñoz | AK25: Día de campo | AL25: 1
A26: 197156 | B26: Completado | C26: Charla tecnica | D26: 1495045 | E26: OCTAVIO BARON TRES ESQUINAS | F26: Día de campo | G26: Julio Andrés Cuspoca Martínez | I26: 15740 SIACHOQUE / CO | J26: BOYACA | K26: 46167.295 | L26: 46172.333 | M26: 46172.542 | N26: 46172.378 | O26: 46172.555 | Q26: GALAGRO BOYACA NAL. | R26: GALAGRO | S26: Julio Andrés Cuspoca Martínez | T26: OCTAVIO BARON TRES ESQUINAS / 15740 SIACHOQUE / CO | Y26: 0 | AB26: 15740 SIACHOQUE | AC26: BOYACA | AD26: SIACHOQUE | AF26: =TEXT(L26,"mmmm") -> mayo | AH26: GALAGRO SANTANDER NAL. | AI26: febrero | AJ26: Annuar Andrey Hoyos Muñoz | AK26: Evento Especial | AL26: 3
A27: 198326 | B27: Completado | C27: Dia de campo con agafert | D27: 1008307 | E27: OSORIO RUIZ CESAR HUMBERTO DERIVADOS LACTEOS LA FRESCURA | F27: Día de campo | G27: Carolina María Escobar Londoño | I27: CL 27 CR 16 188 / 05887 YARUMAL / CO | J27: ANTIOQUIA | K27: 46175.569 | L27: 46175.375 | M27: 46175.583 | N27: 46175.569 | O27: 46175.708 | Q27: PYC AGRÍCOLA ANT NORTE | R27: PEREZ Y CARDONA | S27: Carolina María Escobar Londoño | T27: OSORIO RUIZ CESAR HUMBERTO DERIVADOS LACTEOS LA FRESCURA / CL 27 CR 16 188 / 05887 YARUMAL / CO | Y27: 0 | AB27: CL 27 CR 16 188 / 05887 YARUMAL | AC27: ANTIOQUIA | AD27: YARUMAL | AF27: =TEXT(L27,"mmmm") -> junio | AH27: GALAGRO SANTANDER NAL. | AI27: marzo | AJ27: Annuar Andrey Hoyos Muñoz | AK27: Evento Especial | AL27: 1
A28: 196743 | B28: Completado | C28: Capacitacion mostradores en el municipio de concordia | D28: 1344567 | E28: COOPERATIVA DE CAFICULTORES DE SALGAR CONCORDIA | F28: Evento Especial | G28: Juan José Montoya Estrada | I28: CL 20A 20 19 / 05209 CONCORDIA / CO | J28: ANTIOQUIA | K28: 46162.693 | L28: 46170.75 | M28: 46170.812 | N28: 46176.357 | O28: 46176.357 | Q28: PYC AGRÍCOLA ANT SUROESTE | R28: PEREZ Y CARDONA | S28: Juan José Montoya Estrada | T28: COOPERATIVA DE CAFICULTORES DE SALGAR CONCORDIA / CL 20A 20 19 / 05209 CONCORDIA / CO | Y28: 0 | AB28: CL 20A 20 19 / 05209 CONCORDIA | AC28: ANTIOQUIA | AD28: CONCORDIA | AF28: =TEXT(L28,"mmmm") -> mayo | AH28: GALAGRO EJE CAFETERO Y VALLE NORTE NAL. | AI28: febrero | AJ28: Juan Pablo Valencia Carvajal | AK28: Evento Especial | AL28: 2
A29: 198667 | B29: Completado | C29: VEPA 2026 | D29: 1400278 | E29: PYC PECUARIA GENERICO | F29: Evento Especial | G29: Elizabeth Sanmartin Vasquez | I29: 05001 MEDELLÍN / CO | J29: ANTIOQUIA | K29: 46178.728 | L29: 46178.542 | M29: 46178.708 | N29: 46178.728 | O29: 46178.729 | Q29: PYC NORTE 2 PECUARIA | R29: PEREZ Y CARDONA | S29: Elizabeth Sanmartin Vasquez | T29: PYC PECUARIA GENERICO / 05001 MEDELLÍN / CO | Y29: 0 | AB29: 05001 MEDELLÍN | AC29: ANTIOQUIA | AD29: MEDELLÍN | AF29: =TEXT(L29,"mmmm") -> junio | AH29: GALAGRO EJE CAFETERO Y VALLE NORTE NAL. | AI29: febrero | AJ29: Juana Andrea Moncaleano Sandoval | AK29: Día de campo | AL29: 2
A30: 198269 | B30: Cancelado | C30: PARTICIPACIÓN EN EVENTO ORGANIZADO POR TECNICO DE CACAO MUNICIPIO DE BORBUR pendiente de confirmar | D30: 1400070 | E30: GALAGRO NACIONAL GENERICO | F30: Evento Especial | G30: Fredy Alberto Guzmán Daza | I30: 41551 PITALITO / CO | J30: HUILA | K30: 46175.448 | L30: 46178.438 | M30: 46178.521 | Q30: GALAGRO BOYACA NAL. | R30: GALAGRO | S30: Fredy Alberto Guzmán Daza | T30: GALAGRO NACIONAL GENERICO / 41551 PITALITO / CO | Y30: 0 | AB30: 41551 PITALITO | AC30: HUILA | AD30: PITALITO | AF30: =TEXT(L30,"mmmm") -> junio | AH30: GALAGRO EJE CAFETERO Y VALLE NORTE NAL. | AI30: febrero | AJ30: César Augusto Escarria Reyes | AK30: Evento Especial | AL30: 1
A31: 198765 | B31: Completado | C31: participación en reunió de productores de caña municipio de San Pablo de Borbur | D31: 1598138 | E31: ASOCABOR PEÑA DE BORUBAS | F31: Evento Especial | G31: Fredy Alberto Guzmán Daza | I31: VEREDA LA MESA / 15681 SAN PABLO DE BORBUR / CO | J31: BOYACA | K31: 46178.371 | L31: 46178.375 | M31: 46178.562 | N31: 46178.408 | O31: 46178.578 | P31: Participación en charla técnica a productores asociativos en caña panelera de la zona de Ana Pablo de Borbur. Asistencia de 23 productores. | Q31: GALAGRO BOYACA NAL. | R31: GALAGRO | S31: Fredy Alberto Guzmán Daza | T31: ASOCABOR PEÑA DE BORUBAS / VEREDA LA MESA / 15681 SAN PABLO DE BORBUR / CO | Y31: 0 | AB31: VEREDA LA MESA / 15681 SAN PABLO DE BORBUR | AC31: BOYACA | AD31: SAN PABLO DE BORBUR | AF31: =TEXT(L31,"mmmm") -> junio | AH31: GALAGRO EJE CAFETERO Y VALLE NORTE NAL. | AI31: febrero | AJ31: Sebastián Zapata Gutiérrez | AK31: Día de campo | AL31: 1
A32: 198975 | B32: Abierto | C32: Lanzamiento producto basf | D32: 1445390 | E32: PLAGUEX SAS | F32: Evento Especial | G32: Juan Pablo Valencia Carvajal | I32: AUT CALI YUMBO BG 6 BL 2B KM 4 ZN IND ARROYOHONDO / 76892 YUMBO / CO | J32: VALLE | K32: 46183.436 | L32: 46183.646 | M32: 46183.708 | Q32: GALAGRO EJE CAFETERO Y VALLE NORTE NAL. | R32: GALAGRO | S32: Juan Pablo Valencia Carvajal | T32: PLAGUEX SAS / AUT CALI YUMBO BG 6 BL 2B KM 4 ZN IND ARROYOHONDO / 76892 YUMBO / CO | Y32: 0 | AB32: AUT CALI YUMBO BG 6 BL 2B KM 4 ZN IND ARROYOHONDO / 76892 YUMBO | AC32: VALLE | AD32: YUMBO | AF32: =TEXT(L32,"mmmm") -> junio | AH32: GALAGRO EJE CAFETERO Y VALLE NORTE NAL. | AI32: febrero | AJ32: Sebastián Zapata Gutiérrez | AK32: Evento Especial | AL32: 1
A33: 198796 | B33: Completado | C33: CAPACITACIÓN Y GIRA TECNICA CULTIVADORES DE PAPA TUTA | D33: 1429750 | E33: D AGROS S.A.S. | F33: Día de campo | G33: Rafael Ricardo Peña Sánchez | I33: CO | K33: 46182.833 | L33: 46183.354 | M33: 46183.688 | N33: 46183.364 | O33: 46183.632 | Q33: GALAGRO BOYACA NAL. | R33: GALAGRO | S33: Rafael Ricardo Peña Sánchez | T33: D AGROS S.A.S. / CO | W33: OPTIMAR ALGAS MARINAS X 5 LT#Recomendación para cultivo de papa.|HUMICAMPO 26 X 5 LT#Recomendación para cultivo de papa | Y33: 0 | AB33: CO | AF33: =TEXT(L33,"mmmm") -> junio | AH33: GALAGRO NORTE ANT. | AI33: enero | AJ33: Miguel Andrés León Díaz | AK33: Evento Especial | AL33: 1
A34: 198977 | B34: Completado | C34: Feria Alimentec | D34: 1527288 | E34: CORFERIAS CORFERIAS | F34: Evento Especial | G34: Maria Del Pilar Hernandez | I34: CO | K34: 46183.457 | L34: 46183.458 | M34: 46183.688 | N34: 46183.488 | O34: 46183.686 | Q34: PYC GUILLÉN NACIONAL | R34: PEREZ Y CARDONA | S34: Maria Del Pilar Hernandez | T34: CORFERIAS CORFERIAS / CO | Y34: 0 | AB34: CO | AF34: =TEXT(L34,"mmmm") -> junio | AH34: GALAGRO NORTE ANT. | AI34: febrero | AJ34: Luisa Fernanda Quiceno Restrepo | AK34: Día de campo | AL34: 1
A35: 197187 | B35: Completado | C35: Charla en el tambo | D35: 1407703 | E35: PLAGUEX SAS PLAGUEX DISTRIBUIDORA | F35: Evento Especial | G35: Tatiana Marcela Velasco Vasquez | I35: CL 2E 2E 54 SC CHARCO / 52356 IPIALES / CO | J35: NARIÑO | K35: 46167.547 | L35: 46167.271 | M35: 46167.542 | N35: 46167.547 | O35: 46184.693 | Q35: GALAGRO CAUCA NAL. | R35: GALAGRO | S35: Tatiana Marcela Velasco Vasquez | T35: PLAGUEX SAS PLAGUEX DISTRIBUIDORA / CL 2E 2E 54 SC CHARCO / 52356 IPIALES / CO | Y35: 0 | AB35: CL 2E 2E 54 SC CHARCO / 52356 IPIALES | AC35: NARIÑO | AD35: IPIALES | AF35: =TEXT(L35,"mmmm") -> mayo | AH35: GALAGRO OFICINA ANT. | AI35: febrero | AJ35: Katherine Bedoya Rodas | AK35: Evento Especial | AL35: 1
A36: 198915 | B36: Completado | C36: Dia de campo Asociacion moreros Huila | D36: 1339400 | E36: DISTRIBUCIONES ARAMA LTDA | F36: Día de campo | G36: Andrea Sileny Pardo Pillimue | I36: PARQUE INDUSTRIAL PALEMO BG D16 KM / 41001 NEIVA / CO | J36: HUILA | K36: 46179.659 | L36: 46183.333 | M36: 46183.542 | N36: 46183.4 | O36: 46183.908 | Q36: GALAGRO HUILA NAL. | R36: GALAGRO | S36: Andrea Sileny Pardo Pillimue | T36: DISTRIBUCIONES ARAMA LTDA / PARQUE INDUSTRIAL PALEMO BG D16 KM / 41001 NEIVA / CO | Y36: 0 | AB36: PARQUE INDUSTRIAL PALEMO BG D16 KM / 41001 NEIVA | AC36: HUILA | AD36: NEIVA | AF36: =TEXT(L36,"mmmm") -> junio | AH36: GALAGRO ANTIOQUIA COORDINACIÓN | AI36: febrero | AJ36: Juan David Rojas Rivera | AK36: Evento Especial | AL36: 4
A37: 199134 | B37: Completado | C37: Charla sumitomo y agafert | D37: 1401434 | E37: AGRICOLA ANTIOQUIA GENERICO | F37: Evento Especial | G37: Jairo Jesús Morales Doria | I37: VRD LAS LAJAS / 05615 RIONEGRO / CO | J37: ANTIOQUIA | K37: 46183.461 | L37: 46183.708 | M37: 46183.833 | N37: 46183.461 | O37: 46184.316 | Q37: PYC AGRÍCOLA ANT CÓRDOBA | R37: PEREZ Y CARDONA | S37: Jairo Jesús Morales Doria | T37: AGRICOLA ANTIOQUIA GENERICO / VRD LAS LAJAS / 05615 RIONEGRO / CO | Y37: 0 | AB37: VRD LAS LAJAS / 05615 RIONEGRO | AC37: ANTIOQUIA | AD37: RIONEGRO | AF37: =TEXT(L37,"mmmm") -> junio | AH37: GALAGRO CAUCA NAL. | AI37: febrero | AJ37: Tatiana Marcela Velasco Vasquez | AK37: Día de campo | AL37: 1
A38: 199098 | B38: Completado | C38: Charla Sumitomo y Agafert | D38: 1401434 | E38: AGRICOLA ANTIOQUIA GENERICO | F38: Evento Especial | G38: César Augusto Montoya Sierra | I38: VRD LAS LAJAS / 05615 RIONEGRO / CO | J38: ANTIOQUIA | K38: 46183.458 | L38: 46183.708 | M38: 46183.833 | N38: 46184.349 | O38: 46184.35 | P38: Charla Sumitomo y Agafert | Q38: PYC AGRÍCOLA ANTIOQUIA DIRECCIÓN | R38: PEREZ Y CARDONA | S38: César Augusto Montoya Sierra | T38: AGRICOLA ANTIOQUIA GENERICO / VRD LAS LAJAS / 05615 RIONEGRO / CO | Y38: 0 | AB38: VRD LAS LAJAS / 05615 RIONEGRO | AC38: ANTIOQUIA | AD38: RIONEGRO | AF38: =TEXT(L38,"mmmm") -> junio | AH38: GALAGRO CAUCA NAL. | AI38: febrero | AJ38: Tatiana Marcela Velasco Vasquez | AK38: Evento Especial | AL38: 1
A39: 198916 | B39: Completado | C39: Dia de campo Cacaoteros del Huila | D39: 1400070 | E39: GALAGRO NACIONAL GENERICO | F39: Día de campo | G39: Andrea Sileny Pardo Pillimue | I39: 41551 PITALITO / CO | J39: HUILA | K39: 46179.66 | L39: 46184.333 | M39: 46184.562 | N39: 46184.404 | O39: 46184.722 | Q39: GALAGRO HUILA NAL. | R39: GALAGRO | S39: Andrea Sileny Pardo Pillimue | T39: GALAGRO NACIONAL GENERICO / 41551 PITALITO / CO | Y39: 0 | AB39: 41551 PITALITO | AC39: HUILA | AD39: PITALITO | AF39: =TEXT(L39,"mmmm") -> junio | AH39: PYC PECUARIA COORDINACIÓN | AI39: febrero | AJ39: Silvana Astrid Molina Pérez | AK39: Evento Especial | AL39: 2
A40: 198919 | B40: Completado | C40: Feria ganadera iquira Huila | D40: 1339400 | E40: DISTRIBUCIONES ARAMA LTDA | F40: Evento Especial | G40: Andrea Sileny Pardo Pillimue | I40: PARQUE INDUSTRIAL PALEMO BG D16 KM / 41001 NEIVA / CO | J40: HUILA | K40: 46179.665 | L40: 46180.354 | M40: 46180.5 | N40: 46180.347 | O40: 46184.73 | Q40: GALAGRO HUILA NAL. | R40: GALAGRO | S40: Andrea Sileny Pardo Pillimue | T40: DISTRIBUCIONES ARAMA LTDA / PARQUE INDUSTRIAL PALEMO BG D16 KM / 41001 NEIVA / CO | Y40: 0 | AB40: PARQUE INDUSTRIAL PALEMO BG D16 KM / 41001 NEIVA | AC40: HUILA | AD40: NEIVA | AF40: =TEXT(L40,"mmmm") -> junio | AH40: PYC PECUARIA COORDINACIÓN | AI40: febrero | AJ40: Manuela Valencia Patiño | AK40: Evento Especial | AL40: 2
A41: 198899 | B41: Completado | C41: Evento comercial yaramal | D41: 1400070 | E41: GALAGRO NACIONAL GENERICO | F41: Evento Especial | G41: Angie Cristina Rodríguez Muñoz | I41: 41551 PITALITO / CO | J41: HUILA | K41: 46182.401 | L41: 46184.333 | M41: 46184.667 | N41: 46184.384 | O41: 46184.781 | P41: Evento comercial con distribuidor Plaguex en almacén Vivamos el Agro en Yaramal | Q41: GALAGRO NARIÑO NAL. | R41: GALAGRO | S41: Angie Cristina Rodríguez Muñoz | T41: GALAGRO NACIONAL GENERICO / 41551 PITALITO / CO | Y41: 0 | AB41: 41551 PITALITO | AC41: HUILA | AD41: PITALITO | AF41: =TEXT(L41,"mmmm") -> junio | AH41: PYC PECUARIA COORDINACIÓN | AI41: marzo | AJ41: Manuela Valencia Patiño | AK41: Evento Especial | AL41: 1
A42: 197495 | B42: Completado | C42: Capacitación sumitomo y agafert con productores | D42: 1189271 | E42: AGROTIENDA TONE SAS AGROTIENDA TONE SAS | F42: Evento Especial | G42: Sara Ruíz Restrepo | I42: CR 31 30 42 / 05847 URRAO / CO | J42: ANTIOQUIA | K42: 46168.77 | L42: 46183.708 | M42: 46183.833 | N42: 46185.337 | O42: 46185.337 | P42: Asistencia de 20 personas y se realizaron ventas | Q42: PYC AGRÍCOLA ANT SUROESTE | R42: PEREZ Y CARDONA | S42: Sara Ruíz Restrepo | T42: AGROTIENDA TONE SAS AGROTIENDA TONE SAS / CR 31 30 42 / 05847 URRAO / CO | Y42: 0 | AB42: CR 31 30 42 / 05847 URRAO | AC42: ANTIOQUIA | AD42: URRAO | AF42: =TEXT(L42,"mmmm") -> junio | AH42: GALAGRO HUILA NAL. | AI42: febrero | AJ42: Andrea Sileny Pardo Pillimue | AK42: Evento Especial | AL42: 1
A43: 199410 | B43: En proceso | C43: Celebrscion mes del campesino | D43: 1501051 | E43: AGRO SURTICAMPO DONMATIAS SAS | F43: Evento Especial | G43: Gloria Marcela Ramirez Ramirez | I43: CL 28 22 260 / 05237 DON MATIAS / CO | J43: ANTIOQUIA | K43: 46185.339 | L43: 46185.312 | M43: 46185.667 | N43: 46185.339 | Q43: PYC AGRÍCOLA ANT NORTE | R43: PEREZ Y CARDONA | S43: Gloria Marcela Ramirez Ramirez | T43: AGRO SURTICAMPO DONMATIAS SAS / CL 28 22 260 / 05237 DON MATIAS / CO | Y43: 0 | AB43: CL 28 22 260 / 05237 DON MATIAS | AC43: ANTIOQUIA | AD43: DON MATIAS | AF43: =TEXT(L43,"mmmm") -> junio | AH43: GALAGRO HUILA NAL. | AI43: marzo | AJ43: Andrea Sileny Pardo Pillimue | AK43: Día de campo | AL43: 1
A44: 199461 | B44: Completado | C44: Charla Sumitomo y Agafert | D44: 1401434 | E44: AGRICOLA ANTIOQUIA GENERICO | F44: Evento Especial | G44: César Augusto Montoya Sierra | I44: VRD LAS LAJAS / 05615 RIONEGRO / CO | J44: ANTIOQUIA | K44: 46185.442 | L44: 46184.667 | M44: 46184.792 | N44: 46185.442 | O44: 46185.443 | P44: Charla Sumitomo y Agafert | Q44: PYC AGRÍCOLA ANTIOQUIA DIRECCIÓN | R44: PEREZ Y CARDONA | S44: César Augusto Montoya Sierra | T44: AGRICOLA ANTIOQUIA GENERICO / VRD LAS LAJAS / 05615 RIONEGRO / CO | Y44: 0 | AB44: VRD LAS LAJAS / 05615 RIONEGRO | AC44: ANTIOQUIA | AD44: RIONEGRO | AF44: =TEXT(L44,"mmmm") -> junio | AH44: GALAGRO HUILA NAL. | AI44: marzo | AJ44: Andrea Sileny Pardo Pillimue | AK44: Evento Especial | AL44: 1
A45: 199483 | B45: En proceso | C45: Capacitación drones | D45: 1400707 | E45: GALAGRO ANTIOQUIA GENERICO | F45: Día de campo | G45: Miguel Andrés León Díaz | I45: 05541 PEÑOL / CO | J45: ANTIOQUIA | K45: 46185.645 | L45: 46185.333 | M45: 46185.708 | N45: 46185.646 | Q45: GALAGRO NORTE ANT. | R45: GALAGRO | S45: Miguel Andrés León Díaz | T45: GALAGRO ANTIOQUIA GENERICO / 05541 PEÑOL / CO | Y45: 0 | AB45: 05541 PEÑOL | AC45: ANTIOQUIA | AD45: PEÑOL | AF45: =TEXT(L45,"mmmm") -> junio | AH45: GALAGRO ORIENTE B ANT. | AI45: febrero | AJ45: Brarlyn Steven Garcia Castro | AK45: Día de campo | AL45: 1
A46: 199340 | B46: Completado | C46: Capacitación con drones | D46: 1337058 | E46: AGROPECUARIA DE PAPA SAS | F46: Evento Especial | G46: Juan David Rojas Rivera | I46: KM 2 FCA L RAMONA IZQ PEAJ LL CUIVA / 05686 SANTA ROSA DE OSOS / CO | J46: ANTIOQUIA | K46: 46184.712 | L46: 46185.375 | M46: 46185.583 | N46: 46185.416 | O46: 46185.883 | Q46: GALAGRO NORTE ANT. | R46: GALAGRO | S46: Juan David Rojas Rivera | T46: AGROPECUARIA DE PAPA SAS / KM 2 FCA L RAMONA IZQ PEAJ LL CUIVA / 05686 SANTA ROSA DE OSOS / CO | Y46: 0 | AB46: KM 2 FCA L RAMONA IZQ PEAJ LL CUIVA / 05686 SANTA ROSA DE OSOS | AC46: ANTIOQUIA | AD46: SANTA ROSA DE OSOS | AF46: =TEXT(L46,"mmmm") -> junio | AH46: GALAGRO BAJO CAUCA ANT. | AI46: febrero | AJ46: Yeison Antonio Arenilla Diaz | AK46: Evento Especial | AL46: 1
A47: 199562 | B47: Completado | C47: Evento especial | D47: 1400278 | E47: PYC PECUARIA GENERICO | F47: Evento Especial | G47: Edilberto Duque Maya | I47: 05001 MEDELLÍN / CO | J47: ANTIOQUIA | K47: 46186.411 | L47: 46186.375 | M47: 46186.583 | N47: 46186.411 | O47: 46186.656 | P47: Se realiza el evento con el impulso de Agripac Y wellness El día de hoy se regala muestras y se habla con los clientes que lleguen al negocio | Q47: PYC COMUNA 14 PECUARIA | R47: PEREZ Y CARDONA | S47: Edilberto Duque Maya | T47: PYC PECUARIA GENERICO / 05001 MEDELLÍN / CO | Y47: 0 | AB47: 05001 MEDELLÍN | AC47: ANTIOQUIA | AD47: MEDELLÍN | AF47: =TEXT(L47,"mmmm") -> junio | AH47: COLOMBIA - PYC | AI47: febrero | AJ47: Camila Rojas García | AK47: Evento Especial | AL47: 1
A48: 199608 | B48: Completado | C48: Evento especial | D48: 1344473 | E48: COOPERATIVA DE CAFICULTORES DE SALGAR TRILLADORA | F48: Evento Especial | G48: Juan José Montoya Estrada | I48: CR 15 30 31 / 05642 SALGAR / CO | J48: ANTIOQUIA | K48: 46189.419 | L48: 46189.625 | M48: 46189.708 | N48: 46189.662 | O48: 46190.414 | P48: Evento especial con mostradores, capacitación de portafolio | Q48: PYC AGRÍCOLA ANT SUROESTE | R48: PEREZ Y CARDONA | S48: Juan José Montoya Estrada | T48: COOPERATIVA DE CAFICULTORES DE SALGAR TRILLADORA / CR 15 30 31 / 05642 SALGAR / CO | Y48: 0 | AB48: CR 15 30 31 / 05642 SALGAR | AC48: ANTIOQUIA | AD48: SALGAR | AF48: =TEXT(L48,"mmmm") -> junio | AH48: PYC GUILLÉN ANTIOQUIA | AI48: febrero | AJ48: Leidy Astrid Restrepo Acevedo | AK48: Evento Especial | AL48: 2
A49: 199968 | B49: Completado | C49: Visita de quimin cales | D49: 1590933 | E49: IGNACIO RESTREPO FINCA LA PERLA | F49: Día de campo | G49: Carolina María Escobar Londoño | I49: Vereda el topacio / 05686 SANTA ROSA DE OSOS / CO | J49: ANTIOQUIA | K49: 46191.428 | L49: 46191.333 | M49: 46191.5 | N49: 46191.428 | O49: 46192.356 | Q49: PYC AGRÍCOLA ANT NORTE | R49: PEREZ Y CARDONA | S49: Carolina María Escobar Londoño | T49: IGNACIO RESTREPO FINCA LA PERLA / Vereda el topacio / 05686 SANTA ROSA DE OSOS / CO | Y49: 0 | AB49: Vereda el topacio / 05686 SANTA ROSA DE OSOS | AC49: ANTIOQUIA | AD49: SANTA ROSA DE OSOS | AF49: =TEXT(L49,"mmmm") -> junio | AH49: PYC COMUNA 5 Y 11 PECUARIA | AI49: febrero | AJ49: Paola Andrea Jaramillo García | AK49: Evento Especial | AL49: 1
A50: 200167 | B50: Completado | C50: Reunión FERIA IMPULSA | D50: 1597015 | E50: COOPERATIVA SUPRESENCIA COOPERATIVA SUPRESENCIA | F50: Evento Especial | G50: Maria Del Pilar Hernandez | I50: CO | K50: 46192.342 | L50: 46192.354 | M50: 46192.458 | N50: 46192.359 | O50: 46192.481 | Q50: PYC GUILLÉN NACIONAL | R50: PEREZ Y CARDONA | S50: Maria Del Pilar Hernandez | T50: COOPERATIVA SUPRESENCIA COOPERATIVA SUPRESENCIA / CO | Y50: 0 | AB50: CO | AF50: =TEXT(L50,"mmmm") -> junio | AH50: GALAGRO BOYACA NAL. | AI50: marzo | AJ50: Fredy Alberto Guzmán Daza | AK50: Evento Especial | AL50: 1
A51: 200356 | B51: Completado | C51: Asitencia | D51: 1282070 | E51: RODRIGUEZ MORENO MARCO EMILIO IMPULSAGRO | F51: Día de campo | G51: Julio Andrés Cuspoca Martínez | I51: CL 3 4 81 / 15476 MOTAVITA / CO | J51: BOYACA | K51: 46195.327 | L51: 46196 | M51: 46196.021 | N51: 46196.421 | O51: 46196.629 | P51: Se realizo presentacion de portafolio a agricultores de vereda puente piedra y acompañamiento en aplicacion demostrativa con Dron | Q51: GALAGRO BOYACA NAL. | R51: GALAGRO | S51: Julio Andrés Cuspoca Martínez | T51: RODRIGUEZ MORENO MARCO EMILIO IMPULSAGRO / CL 3 4 81 / 15476 MOTAVITA / CO | Y51: 0 | AB51: CL 3 4 81 / 15476 MOTAVITA | AC51: BOYACA | AD51: MOTAVITA | AF51: =TEXT(L51,"mmmm") -> junio | AH51: GALAGRO BOYACA NAL. | AI51: marzo | AJ51: Julio Andrés Cuspoca Martínez | AK51: Evento Especial | AL51: 1
A52: 200672 | B52: Completado | C52: Evento especial | D52: 1400278 | E52: PYC PECUARIA GENERICO | F52: Evento Especial | G52: Edilberto Duque Maya | I52: 05001 MEDELLÍN / CO | J52: ANTIOQUIA | K52: 46196.566 | L52: 46196.583 | M52: 46196.667 | N52: 46196.566 | O52: 46196.711 | P52: Capacitación con cannae Diego | Q52: PYC COMUNA 14 PECUARIA | R52: PEREZ Y CARDONA | S52: Edilberto Duque Maya | T52: PYC PECUARIA GENERICO / 05001 MEDELLÍN / CO | Y52: 0 | AB52: 05001 MEDELLÍN | AC52: ANTIOQUIA | AD52: MEDELLÍN | AF52: =TEXT(L52,"mmmm") -> junio | AH52: GALAGRO META NAL. | AI52: marzo | AJ52: Juan David Rojas Rivera | AK52: Evento Especial | AL52: 4
A53: 196187 | B53: Completado | C53: VISITA AGAFER | D53: 1401434 | E53: AGRICOLA ANTIOQUIA GENERICO | F53: Día de campo | G53: Alejandro Suárez García | I53: VRD LAS LAJAS / 05615 RIONEGRO / CO | J53: ANTIOQUIA | K53: 46156.866 | L53: 46178.333 | M53: 46178.708 | N53: 46198.825 | O53: 46198.825 | Q53: PYC AGRÍCOLA ANT ORIENTE B | R53: PEREZ Y CARDONA | S53: Alejandro Suárez García | T53: AGRICOLA ANTIOQUIA GENERICO / VRD LAS LAJAS / 05615 RIONEGRO / CO | Y53: 0 | AB53: VRD LAS LAJAS / 05615 RIONEGRO | AC53: ANTIOQUIA | AD53: RIONEGRO | AF53: =TEXT(L53,"mmmm") -> junio | AH53: (en blanco) | AI53: (en blanco) | AJ53: (en blanco) | AK53: (en blanco)
A54: 200976 | B54: En proceso | C54: Charla tecnica ganadera | D54: 1131277 | E54: MAS CAMPO ZH SAS | F54: Evento Especial | G54: Carolina María Escobar Londoño | I54: AV 38 31 154 SEC LA VARIANTE / 05686 SANTA ROSA DE OSOS / CO | J54: ANTIOQUIA | K54: 46198.833 | L54: 46198.625 | M54: 46198.875 | N54: 46198.833 | Q54: PYC AGRÍCOLA ANT NORTE | R54: PEREZ Y CARDONA | S54: Carolina María Escobar Londoño | T54: MAS CAMPO ZH SAS / AV 38 31 154 SEC LA VARIANTE / 05686 SANTA ROSA DE OSOS / CO | Y54: 0 | AB54: AV 38 31 154 SEC LA VARIANTE / 05686 SANTA ROSA DE OSOS | AC54: ANTIOQUIA | AD54: SANTA ROSA DE OSOS | AF54: =TEXT(L54,"mmmm") -> junio | AH54: Total general | AL54: 84
A55: 200996 | B55: Completado | C55: Evento, charla | D55: 1401434 | E55: AGRICOLA ANTIOQUIA GENERICO | F55: Evento Especial | G55: Gloria Marcela Ramirez Ramirez | I55: VRD LAS LAJAS / 05615 RIONEGRO / CO | J55: ANTIOQUIA | K55: 46198.966 | L55: 46198.75 | M55: 46198.917 | N55: 46198.966 | O55: 46198.966 | P55: Evento especial, charla técnica | Q55: PYC AGRÍCOLA ANT NORTE | R55: PEREZ Y CARDONA | S55: Gloria Marcela Ramirez Ramirez | T55: AGRICOLA ANTIOQUIA GENERICO / VRD LAS LAJAS / 05615 RIONEGRO / CO | Y55: 0 | AB55: VRD LAS LAJAS / 05615 RIONEGRO | AC55: ANTIOQUIA | AD55: RIONEGRO | AF55: =TEXT(L55,"mmmm") -> junio
A56: 200974 | B56: Completado | C56: Charla tecnica ganadera sta rosa de osos | D56: 1401434 | E56: AGRICOLA ANTIOQUIA GENERICO | F56: Evento Especial | G56: Juan Felipe Botero Gómez | I56: VRD LAS LAJAS / 05615 RIONEGRO / CO | J56: ANTIOQUIA | K56: 46198.831 | L56: 46198.708 | M56: 46198.875 | N56: 46198.832 | O56: 46199.278 | Q56: PYC AGRÍCOLA ANT VALLE ABURRÁ | R56: PEREZ Y CARDONA | S56: Juan Felipe Botero Gómez | T56: AGRICOLA ANTIOQUIA GENERICO / VRD LAS LAJAS / 05615 RIONEGRO / CO | Y56: 0 | AB56: VRD LAS LAJAS / 05615 RIONEGRO | AC56: ANTIOQUIA | AD56: RIONEGRO | AF56: =TEXT(L56,"mmmm") -> junio
A57: 200386 | B57: Completado | C57: Evento Barbosa | D57: 1340587 | E57: DISTRIBUCIONES ARAMA LTDA | F57: Evento Especial | G57: Annuar Andrey Hoyos Muñoz | I57: CR 8 20 148 BG 10 / 68001 BUCARAMANGA / CO | J57: SANTANDER | K57: 46195.381 | L57: 46199.396 | M57: 46199.708 | N57: 46199.605 | O57: 46199.702 | Q57: GALAGRO SANTANDER NAL. | R57: GALAGRO | S57: Annuar Andrey Hoyos Muñoz | T57: DISTRIBUCIONES ARAMA LTDA / CR 8 20 148 BG 10 / 68001 BUCARAMANGA / CO | Y57: 0 | AB57: CR 8 20 148 BG 10 / 68001 BUCARAMANGA | AC57: SANTANDER | AD57: BUCARAMANGA | AF57: =TEXT(L57,"mmmm") -> junio
A58: 201197 | B58: Completado | C58: Expozuarez Barbosa Santander | D58: 1340587 | E58: DISTRIBUCIONES ARAMA LTDA | F58: Evento Especial | G58: Annuar Andrey Hoyos Muñoz | I58: CR 8 20 148 BG 10 / 68001 BUCARAMANGA / CO | J58: SANTANDER | K58: 46200.414 | L58: 46200.333 | M58: 46200.75 | N58: 46200.414 | O58: 46200.668 | Q58: GALAGRO SANTANDER NAL. | R58: GALAGRO | S58: Annuar Andrey Hoyos Muñoz | T58: DISTRIBUCIONES ARAMA LTDA / CR 8 20 148 BG 10 / 68001 BUCARAMANGA / CO | Y58: 0 | AB58: CR 8 20 148 BG 10 / 68001 BUCARAMANGA | AC58: SANTANDER | AD58: BUCARAMANGA | AF58: =TEXT(L58,"mmmm") -> junio
A59: 201119 | B59: Completado | C59: Feria expozuarez Barbosa Santander | D59: 1340587 | E59: DISTRIBUCIONES ARAMA LTDA | F59: Evento Especial | G59: Annuar Andrey Hoyos Muñoz | I59: CR 8 20 148 BG 10 / 68001 BUCARAMANGA / CO | J59: SANTANDER | K59: 46201.258 | L59: 46201.333 | M59: 46201.667 | N59: 46201.373 | O59: 46201.524 | Q59: GALAGRO SANTANDER NAL. | R59: GALAGRO | S59: Annuar Andrey Hoyos Muñoz | T59: DISTRIBUCIONES ARAMA LTDA / CR 8 20 148 BG 10 / 68001 BUCARAMANGA / CO | Y59: 0 | AB59: CR 8 20 148 BG 10 / 68001 BUCARAMANGA | AC59: SANTANDER | AD59: BUCARAMANGA | AF59: =TEXT(L59,"mmmm") -> junio
A60: 200771 | B60: Completado | C60: Día del campesino | D60: 1146614 | E60: QUITIAQUEZ FUELPAZ JUAN ARMANDO ALMACEN AGROPECUARIO LA FINCA CARLOSAMA | F60: Evento Especial | G60: Angie Cristina Rodríguez Muñoz | I60: CR 4 6 55 BRR SANTANDER / 52224 CUASPUD / CO | J60: NARIÑO | K60: 46197.38 | L60: 46201.375 | M60: 46201.625 | N60: 46201.381 | O60: 46202.286 | Q60: GALAGRO NARIÑO NAL. | R60: GALAGRO | S60: Angie Cristina Rodríguez Muñoz | T60: QUITIAQUEZ FUELPAZ JUAN ARMANDO ALMACEN AGROPECUARIO LA FINCA CARLOSAMA / CR 4 6 55 BRR SANTANDER / | Y60: 0 | AB60: CR 4 6 55 BRR SANTANDER / | AC60: NARIÑO | AD60: CUASPUD | AF60: =TEXT(L60,"mmmm") -> junio
A61: 201259 | B61: Completado | C61: Acompañamiento a productores de Gulupa en charla técnica de la ADR | D61: 1400070 | E61: GALAGRO NACIONAL GENERICO | F61: Evento Especial | G61: Fredy Alberto Guzmán Daza | I61: 41551 PITALITO / CO | J61: HUILA | K61: 46202.699 | L61: 46201.438 | M61: 46201.562 | N61: 46201.439 | O61: 46201.578 | P61: asistencia de 10 productores de Gulupa . presentan portafolio Charla de Nutrición. | Q61: GALAGRO BOYACA NAL. | R61: GALAGRO | S61: Fredy Alberto Guzmán Daza | T61: GALAGRO NACIONAL GENERICO / 41551 PITALITO / CO | Y61: 0 | AB61: 41551 PITALITO | AC61: HUILA | AD61: PITALITO | AF61: =TEXT(L61,"mmmm") -> junio
A62: 201226 | B62: Completado | C62: Recorrido agafer | D62: 1190661 | E62: RAMIREZ GOMEZ LUZ DARY | F62: Día de campo | G62: Edison Ferney Rivera Muñoz | I62: CL 50 48 65 / 05318 GUARNE / CO | J62: ANTIOQUIA | K62: 46199.982 | L62: 46178.333 | M62: 46178.688 | N62: 46199.982 | O62: 46203.753 | Q62: PYC AGRÍCOLA ANT ORIENTE B | R62: PEREZ Y CARDONA | S62: Edison Ferney Rivera Muñoz | T62: RAMIREZ GOMEZ LUZ DARY / CL 50 48 65 / 05318 GUARNE / CO | Y62: 0 | AB62: CL 50 48 65 / 05318 GUARNE | AC62: ANTIOQUIA | AD62: GUARNE | AF62: =TEXT(L62,"mmmm") -> junio
A63: 191077 | B63: Completado | C63: Preparacion del producto y aplicacion | D63: 1577450 | E63: Claudia Anaya Providencia | F63: Día de campo | G63: (Vacante) Jonathan De Jesús Salcedo Arango | I63: CO | K63: 46113.358 | L63: 46113.312 | M63: 46113.604 | N63: 46113.361 | O63: 46113.524 | P63: Se hizo un recorrido en una parte de la finca que van hacer las próximas en ser fumigadas, se identificaron ciertas malezas que son más duras de controlar, se le va hacer un plan de aplicación para fichas malezas | Q63: PYC AGRÍCOLA ANT CÓRDOBA | R63: PEREZ Y CARDONA | S63: (Vacante) Jonathan De Jesús Salcedo Arango | T63: Claudia Anaya Providencia / CO | Y63: 0 | AB63: CO | AF63: =TEXT(L63,"mmmm") -> abril
A64: 191862 | B64: Completado | C64: Toma feria ganadera de santa rosa con sumitomo | D64: 1401434 | E64: AGRICOLA ANTIOQUIA GENERICO | F64: Evento Especial | G64: Carolina María Escobar Londoño | I64: VRD LAS LAJAS / 05615 RIONEGRO / CO | J64: ANTIOQUIA | K64: 46121.537 | L64: 46121.375 | M64: 46121.792 | N64: 46121.537 | O64: 46121.537 | Q64: PYC AGRÍCOLA ANT NORTE | R64: PEREZ Y CARDONA | S64: Carolina María Escobar Londoño | T64: AGRICOLA ANTIOQUIA GENERICO / VRD LAS LAJAS / 05615 RIONEGRO / CO | Y64: 0 | AB64: VRD LAS LAJAS / 05615 RIONEGRO | AC64: ANTIOQUIA | AD64: RIONEGRO | AF64: =TEXT(L64,"mmmm") -> abril
A65: 191820 | B65: Completado | C65: INVITACIÓN AGRONOMOS TIERRAGRO | D65: 1344771 | E65: PEREZ Y CARDONA S.A.S. TIERRAGRO ITAGUI | F65: Evento Especial | G65: Estefania Osorio Usuga | I65: CR 42 84 05 / 05360 ITAGUI / CO | J65: ANTIOQUIA | K65: 46121.66 | L65: 46121.667 | M65: 46121.833 | N65: 46121.66 | O65: 46121.842 | Q65: GALAGRO VALLE DE ABURRA ANT. | R65: GALAGRO | S65: Estefania Osorio Usuga | T65: PEREZ Y CARDONA S.A.S. TIERRAGRO ITAGUI / CR 42 84 05 / 05360 ITAGUI / CO | Y65: 0 | AB65: CR 42 84 05 / 05360 ITAGUI | AC65: ANTIOQUIA | AD65: ITAGUI | AF65: =TEXT(L65,"mmmm") -> abril
A66: 188898 | B66: Completado | C66: Subasta especial sumitomo | D66: 1131277 | E66: MAS CAMPO ZH SAS | F66: Evento Especial | G66: Gloria Marcela Ramirez Ramirez | I66: AV 38 31 154 SEC LA VARIANTE / 05686 SANTA ROSA DE OSOS / CO | J66: ANTIOQUIA | K66: 46097.627 | L66: 46121.375 | M66: 46121.75 | N66: 46121.525 | O66: 46121.991 | Q66: PYC AGRÍCOLA ANT NORTE | R66: PEREZ Y CARDONA | S66: Gloria Marcela Ramirez Ramirez | T66: MAS CAMPO ZH SAS / AV 38 31 154 SEC LA VARIANTE / 05686 SANTA ROSA DE OSOS / CO | Y66: 0 | AB66: AV 38 31 154 SEC LA VARIANTE / 05686 SANTA ROSA DE OSOS | AC66: ANTIOQUIA | AD66: SANTA ROSA DE OSOS | AF66: =TEXT(L66,"mmmm") -> abril
A67: 191350 | B67: Completado | C67: Revisión plan España y actividad con Tierragro | D67: 1400707 | E67: GALAGRO ANTIOQUIA GENERICO | F67: Evento Especial | G67: Juan David Rojas Rivera | I67: 05541 PEÑOL / CO | J67: ANTIOQUIA | K67: 46119.731 | L67: 46121.333 | M67: 46121.833 | N67: 46121.451 | O67: 46122.322 | Q67: GALAGRO ANTIOQUIA COORDINACIÓN | R67: GALAGRO | S67: Juan David Rojas Rivera | T67: GALAGRO ANTIOQUIA GENERICO / 05541 PEÑOL / CO | Y67: 0 | AB67: 05541 PEÑOL | AC67: ANTIOQUIA | AD67: PEÑOL | AF67: =TEXT(L67,"mmmm") -> abril
A68: 192244 | B68: Completado | C68: Reunión | D68: 1333192 | E68: PEREZ Y CARDONA S.A.S. TIERRAGRO MEDELLIN | F68: Evento Especial | G68: Camila Rojas García | I68: CL 32 48 45 / 05001 MEDELLIN / CO | J68: ANTIOQUIA | K68: 46126.337 | L68: 46126.333 | M68: 46126.417 | N68: 46126.337 | O68: 46126.687 | Q68: PYC PECUARIA COORDINACIÓN | R68: PEREZ Y CARDONA | S68: Camila Rojas García | T68: PEREZ Y CARDONA S.A.S. TIERRAGRO MEDELLIN / CL 32 48 45 / 05001 MEDELLIN / CO | Y68: 0 | AB68: CL 32 48 45 / 05001 MEDELLIN | AC68: ANTIOQUIA | AD68: MEDELLIN | AF68: =TEXT(L68,"mmmm") -> abril
A69: 192468 | B69: Completado | C69: PERMISO REUNIÓN COLEGIO | D69: 1400278 | E69: PYC PECUARIA GENERICO | F69: Evento Especial | G69: Elizabeth Sanmartin Vasquez | I69: 05001 MEDELLÍN / CO | J69: ANTIOQUIA | K69: 46127.394 | L69: 46127.354 | M69: 46127.396 | N69: 46127.394 | O69: 46127.395 | P69: PERMISO DE PARTE DE MI JEFE INMEDIATA PARA ASISTER CON URGENCIA A ESTE LLAMADO DEPARTE DEL COLEGIO DE MI HIJA | Q69: PYC NORTE 2 PECUARIA | R69: PEREZ Y CARDONA | S69: Elizabeth Sanmartin Vasquez | T69: PYC PECUARIA GENERICO / 05001 MEDELLÍN / CO | Y69: 0 | AB69: 05001 MEDELLÍN | AC69: ANTIOQUIA | AD69: MEDELLÍN | AF69: =TEXT(L69,"mmmm") -> abril
A70: 192853 | B70: Completado | C70: Vista finca | D70: 1583091 | E70: Multiservicios del campo JE SAS Finca Janne | F70: Día de campo | G70: (Vacante) Jonathan De Jesús Salcedo Arango | I70: CO | K70: 46129.485 | L70: 46129.479 | M70: 46129.521 | N70: 46129.487 | O70: 46129.512 | Q70: PYC AGRÍCOLA ANT CÓRDOBA | R70: PEREZ Y CARDONA | S70: (Vacante) Jonathan De Jesús Salcedo Arango | T70: Multiservicios del campo JE SAS Finca Janne / CO | Y70: 0 | AB70: CO | AF70: =TEXT(L70,"mmmm") -> abril
A71: 192907 | B71: Completado | C71: Revision de lotes fumigados | D71: 1577450 | E71: Claudia Anaya Providencia | F71: Día de campo | G71: (Vacante) Jonathan De Jesús Salcedo Arango | I71: CO | K71: 46130.566 | L71: 46130.333 | M71: 46130.521 | N71: 46130.567 | O71: 46130.567 | Q71: PYC AGRÍCOLA ANT CÓRDOBA | R71: PEREZ Y CARDONA | S71: (Vacante) Jonathan De Jesús Salcedo Arango | T71: Claudia Anaya Providencia / CO | Y71: 0 | AB71: CO | AF71: =TEXT(L71,"mmmm") -> abril
A72: 192998 | B72: Completado | C72: Dia de campo con hortalizas y cafe | D72: 1400070 | E72: GALAGRO NACIONAL GENERICO | F72: Día de campo | G72: Andrea Sileny Pardo Pillimue | I72: 41551 PITALITO / CO | J72: HUILA | K72: 46133.339 | L72: 46133.354 | M72: 46133.5 | N72: 46133.392 | O72: 46133.579 | Q72: GALAGRO HUILA NAL. | R72: GALAGRO | S72: Andrea Sileny Pardo Pillimue | T72: GALAGRO NACIONAL GENERICO / 41551 PITALITO / CO | Y72: 0 | AB72: 41551 PITALITO | AC72: HUILA | AD72: PITALITO | AF72: =TEXT(L72,"mmmm") -> abril
A73: 193376 | B73: Completado | C73: Ensayo de torch milti mas nufuron | D73: 1583091 | E73: Multiservicios del campo JE SAS Finca Janne | F73: Día de campo | G73: (Vacante) Jonathan De Jesús Salcedo Arango | I73: CO | K73: 46134.29 | L73: 46134.292 | M73: 46134.417 | N73: 46134.312 | O73: 46134.409 | Q73: PYC AGRÍCOLA ANT CÓRDOBA | R73: PEREZ Y CARDONA | S73: (Vacante) Jonathan De Jesús Salcedo Arango | T73: Multiservicios del campo JE SAS Finca Janne / CO | Y73: 0 | AB73: CO | AF73: =TEXT(L73,"mmmm") -> abril
A74: 193549 | B74: Completado | C74: Aplicación con dron | D74: 1384679 | E74: JOSE LUIS PEREZ SHANGAI | F74: Día de campo | G74: Carolina María Escobar Londoño | I74: VRD SANTA BARBARA / 05686 SANTA ROSA DE OSOS / CO | J74: ANTIOQUIA | K74: 46134.537 | L74: 46134.354 | M74: 46134.479 | N74: 46134.537 | O74: 46134.538 | Q74: PYC AGRÍCOLA ANT NORTE | R74: PEREZ Y CARDONA | S74: Carolina María Escobar Londoño | T74: JOSE LUIS PEREZ SHANGAI / VRD SANTA BARBARA / 05686 SANTA ROSA DE OSOS / CO | Y74: 0 | AB74: VRD SANTA BARBARA / 05686 SANTA ROSA DE OSOS | AC74: ANTIOQUIA | AD74: SANTA ROSA DE OSOS | AF74: =TEXT(L74,"mmmm") -> abril
A75: 192148 | B75: Completado | C75: PARTICIPACIÓN EN CHARLA TECNICA CON PRODUCTORES PAPA R12 INDUSTRIAL GRUPO DE PROYECTO CON LA ADR | D75: 1590115 | E75: JACINTO ROJAS ASOPRODUJEN | F75: Evento Especial | G75: Fredy Alberto Guzmán Daza | I75: VEREDA PAECES BAJO / CO | J75: BOYACA | K75: 46125.068 | L75: 46134.375 | M75: 46134.667 | N75: 46134.405 | O75: 46134.675 | P75: Capacitación a 70,agricultores de diferentes zonas de departamentos para conocer planta clasificadora de papa de esta asociación de productores de Semillas. | Q75: GALAGRO BOYACA NAL. | R75: GALAGRO | S75: Fredy Alberto Guzmán Daza | T75: JACINTO ROJAS ASOPRODUJEN / VEREDA PAECES BAJO / CO | Y75: 0 | AB75: VEREDA PAECES BAJO | AC75: BOYACA | AF75: =TEXT(L75,"mmmm") -> abril
A76: 193590 | B76: Completado | C76: Georreferenciacion | D76: 1590115 | E76: JACINTO ROJAS ASOPRODUJEN | F76: Evento Especial | G76: Fredy Alberto Guzmán Daza | I76: VEREDA PAECES BAJO / CO | J76: BOYACA | K76: 46134.676 | L76: 46134.667 | M76: 46134.688 | N76: 46134.676 | O76: 46134.676 | Q76: GALAGRO BOYACA NAL. | R76: GALAGRO | S76: Fredy Alberto Guzmán Daza | T76: JACINTO ROJAS ASOPRODUJEN / VEREDA PAECES BAJO / CO | Y76: 0 | AB76: VEREDA PAECES BAJO | AC76: BOYACA | AF76: =TEXT(L76,"mmmm") -> abril
A77: 191891 | B77: Completado | C77: Traslado de mercancia | D77: 1142787 | E77: LA CASA DEL AGRO MCU SAS | F77: Evento Especial | G77: Edison Ferney Rivera Muñoz | I77: CL 27 28 29 B G 110 CC LOS SAUCES / 05440 MARINILLA / CO | J77: ANTIOQUIA | K77: 46121.527 | L77: 46121.604 | M77: 46121.667 | N77: 46134.955 | O77: 46134.955 | Q77: PYC AGRÍCOLA ANT ORIENTE B | R77: PEREZ Y CARDONA | S77: Edison Ferney Rivera Muñoz | T77: LA CASA DEL AGRO MCU SAS / CL 27 28 29 B G 110 CC LOS SAUCES / 05440 MARINILLA / CO | Y77: 0 | AB77: CL 27 28 29 B G 110 CC LOS SAUCES / 05440 MARINILLA | AC77: ANTIOQUIA | AD77: MARINILLA | AF77: =TEXT(L77,"mmmm") -> abril
A78: 193683 | B78: Completado | C78: Capacitación | D78: 1332956 | E78: RODRIGUEZ GONZALEZ LUIS ALBERTO ALMACEN AGROPECUARIO LOS MEJORES PR | F78: Evento Especial | G78: Brarlyn Steven Garcia Castro | I78: CL 52 A 50 39 / 05697 EL SANTUARIO / CO | J78: ANTIOQUIA | K78: 46135.395 | L78: 46134.792 | M78: 46134.896 | N78: 46135.395 | O78: 46135.395 | Q78: GALAGRO ORIENTE B ANT. | R78: GALAGRO | S78: Brarlyn Steven Garcia Castro | T78: RODRIGUEZ GONZALEZ LUIS ALBERTO ALMACEN AGROPECUARIO LOS MEJORES PR / CL 52 A 50 39 / 05697 EL SANTU | Y78: 0 | AB78: CL 52 A 50 39 / 05697 EL SANTU | AC78: ANTIOQUIA | AD78: EL SANTUARIO | AF78: =TEXT(L78,"mmmm") -> abril
A79: 193925 | B79: Completado | C79: Promocion de productos | D79: 1242989 | E79: OCHOA JARAMILLO ANDRES FELIPE | F79: Día de campo | G79: (Vacante) Jonathan De Jesús Salcedo Arango | I79: KM 5 VIA CIENAGA DE ORO / 23162 CERETE / CO | J79: CORDOBA | K79: 46136.449 | L79: 46136.396 | M79: 46136.458 | N79: 46136.449 | O79: 46136.46 | P79: Visitamos ma finca para ver si ya estaban empezando a sembrar, pero aun no empiezan, están en arreglo y calibración de maquinaria | Q79: PYC AGRÍCOLA ANT CÓRDOBA | R79: PEREZ Y CARDONA | S79: (Vacante) Jonathan De Jesús Salcedo Arango | T79: OCHOA JARAMILLO ANDRES FELIPE / KM 5 VIA CIENAGA DE ORO / 23162 CERETE / CO | Y79: 0 | AB79: KM 5 VIA CIENAGA DE ORO / 23162 CERETE | AC79: CORDOBA | AD79: CERETE | AF79: =TEXT(L79,"mmmm") -> abril
A80: 193856 | B80: Completado | C80: Una noche con agrocaminos restaurante espezia | D80: 1344583 | E80: PEREZ Y CARDONA S.A.S. AGROCAMINO LA UNION | F80: Evento Especial | G80: Juan Felipe Botero Gómez | I80: CR 9 12 06 / 05400 LA UNION / CO | J80: ANTIOQUIA | K80: 46135.806 | L80: 46136.75 | M80: 46136.833 | N80: 46136.723 | O80: 46136.868 | Q80: PYC AGRÍCOLA ANT VALLE ABURRÁ | R80: PEREZ Y CARDONA | S80: Juan Felipe Botero Gómez | T80: PEREZ Y CARDONA S.A.S. AGROCAMINO LA UNION / CR 9 12 06 / 05400 LA UNION / CO | Y80: 0 | AB80: CR 9 12 06 / 05400 LA UNION | AC80: ANTIOQUIA | AD80: LA UNION | AF80: =TEXT(L80,"mmmm") -> abril
A81: 193957 | B81: Completado | C81: Día de campo federación | D81: 1406317 | E81: AGROCAFICAUCA DE INZA AGROCAFICAUCA DE INZA | F81: Evento Especial | G81: Tatiana Marcela Velasco Vasquez | I81: CRA 5 # 5A - 13 BARRIO CENTRO/INZA / 19355 Inza / CO | J81: CAUCA | K81: 46136.471 | L81: 46136.25 | M81: 46136.667 | N81: 46136.471 | O81: 46137.471 | Q81: GALAGRO CAUCA NAL. | R81: GALAGRO | S81: Tatiana Marcela Velasco Vasquez | T81: AGROCAFICAUCA DE INZA AGROCAFICAUCA DE INZA / CRA 5 # 5A - 13 BARRIO CENTRO/INZA / 19355 Inza / CO | Y81: 0 | AB81: CRA 5 # 5A - 13 BARRIO CENTRO/INZA / 19355 Inza | AC81: CAUCA | AD81: Inza | AF81: =TEXT(L81,"mmmm") -> abril
A82: 194009 | B82: Completado | C82: Visita finca para armar plan de control de malezas | D82: 1582808 | E82: Ortogan Pedro Jaller | F82: Día de campo | G82: (Vacante) Jonathan De Jesús Salcedo Arango | I82: Calle 61 N 8-66 / 23001 MONTERIA / CO | J82: CORDOBA | K82: 46137.558 | L82: 46137.396 | M82: 46137.521 | N82: 46137.558 | O82: 46137.558 | P82: Se observo ciertas malezas duras xe controlar, pero se le recomendó torch más nufuron, | Q82: PYC AGRÍCOLA ANT CÓRDOBA | R82: PEREZ Y CARDONA | S82: (Vacante) Jonathan De Jesús Salcedo Arango | T82: Ortogan Pedro Jaller / Calle 61 N 8-66 / 23001 MONTERIA / CO | Y82: 0 | AB82: Calle 61 N 8-66 / 23001 MONTERIA | AC82: CORDOBA | AD82: MONTERIA | AF82: =TEXT(L82,"mmmm") -> abril
A83: 193050 | B83: Completado | C83: Charla tecnica | D83: 1430394 | E83: ROJAS DAZA JACINTO ASOPRODUJEN | F83: Evento Especial | G83: Julio Andrés Cuspoca Martínez | I83: Km 4 VIA TIERRA NEGRA A JENESANO / 15367 JENESANO / CO | J83: BOYACA | K83: 46132.332 | L83: 46134 | M83: 46134.021 | N83: 46134.671 | O83: 46134.678 | P83: Empezamos actividad a las 9 am, capacitando a 72 agricultores | Q83: GALAGRO BOYACA NAL. | R83: GALAGRO | S83: Julio Andrés Cuspoca Martínez | T83: ROJAS DAZA JACINTO ASOPRODUJEN / Km 4 VIA TIERRA NEGRA A JENESANO / 15367 JENESANO / CO | Y83: 0 | AB83: Km 4 VIA TIERRA NEGRA A JENESANO / 15367 JENESANO | AC83: BOYACA | AD83: JENESANO | AF83: =TEXT(L83,"mmmm") -> abril
A84: 194048 | B84: Completado | C84: Revisión de fumigacion con torch y mirar estado de las malezas | D84: 1581734 | E84: Juan Camilo Garcia Anaya La Gloria | F84: Día de campo | G84: (Vacante) Jonathan De Jesús Salcedo Arango | I84: CO | K84: 46140.255 | L84: 46140.271 | M84: 46140.521 | N84: 46140.287 | O84: 46140.598 | Q84: PYC AGRÍCOLA ANT CÓRDOBA | R84: PEREZ Y CARDONA | S84: (Vacante) Jonathan De Jesús Salcedo Arango | T84: Juan Camilo Garcia Anaya La Gloria / CO | Y84: 0 | AB84: CO | AF84: =TEXT(L84,"mmmm") -> abril
A85: 194402 | B85: Completado | C85: Seguimiento a ensayo | D85: 1583091 | E85: Multiservicios del campo JE SAS Finca Janne | F85: Día de campo | G85: (Vacante) Jonathan De Jesús Salcedo Arango | I85: CO | K85: 46141.341 | L85: 46141.333 | M85: 46141.5 | N85: 46141.341 | O85: 46141.54 | P85: Se está intentando trabajar el producto en toda la finca | Q85: PYC AGRÍCOLA ANT CÓRDOBA | R85: PEREZ Y CARDONA | S85: (Vacante) Jonathan De Jesús Salcedo Arango | T85: Multiservicios del campo JE SAS Finca Janne / CO | Y85: 0 | AB85: CO | AF85: =TEXT(L85,"mmmm") -> abril
A86: 193032 | B86: Completado | C86: PARTICIPACIÓN EN CHARLA TÉCNICA CON PRODUCTORES DE GULUPA DE LA ZONA DE SUTAMARCHAN | D86: 1480742 | E86: AVILA SANCHEZ NESTOR ROLANDO ROLAGRO SUTA CENTRO | F86: Evento Especial | G86: Fredy Alberto Guzmán Daza | I86: CALLE 5 # 4-22 / 15776 SUTAMARCHAN / CO | J86: BOYACA | K86: 46132.354 | L86: 46136.583 | M86: 46136.667 | N86: 46136.643 | O86: 46141.739 | Q86: GALAGRO BOYACA NAL. | R86: GALAGRO | S86: Fredy Alberto Guzmán Daza | T86: AVILA SANCHEZ NESTOR ROLANDO ROLAGRO SUTA CENTRO / CALLE 5 # 4-22 / 15776 SUTAMARCHAN / CO | Y86: 0 | AB86: CALLE 5 # 4-22 / 15776 SUTAMARCHAN | AC86: BOYACA | AD86: SUTAMARCHAN | AF86: =TEXT(L86,"mmmm") -> abril
A87: 191820 | B87: Completado | C87: INVITACIÓN AGRONOMOS TIERRAGRO | D87: 1344771 | E87: PEREZ Y CARDONA S.A.S. TIERRAGRO ITAGUI | F87: Evento Especial | G87: Estefania Osorio Usuga | I87: CR 42 84 05 / 05360 ITAGUI / CO | J87: ANTIOQUIA | K87: 46121.66 | L87: 46121.667 | M87: 46121.833 | N87: 46121.66 | O87: 46121.842 | Q87: GALAGRO VALLE DE ABURRA ANT. | R87: GALAGRO | S87: Estefania Osorio Usuga | T87: PEREZ Y CARDONA S.A.S. TIERRAGRO ITAGUI / CR 42 84 05 / 05360 ITAGUI / CO | Y87: 0 | AB87: CR 42 84 05 / 05360 ITAGUI | AC87: ANTIOQUIA | AD87: ITAGUI | AF87: =TEXT(L87,"mmmm") -> abril
A88: 191350 | B88: Completado | C88: Revisión plan España y actividad con Tierragro | D88: 1400707 | E88: GALAGRO ANTIOQUIA GENERICO | F88: Evento Especial | G88: Juan David Rojas Rivera | I88: 05541 PEÑOL / CO | J88: ANTIOQUIA | K88: 46119.731 | L88: 46121.333 | M88: 46121.833 | N88: 46121.451 | O88: 46122.322 | Q88: GALAGRO ANTIOQUIA COORDINACIÓN | R88: GALAGRO | S88: Juan David Rojas Rivera | T88: GALAGRO ANTIOQUIA GENERICO / 05541 PEÑOL / CO | Y88: 0 | AB88: 05541 PEÑOL | AC88: ANTIOQUIA | AD88: PEÑOL | AF88: =TEXT(L88,"mmmm") -> abril
A89: 193683 | B89: Completado | C89: Capacitación | D89: 1332956 | E89: RODRIGUEZ GONZALEZ LUIS ALBERTO ALMACEN AGROPECUARIO LOS MEJORES PR | F89: Evento Especial | G89: Brarlyn Steven Garcia Castro | I89: CL 52 A 50 39 / 05697 EL SANTUARIO / CO | J89: ANTIOQUIA | K89: 46135.395 | L89: 46134.792 | M89: 46134.896 | N89: 46135.395 | O89: 46135.395 | Q89: GALAGRO ORIENTE B ANT. | R89: GALAGRO | S89: Brarlyn Steven Garcia Castro | T89: RODRIGUEZ GONZALEZ LUIS ALBERTO ALMACEN AGROPECUARIO LOS MEJORES PR / CL 52 A 50 39 / 05697 EL SANTU | Y89: 0 | AB89: CL 52 A 50 39 / 05697 EL SANTU | AC89: ANTIOQUIA | AD89: EL SANTUARIO | AF89: =TEXT(L89,"mmmm") -> abril
A90: 199340 | B90: Completado | C90: Capacitación con drones | D90: 1337058 | E90: AGROPECUARIA DE PAPA SAS | F90: Evento Especial | G90: Juan David Rojas Rivera | I90: KM 2 FCA L RAMONA IZQ PEAJ LL CUIVA / 05686 SANTA ROSA DE OSOS / CO | J90: ANTIOQUIA | K90: 46184.712 | L90: 46185.375 | M90: 46185.583 | N90: 46185.416 | O90: 46185.883 | Q90: GALAGRO NORTE ANT. | R90: GALAGRO | S90: Juan David Rojas Rivera | T90: AGROPECUARIA DE PAPA SAS / KM 2 FCA L RAMONA IZQ PEAJ LL CUIVA / 05686 SANTA ROSA DE OSOS / CO | Y90: 0 | AB90: KM 2 FCA L RAMONA IZQ PEAJ LL CUIVA / 05686 SANTA ROSA DE OSOS | AC90: ANTIOQUIA | AD90: SANTA ROSA DE OSOS | AF90: =TEXT(L90,"mmmm") -> junio
A91: 199659 | B91: Completado | C91: MOSTRADOR MENSUAL | D91: 1387119 | E91: C I UNION DE BANANEROS DE URABA SA. C.I. UNIBAN S.A | F91: Visita Mostrador Especial | G91: Stefanía Builes Rodríguez | I91: ALMACEN TROPYCENTRO UNIBAN KM 1 SALIDA A TURBO FRENTE AL SEN / 05045 APARTADO / CO | J91: ANTIOQUIA | K91: 46189.899 | L91: 46195.354 | M91: 46195.667 | N91: 46195.373 | O91: 46198.695 | Q91: GALAGRO URABA ANT. | R91: GALAGRO | S91: Stefanía Builes Rodríguez | T91: C I UNION DE BANANEROS DE URABA SA. C.I. UNIBAN S.A / ALMACEN TROPYCENTRO UNIBAN KM 1 SALIDA A TURBO | Y91: 0 | AB91: ALMACEN TROPYCENTRO UNIBAN KM 1 SALIDA A TURBO | AC91: ANTIOQUIA | AD91: APARTADO | AF91: =TEXT(L91,"mmmm") -> junio
AF92: =TEXT(L92,"mmmm") -> enero
AF93: =TEXT(L93,"mmmm") -> enero
AF94: =TEXT(L94,"mmmm") -> enero
AF95: =TEXT(L95,"mmmm") -> enero
AF96: =TEXT(L96,"mmmm") -> enero
AF97: =TEXT(L97,"mmmm") -> enero
AF98: =TEXT(L98,"mmmm") -> enero
AF99: =TEXT(L99,"mmmm") -> enero
AF100: =TEXT(L100,"mmmm") -> enero
...

Sheet Leads
A1: Territorio | B1: Unidad de Negocio | C1: Empleado | D1: Meta Leads | E1: Calificados Oportunos | F1: Fuera de Tiempo | G1: Leads calificados | H1: Pendientes | I1: Mes | J1: A tiempo | K1: Comercial | L1: Territorio | M1: Cargo | N1: META LEADS | O1: Calificados | P1: A tiempo
A2: =VLOOKUP(Tabla3[[#This Row],[Empleado]],'Tabla dinam gestion comercial'!M:N,2,0) -> GALAGRO CORDOBA ANT. | B2: GALAGRO ANTIOQUIA | C2: Karen Paola Hernández Pacheco | D2: 1 | E2: 1 | G2: 1 | I2: Abril | J2: =Tabla3[[#This Row],[Calificados Oportunos]]/Tabla3[[#This Row],[Meta Leads]] -> 1 | K2: Yuri Andrea Garro Sánchez | L2: GALAGRO ANTIOQUIA DIRECCIÓN | M2: DIR GALAGRO ANTIOQUIA | N2: =IFERROR(SUMIFS($D:$D,$A:$A,$L2,$C:$C,"*"&TRIM($K2)&"*"),0) -> 0 | O2: =IFERROR(SUMIFS($E:$E,$A:$A,$L2,$C:$C,"*"&TRIM($K2)&"*"),0)+IFERROR(SUMIFS($F:$F,$A:$A,$L2,$C:$C,"*"&TRIM($K2)&"*"),0) -> 0 | P2: =IFERROR(SUMIFS($E:$E,$A:$A,$L2,$C:$C,"*"&TRIM($K2)&"*"),0) -> 0
K3: Yeison Antonio Arenilla Diaz | L3: GALAGRO BAJO CAUCA ANT. | M3: RC GALAGRO BAJO CAUCA | N3: =IFERROR(SUMIFS($D:$D,$A:$A,$L3,$C:$C,"*"&TRIM($K3)&"*"),0) -> 0 | O3: =IFERROR(SUMIFS($E:$E,$A:$A,$L3,$C:$C,"*"&TRIM($K3)&"*"),0)+IFERROR(SUMIFS($F:$F,$A:$A,$L3,$C:$C,"*"&TRIM($K3)&"*"),0) -> 0 | P3: =IFERROR(SUMIFS($E:$E,$A:$A,$L3,$C:$C,"*"&TRIM($K3)&"*"),0) -> 0
K4: Karen Paola Hernández Pacheco | L4: GALAGRO CORDOBA ANT. | M4: RTC GALAGRO CORDOBA | N4: =IFERROR(SUMIFS($D:$D,$A:$A,$L4,$C:$C,"*"&TRIM($K4)&"*"),0) -> 1 | O4: =IFERROR(SUMIFS($E:$E,$A:$A,$L4,$C:$C,"*"&TRIM($K4)&"*"),0)+IFERROR(SUMIFS($F:$F,$A:$A,$L4,$C:$C,"*"&TRIM($K4)&"*"),0) -> 1 | P4: =IFERROR(SUMIFS($E:$E,$A:$A,$L4,$C:$C,"*"&TRIM($K4)&"*"),0) -> 1
K5: Stefanía Builes Rodríguez | L5: GALAGRO URABA ANT. | M5: RTC GALAGRO URABA | N5: =IFERROR(SUMIFS($D:$D,$A:$A,$L5,$C:$C,"*"&TRIM($K5)&"*"),0) -> 0 | O5: =IFERROR(SUMIFS($E:$E,$A:$A,$L5,$C:$C,"*"&TRIM($K5)&"*"),0)+IFERROR(SUMIFS($F:$F,$A:$A,$L5,$C:$C,"*"&TRIM($K5)&"*"),0) -> 0 | P5: =IFERROR(SUMIFS($E:$E,$A:$A,$L5,$C:$C,"*"&TRIM($K5)&"*"),0) -> 0
K6: (vacante) Maria Alejandra Duque Laverde | L6: GALAGRO NORDESTE Y MAG. MEDIO ANT. | M6: PROMOTOR GALAGRO NORDESTE ANT | N6: =IFERROR(SUMIFS($D:$D,$A:$A,$L6,$C:$C,"*"&TRIM($K6)&"*"),0) -> 0 | O6: =IFERROR(SUMIFS($E:$E,$A:$A,$L6,$C:$C,"*"&TRIM($K6)&"*"),0)+IFERROR(SUMIFS($F:$F,$A:$A,$L6,$C:$C,"*"&TRIM($K6)&"*"),0) -> 0 | P6: =IFERROR(SUMIFS($E:$E,$A:$A,$L6,$C:$C,"*"&TRIM($K6)&"*"),0) -> 0
K7: Luisa Fernanda Quiceno Restrepo | L7: GALAGRO NORTE ANT. | M7: RC GALAGRO NORTE ANT | N7: =IFERROR(SUMIFS($D:$D,$A:$A,$L7,$C:$C,"*"&TRIM($K7)&"*"),0) -> 0 | O7: =IFERROR(SUMIFS($E:$E,$A:$A,$L7,$C:$C,"*"&TRIM($K7)&"*"),0)+IFERROR(SUMIFS($F:$F,$A:$A,$L7,$C:$C,"*"&TRIM($K7)&"*"),0) -> 0 | P7: =IFERROR(SUMIFS($E:$E,$A:$A,$L7,$C:$C,"*"&TRIM($K7)&"*"),0) -> 0
K8: Norbey Fernando Montoya Grajales | L8: GALAGRO ORIENTE B ANT. | M8: RC GALAGRO ORIENTE B ANT | N8: =IFERROR(SUMIFS($D:$D,$A:$A,$L8,$C:$C,"*"&TRIM($K8)&"*"),0) -> 0 | O8: =IFERROR(SUMIFS($E:$E,$A:$A,$L8,$C:$C,"*"&TRIM($K8)&"*"),0)+IFERROR(SUMIFS($F:$F,$A:$A,$L8,$C:$C,"*"&TRIM($K8)&"*"),0) -> 0 | P8: =IFERROR(SUMIFS($E:$E,$A:$A,$L8,$C:$C,"*"&TRIM($K8)&"*"),0) -> 0
K9: Katherine Bedoya Rodas | L9: GALAGRO VALLE DE ABURRA ANT. | M9: RC GALAGRO VALLE DE ABURRA | N9: =IFERROR(SUMIFS($D:$D,$A:$A,$L9,$C:$C,"*"&TRIM($K9)&"*"),0) -> 0 | O9: =IFERROR(SUMIFS($E:$E,$A:$A,$L9,$C:$C,"*"&TRIM($K9)&"*"),0)+IFERROR(SUMIFS($F:$F,$A:$A,$L9,$C:$C,"*"&TRIM($K9)&"*"),0) -> 0 | P9: =IFERROR(SUMIFS($E:$E,$A:$A,$L9,$C:$C,"*"&TRIM($K9)&"*"),0) -> 0
K10: Geovanny Andres Monsalve Garcia | L10: GALAGRO ORIENTE A ANT. | M10: RC GALAGRO ORIENTE A ANT | N10: =IFERROR(SUMIFS($D:$D,$A:$A,$L10,$C:$C,"*"&TRIM($K10)&"*"),0) -> 0 | O10: =IFERROR(SUMIFS($E:$E,$A:$A,$L10,$C:$C,"*"&TRIM($K10)&"*"),0)+IFERROR(SUMIFS($F:$F,$A:$A,$L10,$C:$C,"*"&TRIM($K10)&"*"),0) -> 0 | P10: =IFERROR(SUMIFS($E:$E,$A:$A,$L10,$C:$C,"*"&TRIM($K10)&"*"),0) -> 0
K11: Mónica Lucero Valencia Montoya | L11: GALAGRO SUROESTE ANT. | M11: RC GALAGRO SUROESTE ANT | N11: =IFERROR(SUMIFS($D:$D,$A:$A,$L11,$C:$C,"*"&TRIM($K11)&"*"),0) -> 0 | O11: =IFERROR(SUMIFS($E:$E,$A:$A,$L11,$C:$C,"*"&TRIM($K11)&"*"),0)+IFERROR(SUMIFS($F:$F,$A:$A,$L11,$C:$C,"*"&TRIM($K11)&"*"),0) -> 0 | P11: =IFERROR(SUMIFS($E:$E,$A:$A,$L11,$C:$C,"*"&TRIM($K11)&"*"),0) -> 0
K12: (Vacante) Karen Paola Hernandez Pacheco | L12: GALAGRO CORDOBA ANT. | M12: PROMOTOR GALAGRO CORDOBA | N12: =IFERROR(SUMIFS($D:$D,$A:$A,$L12,$C:$C,"*"&TRIM($K12)&"*"),0) -> 0 | O12: =IFERROR(SUMIFS($E:$E,$A:$A,$L12,$C:$C,"*"&TRIM($K12)&"*"),0)+IFERROR(SUMIFS($F:$F,$A:$A,$L12,$C:$C,"*"&TRIM($K12)&"*"),0) -> 0 | P12: =IFERROR(SUMIFS($E:$E,$A:$A,$L12,$C:$C,"*"&TRIM($K12)&"*"),0) -> 0
K13: Miguel Andrés León Díaz | L13: GALAGRO NORTE ANT. | M13: PROMOTOR GALAGRO NORTE ANT | N13: =IFERROR(SUMIFS($D:$D,$A:$A,$L13,$C:$C,"*"&TRIM($K13)&"*"),0) -> 0 | O13: =IFERROR(SUMIFS($E:$E,$A:$A,$L13,$C:$C,"*"&TRIM($K13)&"*"),0)+IFERROR(SUMIFS($F:$F,$A:$A,$L13,$C:$C,"*"&TRIM($K13)&"*"),0) -> 0 | P13: =IFERROR(SUMIFS($E:$E,$A:$A,$L13,$C:$C,"*"&TRIM($K13)&"*"),0) -> 0
K14: Estefania Osorio Usuga | L14: GALAGRO OFICINA ANT. | M14: PROMOTOR GALAGRO VALLE DE ABURRA | N14: =IFERROR(SUMIFS($D:$D,$A:$A,$L14,$C:$C,"*"&TRIM($K14)&"*"),0) -> 0 | O14: =IFERROR(SUMIFS($E:$E,$A:$A,$L14,$C:$C,"*"&TRIM($K14)&"*"),0)+IFERROR(SUMIFS($F:$F,$A:$A,$L14,$C:$C,"*"&TRIM($K14)&"*"),0) -> 0 | P14: =IFERROR(SUMIFS($E:$E,$A:$A,$L14,$C:$C,"*"&TRIM($K14)&"*"),0) -> 0
... K19: Estefania Osorio Usuga | L19: GALAGRO VALLE DE ABURRA ANT. | M19: PROMOTOR GALAGRO VALLE DE ABURRA | N19: =IFERROR(SUMIFS($D:$D,$A:$A,$L19,$C:$C,"*"&TRIM($K19)&"*"),0) -> 0 | O19: =IFERROR(SUMIFS($E:$E,$A:$A,$L19,$C:$C,"*"&TRIM($K19)&"*"),0)+IFERROR(SUMIFS($F:$F,$A:$A,$L19,$C:$C,"*"&TRIM($K19)&"*"),0) -> 0 | P19: =IFERROR(SUMIFS($E:$E,$A:$A,$L19,$C:$C,"*"&TRIM($K19)&"*"),0) -> 0

Sheet Director
C1: Reporte de desempeño comercial | H1: Nombre: | J1: Yuri Andrea Garro Sánchez
C2: Resumen trimestral | H2: Cargo: | J2: =VLOOKUP(J1,'Tabla dinam gestion comercial'!M:O,3,0) -> DIR GALAGRO ANTIOQUIA
C3: Trimestre 1 | H3: Territorio | J3: =VLOOKUP(J1,'Tabla dinam gestion comercial'!M:N,2,0) -> GALAGRO ANTIOQUIA DIRECCIÓN
C4: Enero-marzo de 2026 | H4: Empresa: | J4: =VLOOKUP(J1,'Tabla dinam gestion comercial'!M:P,4,0) -> GALAGRO
A6: Resultado global
A7: =SUMPRODUCT($D$14:$D$24, $F$14:$F$24) -> 0
M8: Valor | N8: =A7*100 -> 0 | O8: =ROUND(N8,0)&"%" -> 0%
M9: Restante | N9: =100-N8 -> 100
M10: Oculto | N10: 100
A11: =IF(A7>=90%,"Excelente",IF(A7>=75%,"Destacado",IF(A7>=59%,"En desarrollo","Crítico"))) -> Crítico
A12: Indicadores clave
A13: Indicador | D13: Resultado trimestre | E13: Meta | F13: Peso | G13: Gestión Enero | H13: Gestión Febrero | I13: Gestión Marzo | J13: Meta esperada prom. Mes | K13: Criterios de medición
A14: #VALUE! | B14: Ejecución Visitas | C14: =IF(D14>=90%,"⬤",IF(D14>=75%,"⬤",IF(D14>=60%,"⬤","⬤"))) -> ⬤ | D14: =IFERROR(MIN(100%,SUM(G14:I14)/($J14*3)),0) -> 0 | E14: 0.9 | F14: 0.1 | G14: =SUMIFS( 'Tabla dinam gestion comercial'!$F:$F, 'Tabla dinam gestion comercial'!$B:$B,$J$1, 'Tabla dinam gestion comercial'!$K:$K,"Enero" ) -> 0 | H14: =SUMIFS( 'Tabla dinam gestion comercial'!$F:$F, 'Tabla dinam gestion comercial'!$B:$B,$J$1, 'Tabla dinam gestion comercial'!$K:$K,"Febrero" ) -> 0 | I14: =SUMIFS( 'Tabla dinam gestion comercial'!$F:$F, 'Tabla dinam gestion comercial'!$B:$B,$J$1, 'Tabla dinam gestion comercial'!$K:$K,"Marzo" ) -> 0 | J14: {=IFERROR((SUM(_xlfn.UNIQUE(_xlfn._xlws.FILTER('Tabla dinam gestion comercial'!$L:$L,('Tabla dinam gestion comercial'!$B:$B=$J$1)*('Tabla dinam gestion comercial'!$K:$K="Enero"))))+SUM(_xlfn.UNIQUE(_xlfn._xlws.FILTER('Tabla dinam gestion comercial'!$L:$L,('Tabla dinam gestion comercial'!$B:$B=$J$1)*('Tabla dinam gestion comercial'!$K:$K="Febrero"))))+SUM(_xlfn.UNIQUE(_xlfn._xlws.FILTER('Tabla dinam gestion comercial'!$L:$L,('Tabla dinam gestion comercial'!$B:$B=$J$1)*('Tabla dinam gestion comercial'!$K:$K="Marzo")))))/3,0)} -> 0 | K14: Mide el cumplimiento acumulado de visitas del período. Se suman las visitas realizadas en los tres meses y se comparan contra la meta mensual multiplicada por el número de meses evaluados.
A15: #VALUE! | B15: Cobertura Clientes | C15: =IF(D15>=90%,"⬤",IF(D15>=75%,"⬤",IF(D15>=60%,"⬤","⬤"))) -> ⬤ | D15: =IFERROR(MIN(100%,SUM(G15:I15)/($J15*3)),0) -> 0 | E15: 0.9 | F15: 0.1 | G15: =SUMIFS('Tabla dinam gestion comercial'!$D:$D,'Tabla dinam gestion comercial'!$B:$B,$J$1,'Tabla dinam gestion comercial'!$K:$K,"Enero") -> 0 | H15: =SUMIFS('Tabla dinam gestion comercial'!$D:$D,'Tabla dinam gestion comercial'!$B:$B,$J$1,'Tabla dinam gestion comercial'!$K:$K,"Febrero") -> 0 | I15: =SUMIFS('Tabla dinam gestion comercial'!$D:$D,'Tabla dinam gestion comercial'!$B:$B,$J$1,'Tabla dinam gestion comercial'!$K:$K,"Marzo") -> 0 | J15: =IFERROR(SUMIFS('Tabla dinam gestion comercial'!$C$2:$C$84,'Tabla dinam gestion comercial'!$B$2:$B$84,$J$1)/3,0)/12 -> 0 | K15: Todos los clientes del territorio, dividido 12 para darle la vuelta en el año
A16: #VALUE! | B16: Nuevos Clientes | C16: =IF(D16>=90%,"⬤",IF(D16>=75%,"⬤",IF(D16>=60%,"⬤","⬤"))) -> ⬤ | D16: =IFERROR(AVERAGE(G16/J16,H16/J16,I16/J16),0) -> 0 | E16: 0.9 | F16: 0.1 | G16: =SUMIFS('Tabla dinam gestion comercial'!$I:$I,'Tabla dinam gestion comercial'!$B:$B,$J$1,'Tabla dinam gestion comercial'!$K:$K,"*Enero*") -> 0 | H16: =SUMIFS('Tabla dinam gestion comercial'!$I:$I,'Tabla dinam gestion comercial'!$B:$B,$J$1,'Tabla dinam gestion comercial'!$K:$K,"*Febrero*") -> 0 | I16: =SUMIFS('Tabla dinam gestion comercial'!$I:$I,'Tabla dinam gestion comercial'!$B:$B,$J$1,'Tabla dinam gestion comercial'!$K:$K,"*Marzo*") -> 0 | J16: =ROUNDUP(SUMIFS('Tabla dinam gestion comercial'!$H:$H,'Tabla dinam gestion comercial'!$B:$B,$J$1)/12,0) -> 0 | K16: Cuenta clientes nuevos y recuperados que registran una gestión o una venta durante el período. El resultado toma el total acumulado alcanzado y lo compara contra la meta esperada.
A17: Indicador | D17: Resultado | E17: Meta | F17: Peso | G17: Gestión Enero | H17: Gestión Febrero | I17: Gestión Marzo | J17: Meta acum. período | K17: Criterios de medición
A18: #VALUE! | B18: Recomendaciones | C18: =IF(D18>=90%,"⬤",IF(D18>=75%,"⬤",IF(D18>=60%,"⬤","⬤"))) -> ⬤ | D18: =IFERROR(MIN(150%,SUM(G18:I18)/J18),0) -> 0 | E18: 0.9 | F18: 0.2 | G18: =IFERROR(SUMIFS(Tecnico!$D:$D,Tecnico!$K:$K,"Enero"),0) -> 0 | H18: =IFERROR(SUMIFS(Tecnico!$D:$D,Tecnico!$K:$K,"Febrero"),0) -> 0 | I18: =IFERROR(SUMIFS(Tecnico!$D:$D,Tecnico!$K:$K,"Marzo"),0) -> 0 | J18: =IFERROR(SUM(Tecnico!$C:$C),0) -> 8639407276 | K18: Suma las recomendaciones generadas durante el período evaluado y compara ese total contra la meta acumulada. El resultado muestra el porcentaje de cumplimiento alcanzado frente a la meta del trimestre.
A19: #VALUE! | B19: Referencias | C19: =IF(D19>=90%,"⬤",IF(D19>=75%,"⬤",IF(D19>=60%,"⬤","⬤"))) -> ⬤ | D19: =IFERROR(((G19+H19+I19)/J19),"0") -> 0 | E19: 0.9 | F19: 0.1 | G19: =SUMIFS(Tecnico!$J:$J,Tecnico!$A:$A,$J$3,Tecnico!$K:$K,"Enero") -> 0 | H19: =SUMIFS(Tecnico!$J:$J,Tecnico!$A:$A,$J$3,Tecnico!$K:$K,"Febrero") -> 0 | I19: =SUMIFS(Tecnico!$J:$J,Tecnico!$A:$A,$J$3,Tecnico!$K:$K,"Marzo") -> 0 | J19: =SUMIFS(Tecnico!$H:$H,Tecnico!$A:$A,$J$3)/3 -> 0 | K19: Mide el cumplimiento de referencias gestionadas frente a la meta esperada del período. Se suman las referencias generadas en los meses evaluados y se comparan contra la meta (SKU activas). El resultado muestra el porcentaje de cumplimiento alcanzado.
A20: #VALUE! | B20: Leads calificados | C20: =IF(D20>=90%,"⬤",IF(D20>=75%,"⬤",IF(D20>=60%,"⬤","⬤"))) -> ⬤ | D20: =IFERROR(SUM(G20:I20)/J20,0%) -> 0 | E20: 0.9 | F20: 0.1 | G20: =IFERROR(SUMIFS(Leads!$D:$D,Leads!$C:$C,$J$1,Leads!$I:$I,"Enero"),0) -> 0 | H20: =IFERROR(SUMIFS(Leads!$D:$D,Leads!$C:$C,$J$1,Leads!$I:$I,"Febrero"),0) -> 0 | I20: =IFERROR(SUMIFS(Leads!$D:$D,Leads!$C:$C,$J$1,Leads!$I:$I,"Marzo"),0) -> 0 | J20: =MAX(1,IFERROR(SUMIFS(Leads!$D:$D,Leads!$C:$C,$J$1,Leads!$I:$I,"Enero"),0))+MAX(1,IFERROR(SUMIFS(Leads!$D:$D,Leads!$C:$C,$J$1,Leads!$I:$I,"Febrero"),0))+MAX(1,IFERROR(SUMIFS(Leads!$D:$D,Leads!$C:$C,$J$1,Leads!$I:$I,"Marzo"),0)) -> 3 | K20: Mide la generación de leads frente a la meta esperada. La meta considera mínimo 1 lead por mes evaluado y aumenta según los leads generados, con el fin de incentivar la creación constante de oportunidades comerciales. Si no se generan leads, el cumplimiento es 0%.
A21: #VALUE! | B21: Leads calificados a tiempo | C21: =IF(D21>=90%,"⬤",IF(D21>=75%,"⬤",IF(D21>=60%,"⬤","⬤"))) -> ⬤ | D21: =IFERROR(SUM(G21:I21)/J21,0%) -> 0 | E21: 0.9 | F21: 0.1 | G21: =IFERROR(SUMIFS(Leads!$E:$E,Leads!$C:$C,$J$1,Leads!$I:$I,"Enero"),0) -> 0 | H21: =IFERROR(SUMIFS(Leads!$E:$E,Leads!$C:$C,$J$1,Leads!$I:$I,"Febrero"),0) -> 0 | I21: =IFERROR(SUMIFS(Leads!$E:$E,Leads!$C:$C,$J$1,Leads!$I:$I,"Marzo"),0) -> 0 | J21: =MAX(1,IFERROR(SUMIFS(Leads!$D:$D,Leads!$C:$C,$J$1,Leads!$I:$I,"Enero"),0))+MAX(1,IFERROR(SUMIFS(Leads!$D:$D,Leads!$C:$C,$J$1,Leads!$I:$I,"Febrero"),0))+MAX(1,IFERROR(SUMIFS(Leads!$D:$D,Leads!$C:$C,$J$1,Leads!$I:$I,"Marzo"),0)) -> 3 | K21: Mide el porcentaje de leads que fueron calificados dentro del tiempo establecido (48 horas despues de generado). Se compara la cantidad de leads calificados oportunamente frente al total de leads que debían ser gestionados en el período.
A22: #VALUE! | B22: Impacto en clientes (Actividades de campo) | C22: =IF(D22>=90%,"⬤",IF(D22>=75%,"⬤",IF(D22>=60%,"⬤","⬤"))) -> ⬤ | D22: =MIN(IFERROR(SUM(G22:I22)/J22,0%),150%) -> 0 | E22: 0.9 | F22: 0.1 | G22: =COUNTIFS('Act Campo'!$AF$2:$AF$974,"Enero",'Act Campo'!$Q$2:$Q$974,"<>") -> 0 | H22: =COUNTIFS('Act Campo'!$AF$2:$AF$974,"Febrero",'Act Campo'!$Q$2:$Q$974,"<>") -> 0 | I22: =COUNTIFS('Act Campo'!$AF$2:$AF$974,"Marzo",'Act Campo'!$Q$2:$Q$974,"<>") -> 0 | J22: =IFERROR(VLOOKUP(J1,'Tabla dinam gestion comercial'!$M:$S,7,0),0) -> 56 | K22: Mide el cumplimiento de actividades y parcelas frente a la meta del territorio. Por cada promotor se esperan 3 actividades trimestrales y 0,5 parcelas, con reconocimiento máximo hasta el 150%.
A23: #VALUE! | B23: Hectáreas de cultivos impactados | C23: =IF(D23>=90%,"⬤",IF(D23>=75%,"⬤",IF(D23>=60%,"⬤","⬤"))) -> ⬤ | D23: =MIN(IFERROR(SUM(G23:I23)/J23,0%),150%) -> 0 | E23: 0.9 | F23: 0.05 | G23: =IFERROR(SUMIFS(Fincas!$F:$F,Fincas!$G:$G,"Enero"),0) -> 0 | H23: =IFERROR(SUMIFS(Fincas!$F:$F,Fincas!$G:$G,"Febrero"),0) -> 0 | I23: =IFERROR(SUMIFS(Fincas!$F:$F,Fincas!$G:$G,"Marzo"),0) -> 0 | J23: =ROUNDUP(_xlfn.MAXIFS('Tabla dinam gestion comercial'!$T:$T,'Tabla dinam gestion comercial'!$M:$M,$J$1)*3,0) -> 1440 | K23: Mide las hectáreas gestionadas en el período frente a la meta del territorio. Cada promotor debe gestionar 30 hectáreas mensuales, equivalentes a 90 por trimestre, con reconocimiento de cumplimiento máximo hasta el 150%.
A24: #VALUE! | B24: Cultivos impactados | C24: =IF(D24>=90%,"⬤",IF(D24>=75%,"⬤",IF(D24>=60%,"⬤","⬤"))) -> ⬤ | D24: =MIN(IFERROR(SUM(G24:I24)/J24,0%),150%) -> 0 | E24: 0.9 | F24: 0.05 | G24: =COUNTIFS(Fincas!$D:$D,"<>",Fincas!$G:$G,"Enero") -> 0 | H24: =COUNTIFS(Fincas!$D:$D,"<>",Fincas!$G:$G,"Febrero") -> 0 | I24: =COUNTIFS(Fincas!$D:$D,"<>",Fincas!$G:$G,"Marzo") -> 0 | J24: =ROUNDUP(SUMIFS('Tabla dinam gestion comercial'!$U:$U,'Tabla dinam gestion comercial'!$M:$M,$J$1),0) -> 48 | K24: Mide los cultivos gestionados en el período frente a la meta del territorio. Cada promotor debe gestionar mínimo 1 cultivo mensual, equivalente a 3 por trimestre, con reconocimiento de cumplimiento máximo hasta el 150%.
A25: #VALUE! | B25: Gestión de Cultivos Impactados | C25: =IF(D25>=90%,"⬤",IF(D25>=75%,"⬤",IF(D25>=60%,"⬤","⬤"))) -> ⬤ | D25: =(D23+D24)/2 -> 0 | E25: 0.9
A26: #VALUE! | B26: "Enfócate en las oportunidades de mejora y mantén el ritmo en tus fortalezas." ¡Tú puedes alcanzar tus objetivos! | G26: Requiere mejora (<60%) | H26: En desarrollo (60% - 74%) | J26: Bueno (>=75% - 89%) | K26: Excelente (>=90%)
A29: Oportunidades | D29: Fortalezas | H29: Resumen Ejecutivo | K29: Plan de acción sugerido
A30: =IF($N$8>=90, "Para los perfeccionistas, siempre hay espacio de mejora. El siguiente reto es la sostenibilidad: analiza esos mínimos detalles o indicadores que rozaron la meta para blindar tu territorio contra cualquier imprevisto futuro. ¡La excelencia no se detiene!", IF($N$8>=75, "El camino a la cima está en los detalles. Para saltar al rango excelente, el foco debe estar en acelerar aquellos indicadores que se quedaron en amarillo o naranja. Ajustar la estrategia en estos puntos específicos liberará todo tu potencial comercial.", IF($N$8>=59, _xlfn._LONGTEXT("Aquí está tu mayor oportunidad de crecimiento. Al concentrar tus esfuerzos en levantar los indicadores que quedaron por debajo de la meta, verás un impacto inmediato en tu resultado global. Prioriza tus batallas, ajusta la planificación semanal y ve por e","sos puntos."), _xlfn._LONGTEXT("La meta está más cerca de lo que parece si nos enfocamos. El plan de acción inmediato exige concentrar la energía en revertir los indicadores críticos que están frenando tu avance. Define prioridades claras, solicita el apoyo necesario y da el primer paso",". ¡Cada mejora cuenta!")))) -> La meta está más cerca de lo que parece si nos enfocamos. El plan de acción inmediato exige concentrar la energía en revertir los indicadores críticos que están frenando tu avance. Define prioridades claras, solicita el apoyo necesario y da el primer paso. ¡Cada mejora cuenta! | D30: =IF($N$8>=90, _xlfn._LONGTEXT("Tus pilares de éxito están firmes. Destacas por una ejecución impecable en campo, un dominio absoluto de tus indicadores de mayor peso y una consistencia comercial admirable. Tu capacidad para superar las metas demuestra que tu estrategia en el territorio"," es sumamente efectiva."), IF($N$8>=75, "Cuentas con bases operativas y comerciales muy sólidas. Has demostrado un rendimiento sobresaliente en tus indicadores clave de gestión, logrando superar las metas esperadas en frentes cruciales. Esta efectividad es tu trampolín hacia el éxito absoluto.", IF($N$8>=59, "Aun en periodos retadores, tu esfuerzo ha dado frutos valiosos. Tienes indicadores específicos donde demuestras un gran compromiso y efectividad. Esas actividades en las que hoy brillas son el motor que debes usar para impulsar el resto de tu gestión.", _xlfn._LONGTEXT("Incluso en la dificultad, hay terreno ganado. Tu dedicación se hace visible en tus mejores indicadores del periodo. Esos pequeños o grandes logros demuestran que posees las habilidades necesarias; el objetivo ahora es replicar ese mismo esfuerzo en las de","más áreas.")))) -> Incluso en la dificultad, hay terreno ganado. Tu dedicación se hace visible en tus mejores indicadores del periodo. Esos pequeños o grandes logros demuestran que posees las habilidades necesarias; el objetivo ahora es replicar ese mismo esfuerzo en las demás áreas. | H30: =IF($N$8>=90, "¡Extraordinario desempeño! Este periodo refleja tu alto compromiso, disciplina y maestría en el territorio. Has alcanzado un nivel de excelencia que inspires al equipo. Mantén este ritmo ganador y sigue liderando con el ejemplo.", IF($N$8>=75, _xlfn._LONGTEXT("¡Gran trabajo en este periodo! Tu consistencia y esfuerzo te posicionan en un nivel destacado. Estás a muy pocos pasos de la excelencia total. El camino está trazado; con un pequeño empuje en los indicadores clave, el próximo trimestre pintarás el tablero"," completamente de verde."), IF($N$8>=59, _xlfn._LONGTEXT("Cerramos un trimestre de mucho aprendizaje y esfuerzo. Estás en pleno proceso de consolidación de tus objetivos. El potencial para crecer está ahí; este resultado es el punto de partida perfecto para enfocar la energía en las actividades que moverán la ag","uja hacia el siguiente nivel."), _xlfn._LONGTEXT("Este trimestre nos plantea un reto importante, pero también una gran oportunidad de reinvención. Cada desafío superado nos hace más fuertes. Es momento de revisar la estrategia, apoyarte en tus fortalezas y accionar un plan de mejora enfocado. ¡Tienes la ","capacidad para revertir este indicador y alcanzar tus metas!")))) -> Este trimestre nos plantea un reto importante, pero también una gran oportunidad de reinvención. Cada desafío superado nos hace más fuertes. Es momento de revisar la estrategia, apoyarte en tus fortalezas y accionar un plan de mejora enfocado. ¡Tienes la capacidad para revertir este indicador y alcanzar tus metas! | K30: =IF($N$8>=90,"Mantener el desempeño y asegurar la sostenibilidad de los resultados. Revisa los indicadores cercanos al límite, documenta las buenas prácticas y replica el modelo de gestión en el territorio.",IF($N$8>=75,"Priorizar los indicadores que quedaron por debajo del nivel excelente. Define acciones puntuales, responsables y fechas de seguimiento para llevar el resultado al siguiente rango.",IF($N$8>=59,"Enfocar el plan de trabajo en los indicadores con menor cumplimiento. Ajusta la planificación semanal, refuerza el seguimiento y concentra los esfuerzos en las actividades de mayor impacto.", "Activar un plan de mejora inmediato sobre los indicadores críticos. Define prioridades, solicita acompañamiento y realiza seguimiento semanal para recuperar el cumplimiento del territorio."))) -> Activar un plan de mejora inmediato sobre los indicadores críticos. Define prioridades, solicita acompañamiento y realiza seguimiento semanal para recuperar el cumplimiento del territorio.

Sheet Tecnico
A1: Territorio | B1: Grupo Artículos | C1: Ppto | D1: Valor Recomendaciones | E1: Recomendaciones vs Ppto | F1: Valor Ventas | G1: % Paticipación Recomendación | H1: Meta Referencias | I1: Referencias Recomendadas | J1: REF CANTIDAD | K1: Mes
A2: PYC AGRÍCOLA ANT ORIENTE B | B2: SUMITOMO CHEMICAL | C2: 139775472 | D2: 134805500 | E2: 0.96444317 | F2: 57968804 | G2: 2.3254835 | H2: 86 | I2: 0.25581395 | J2: =Tabla2[[#This Row],[Referencias Recomendadas]]*Tabla2[[#This Row],[Meta Referencias]] -> 22 | K2: Abril
A3: GALAGRO SUROESTE ANT. | B3: CAMPORIGEN | C3: 29654548 | D3: 50072900 | E3: 1.6885403 | F3: 80024829 | G3: 0.62571705 | H3: 48 | I3: 0.3125 | J3: =Tabla2[[#This Row],[Referencias Recomendadas]]*Tabla2[[#This Row],[Meta Referencias]] -> 15 | K3: Abril
A4: GALAGRO SUROESTE ANT. | B4: ADAMA | C4: 167282080 | D4: 27483100 | E4: 0.16429196 | F4: 126549348 | G4: 0.21717299 | H4: 190 | I4: 0.052631579 | J4: =Tabla2[[#This Row],[Referencias Recomendadas]]*Tabla2[[#This Row],[Meta Referencias]] -> 10 | K4: Abril
A5: GALAGRO SUROESTE ANT. | B5: UVIO | C5: 4942425 | D5: 0 | E5: 0 | F5: 2061026 | G5: 0 | H5: 10 | I5: 0.1 | J5: =Tabla2[[#This Row],[Referencias Recomendadas]]*Tabla2[[#This Row],[Meta Referencias]] -> 1 | K5: Abril
A6: GALAGRO NORTE ANT. | B6: ADAMA | C6: 364944288 | D6: 9141000 | E6: 0.025047659 | F6: 320693204 | G6: 0.028503878 | H6: 190 | I6: 0.010526316 | J6: =Tabla2[[#This Row],[Referencias Recomendadas]]*Tabla2[[#This Row],[Meta Referencias]] -> 2 | K6: Abril
A7: GALAGRO NORTE ANT. | B7: CAMPORIGEN | C7: 45237888 | F7: 58852400 | H7: 48 | J7: =Tabla2[[#This Row],[Referencias Recomendadas]]*Tabla2[[#This Row],[Meta Referencias]] -> 0 | K7: Abril
A8: GALAGRO NORTE ANT. | B8: UVIO | C8: 4941954 | F8: 235110 | H8: 10 | J8: =Tabla2[[#This Row],[Referencias Recomendadas]]*Tabla2[[#This Row],[Meta Referencias]] -> 0 | K8: Abril
A9: GALAGRO BAJO CAUCA ANT. | B9: ADAMA | C9: 144321376 | F9: 185073131 | H9: 190 | J9: =Tabla2[[#This Row],[Referencias Recomendadas]]*Tabla2[[#This Row],[Meta Referencias]] -> 0 | K9: Abril
A10: GALAGRO BAJO CAUCA ANT. | B10: CAMPORIGEN | C10: 2886427 | F10: 14071010 | H10: 48 | J10: =Tabla2[[#This Row],[Referencias Recomendadas]]*Tabla2[[#This Row],[Meta Referencias]] -> 0 | K10: Abril
A11: GALAGRO BAJO CAUCA ANT. | B11: UVIO | C11: 151917 | H11: 10 | J11: =Tabla2[[#This Row],[Referencias Recomendadas]]*Tabla2[[#This Row],[Meta Referencias]] -> 0 | K11: Abril
A12: GALAGRO CORDOBA ANT. | B12: ADAMA | C12: 0 | H12: 190 | J12: =Tabla2[[#This Row],[Referencias Recomendadas]]*Tabla2[[#This Row],[Meta Referencias]] -> 0 | K12: Abril
A13: GALAGRO CORDOBA ANT. | B13: CAMPORIGEN | C13: 29505520 | H13: 48 | J13: =Tabla2[[#This Row],[Referencias Recomendadas]]*Tabla2[[#This Row],[Meta Referencias]] -> 0 | K13: Abril
A14: GALAGRO CORDOBA ANT. | B14: UVIO | C14: 1140677 | H14: 10 | J14: =Tabla2[[#This Row],[Referencias Recomendadas]]*Tabla2[[#This Row],[Meta Referencias]] -> 0 | K14: Abril
A15: GALAGRO NORDESTE Y MAG. MEDIO ANT. | B15: ADAMA | C15: 61376596 | F15: 74855590 | H15: 190 | J15: =Tabla2[[#This Row],[Referencias Recomendadas]]*Tabla2[[#This Row],[Meta Referencias]] -> 0 | K15: Abril
A16: GALAGRO NORDESTE Y MAG. MEDIO ANT. | B16: CAMPORIGEN | C16: 383604 | H16: 48 | J16: =Tabla2[[#This Row],[Referencias Recomendadas]]*Tabla2[[#This Row],[Meta Referencias]] -> 0 | K16: Abril
A17: GALAGRO NORDESTE Y MAG. MEDIO ANT. | B17: UVIO | C17: 153441 | H17: 10 | J17: =Tabla2[[#This Row],[Referencias Recomendadas]]*Tabla2[[#This Row],[Meta Referencias]] -> 0 | K17: Abril
A18: GALAGRO OFICINA ANT. | B18: ADAMA | C18: 79601448 | F18: 54307248 | H18: 190 | J18: =Tabla2[[#This Row],[Referencias Recomendadas]]*Tabla2[[#This Row],[Meta Referencias]] -> 0 | K18: Abril
A19: GALAGRO OFICINA ANT. | B19: CAMPORIGEN | C19: 39600648 | F19: 33958879 | H19: 48 | J19: =Tabla2[[#This Row],[Referencias Recomendadas]]*Tabla2[[#This Row],[Meta Referencias]] -> 0 | K19: Abril
A20: GALAGRO OFICINA ANT. | B20: UVIO | C20: 4169600 | F20: 2061026 | H20: 10 | J20: =Tabla2[[#This Row],[Referencias Recomendadas]]*Tabla2[[#This Row],[Meta Referencias]] -> 0 | K20: Abril
A21: GALAGRO ORIENTE A ANT. | B21: ADAMA | C21: 361007776 | F21: 388446653 | H21: 190 | J21: =Tabla2[[#This Row],[Referencias Recomendadas]]*Tabla2[[#This Row],[Meta Referencias]] -> 0 | K21: Abril
A22: GALAGRO ORIENTE A ANT. | B22: CAMPORIGEN | C22: 31920688 | F22: 58030614 | H22: 48 | J22: =Tabla2[[#This Row],[Referencias Recomendadas]]*Tabla2[[#This Row],[Meta Referencias]] -> 0 | K22: Abril
A23: GALAGRO ORIENTE A ANT. | B23: UVIO | C23: 4962661 | F23: 501700 | H23: 10 | J23: =Tabla2[[#This Row],[Referencias Recomendadas]]*Tabla2[[#This Row],[Meta Referencias]] -> 0 | K23: Abril
A24: GALAGRO ORIENTE B ANT. | B24: ADAMA | C24: 748420544 | F24: 1112274808 | H24: 190 | J24: =Tabla2[[#This Row],[Referencias Recomendadas]]*Tabla2[[#This Row],[Meta Referencias]] -> 0 | K24: Abril
A25: GALAGRO ORIENTE B ANT. | B25: CAMPORIGEN | C25: 113947896 | F25: 130001598 | H25: 48 | J25: =Tabla2[[#This Row],[Referencias Recomendadas]]*Tabla2[[#This Row],[Meta Referencias]] -> 0 | K25: Abril
A26: GALAGRO ORIENTE B ANT. | B26: UVIO | C26: 8740211 | F26: 2061026 | H26: 10 | J26: =Tabla2[[#This Row],[Referencias Recomendadas]]*Tabla2[[#This Row],[Meta Referencias]] -> 0 | K26: Abril
A27: GALAGRO URABA ANT. | B27: ADAMA | C27: 0 | H27: 190 | J27: =Tabla2[[#This Row],[Referencias Recomendadas]]*Tabla2[[#This Row],[Meta Referencias]] -> 0 | K27: Abril
A28: GALAGRO URABA ANT. | B28: CAMPORIGEN | C28: 5323440 | F28: 13657554 | H28: 48 | J28: =Tabla2[[#This Row],[Referencias Recomendadas]]*Tabla2[[#This Row],[Meta Referencias]] -> 0 | K28: Abril
A29: GALAGRO URABA ANT. | B29: UVIO | C29: 1140737 | H29: 10 | J29: =Tabla2[[#This Row],[Referencias Recomendadas]]*Tabla2[[#This Row],[Meta Referencias]] -> 0 | K29: Abril
A30: GALAGRO VALLE DE ABURRA ANT. | B30: ADAMA | C30: 261901696 | F30: 355638300 | H30: 190 | J30: =Tabla2[[#This Row],[Referencias Recomendadas]]*Tabla2[[#This Row],[Meta Referencias]] -> 0 | K30: Abril
A31: GALAGRO VALLE DE ABURRA ANT. | B31: CAMPORIGEN | C31: 5465774 | F31: 4204200 | H31: 48 | J31: =Tabla2[[#This Row],[Referencias Recomendadas]]*Tabla2[[#This Row],[Meta Referencias]] -> 0 | K31: Abril
A32: GALAGRO VALLE DE ABURRA ANT. | B32: UVIO | C32: 455481 | H32: 10 | J32: =Tabla2[[#This Row],[Referencias Recomendadas]]*Tabla2[[#This Row],[Meta Referencias]] -> 0 | K32: Abril
A33: GALAGRO NORTE ANT. | B33: ADAMA | C33: 384065600 | D33: 19263400 | E33: 0.050156536 | F33: 463528892 | G33: 0.041558143 | H33: 190 | I33: 0.036842105 | J33: =Tabla2[[#This Row],[Referencias Recomendadas]]*Tabla2[[#This Row],[Meta Referencias]] -> 7 | K33: Mayo
A34: GALAGRO NORTE ANT. | B34: CAMPORIGEN | C34: 47608132 | D34: 4976000 | E34: 0.10451996 | F34: 28670712 | G34: 0.1735569 | H34: 48 | I34: 0.083333333 | J34: =Tabla2[[#This Row],[Referencias Recomendadas]]*Tabla2[[#This Row],[Meta Referencias]] -> 4 | K34: Mayo
A35: GALAGRO NORTE ANT. | B35: UVIO | C35: 5200888 | H35: 10 | J35: =Tabla2[[#This Row],[Referencias Recomendadas]]*Tabla2[[#This Row],[Meta Referencias]] -> 0 | K35: Mayo
A36: GALAGRO BAJO CAUCA ANT. | B36: ADAMA | C36: 151964288 | F36: 146257147 | H36: 190 | J36: =Tabla2[[#This Row],[Referencias Recomendadas]]*Tabla2[[#This Row],[Meta Referencias]] -> 0 | K36: Mayo
A37: GALAGRO BAJO CAUCA ANT. | B37: CAMPORIGEN | C37: 3039286 | F37: 3548000 | H37: 48 | J37: =Tabla2[[#This Row],[Referencias Recomendadas]]*Tabla2[[#This Row],[Meta Referencias]] -> 0 | K37: Mayo
A38: GALAGRO BAJO CAUCA ANT. | B38: UVIO | C38: 159962 | H38: 10 | J38: =Tabla2[[#This Row],[Referencias Recomendadas]]*Tabla2[[#This Row],[Meta Referencias]] -> 0 | K38: Mayo
A39: GALAGRO CORDOBA ANT. | B39: ADAMA | C39: 0 | H39: 190 | J39: =Tabla2[[#This Row],[Referencias Recomendadas]]*Tabla2[[#This Row],[Meta Referencias]] -> 0 | K39: Mayo
A40: GALAGRO CORDOBA ANT. | B40: CAMPORIGEN | C40: 31047966 | F40: 5726900 | H40: 48 | J40: =Tabla2[[#This Row],[Referencias Recomendadas]]*Tabla2[[#This Row],[Meta Referencias]] -> 0 | K40: Mayo
A41: GALAGRO CORDOBA ANT. | B41: UVIO | C41: 1200308 | H41: 10 | J41: =Tabla2[[#This Row],[Referencias Recomendadas]]*Tabla2[[#This Row],[Meta Referencias]] -> 0 | K41: Mayo
A42: GALAGRO NORDESTE Y MAG. MEDIO ANT. | B42: ADAMA | C42: 64262116 | F42: 44736600 | H42: 190 | J42: =Tabla2[[#This Row],[Referencias Recomendadas]]*Tabla2[[#This Row],[Meta Referencias]] -> 0 | K42: Mayo
A43: GALAGRO NORDESTE Y MAG. MEDIO ANT. | B43: CAMPORIGEN | C43: 401638 | H43: 48 | J43: =Tabla2[[#This Row],[Referencias Recomendadas]]*Tabla2[[#This Row],[Meta Referencias]] -> 0 | K43: Mayo
A44: GALAGRO NORDESTE Y MAG. MEDIO ANT. | B44: UVIO | C44: 160655 | H44: 10 | J44: =Tabla2[[#This Row],[Referencias Recomendadas]]*Tabla2[[#This Row],[Meta Referencias]] -> 0 | K44: Mayo
A45: GALAGRO OFICINA ANT. | B45: ADAMA | C45: 83909728 | F45: 63027497 | H45: 190 | J45: =Tabla2[[#This Row],[Referencias Recomendadas]]*Tabla2[[#This Row],[Meta Referencias]] -> 0 | K45: Mayo
A46: GALAGRO OFICINA ANT. | B46: CAMPORIGEN | C46: 41743960 | F46: 23477907 | H46: 48 | J46: =Tabla2[[#This Row],[Referencias Recomendadas]]*Tabla2[[#This Row],[Meta Referencias]] -> 0 | K46: Mayo
A47: GALAGRO OFICINA ANT. | B47: UVIO | C47: 4395272 | F47: 1106205 | H47: 10 | J47: =Tabla2[[#This Row],[Referencias Recomendadas]]*Tabla2[[#This Row],[Meta Referencias]] -> 0 | K47: Mayo
A48: GALAGRO ORIENTE A ANT. | B48: ADAMA | C48: 380003584 | F48: 360275221 | H48: 190 | J48: =Tabla2[[#This Row],[Referencias Recomendadas]]*Tabla2[[#This Row],[Meta Referencias]] -> 0 | K48: Mayo
A49: GALAGRO ORIENTE A ANT. | B49: CAMPORIGEN | C49: 33600316 | F49: 29445000 | H49: 48 | J49: =Tabla2[[#This Row],[Referencias Recomendadas]]*Tabla2[[#This Row],[Meta Referencias]] -> 0 | K49: Mayo
A50: GALAGRO ORIENTE A ANT. | B50: UVIO | C50: 5223791 | H50: 10 | J50: =Tabla2[[#This Row],[Referencias Recomendadas]]*Tabla2[[#This Row],[Meta Referencias]] -> 0 | K50: Mayo
A51: GALAGRO ORIENTE B ANT. | B51: ADAMA | C51: 787800320 | F51: 594213957 | H51: 190 | J51: =Tabla2[[#This Row],[Referencias Recomendadas]]*Tabla2[[#This Row],[Meta Referencias]] -> 0 | K51: Mayo
A52: GALAGRO ORIENTE B ANT. | B52: CAMPORIGEN | C52: 119943512 | F52: 120265825 | H52: 48 | J52: =Tabla2[[#This Row],[Referencias Recomendadas]]*Tabla2[[#This Row],[Meta Referencias]] -> 0 | K52: Mayo
A53: GALAGRO ORIENTE B ANT. | B53: UVIO | C53: 9200096 | F53: 2097305 | H53: 10 | J53: =Tabla2[[#This Row],[Referencias Recomendadas]]*Tabla2[[#This Row],[Meta Referencias]] -> 0 | K53: Mayo
A54: GALAGRO SUROESTE ANT. | B54: ADAMA | C54: 176037312 | F54: 168526399 | H54: 190 | J54: =Tabla2[[#This Row],[Referencias Recomendadas]]*Tabla2[[#This Row],[Meta Referencias]] -> 0 | K54: Mayo
A55: GALAGRO SUROESTE ANT. | B55: CAMPORIGEN | C55: 31206612 | F55: 30425231 | H55: 48 | J55: =Tabla2[[#This Row],[Referencias Recomendadas]]*Tabla2[[#This Row],[Meta Referencias]] -> 0 | K55: Mayo
A56: GALAGRO SUROESTE ANT. | B56: UVIO | C56: 5201102 | F56: 1106205 | H56: 10 | J56: =Tabla2[[#This Row],[Referencias Recomendadas]]*Tabla2[[#This Row],[Meta Referencias]] -> 0 | K56: Mayo
A57: GALAGRO URABA ANT. | B57: ADAMA | C57: 0 | H57: 190 | J57: =Tabla2[[#This Row],[Referencias Recomendadas]]*Tabla2[[#This Row],[Meta Referencias]] -> 0 | K57: Mayo
A58: GALAGRO URABA ANT. | B58: CAMPORIGEN | C58: 5601563 | F58: 1809500 | H58: 48 | J58: =Tabla2[[#This Row],[Referencias Recomendadas]]*Tabla2[[#This Row],[Meta Referencias]] -> 0 | K58: Mayo
A59: GALAGRO URABA ANT. | B59: UVIO | C59: 1200335 | H59: 10 | J59: =Tabla2[[#This Row],[Referencias Recomendadas]]*Tabla2[[#This Row],[Meta Referencias]] -> 0 | K59: Mayo
A60: GALAGRO VALLE DE ABURRA ANT. | B60: ADAMA | C60: 275864384 | F60: 385483780 | H60: 190 | J60: =Tabla2[[#This Row],[Referencias Recomendadas]]*Tabla2[[#This Row],[Meta Referencias]] -> 0 | K60: Mayo
A61: GALAGRO VALLE DE ABURRA ANT. | B61: CAMPORIGEN | C61: 5757170 | F61: 2534200 | H61: 48 | J61: =Tabla2[[#This Row],[Referencias Recomendadas]]*Tabla2[[#This Row],[Meta Referencias]] -> 0 | K61: Mayo
A62: GALAGRO VALLE DE ABURRA ANT. | B62: UVIO | C62: 479764 | H62: 10 | J62: =Tabla2[[#This Row],[Referencias Recomendadas]]*Tabla2[[#This Row],[Meta Referencias]] -> 0 | K62: Mayo
A63: GALAGRO VALLE DE ABURRA ANT. | B63: ADAMA | C63: 345677984 | D63: 232212300 | E63: 0.67175901 | F63: 598621740 | G63: 0.38791157 | H63: 190 | I63: 0.12105263 | J63: =Tabla2[[#This Row],[Referencias Recomendadas]]*Tabla2[[#This Row],[Meta Referencias]] -> 23 | K63: Junio
A64: GALAGRO VALLE DE ABURRA ANT. | B64: CAMPORIGEN | C64: 7214149 | D64: 1390800 | E64: 0.19278781 | F64: 3574200 | G64: 0.38912204 | H64: 48 | I64: 0.041666667 | J64: =Tabla2[[#This Row],[Referencias Recomendadas]]*Tabla2[[#This Row],[Meta Referencias]] -> 2 | K64: Junio
A65: GALAGRO VALLE DE ABURRA ANT. | B65: UVIO | C65: 601179 | H65: 10 | J65: =Tabla2[[#This Row],[Referencias Recomendadas]]*Tabla2[[#This Row],[Meta Referencias]] -> 0 | K65: Junio
A66: GALAGRO SUROESTE ANT. | B66: ADAMA | C66: 219813472 | D66: 22636600 | E66: 0.10298095 | F66: 333083310 | G66: 0.067960775 | H66: 190 | I66: 0.068421053 | J66: =Tabla2[[#This Row],[Referencias Recomendadas]]*Tabla2[[#This Row],[Meta Referencias]] -> 13 | K66: Junio
A67: GALAGRO SUROESTE ANT. | B67: CAMPORIGEN | C67: 38966932 | D67: 13541600 | E67: 0.34751517 | F67: 59287809 | G67: 0.22840446 | H67: 48 | I67: 0.33333333 | J67: =Tabla2[[#This Row],[Referencias Recomendadas]]*Tabla2[[#This Row],[Meta Referencias]] -> 16 | K67: Junio
A68: GALAGRO SUROESTE ANT. | B68: UVIO | C68: 6494489 | D68: 0 | E68: 0 | F68: 590982 | G68: 0 | H68: 10 | I68: 0.1 | J68: =Tabla2[[#This Row],[Referencias Recomendadas]]*Tabla2[[#This Row],[Meta Referencias]] -> 1 | K68: Junio
A69: GALAGRO NORTE ANT. | B69: ADAMA | C69: 479672096 | D69: 14157400 | E69: 0.029514746 | F69: 736304090 | G69: 0.019227654 | H69: 190 | I69: 0.026315789 | J69: =Tabla2[[#This Row],[Referencias Recomendadas]]*Tabla2[[#This Row],[Meta Referencias]] -> 5 | K69: Junio
A70: GALAGRO NORTE ANT. | B70: CAMPORIGEN | C70: 59459352 | F70: 49231703 | H70: 48 | J70: =Tabla2[[#This Row],[Referencias Recomendadas]]*Tabla2[[#This Row],[Meta Referencias]] -> 0 | K70: Junio
A71: GALAGRO NORTE ANT. | B71: UVIO | C71: 6495559 | F71: 1870000 | H71: 10 | J71: =Tabla2[[#This Row],[Referencias Recomendadas]]*Tabla2[[#This Row],[Meta Referencias]] -> 0 | K71: Junio
A72: GALAGRO OFICINA ANT. | B72: ADAMA | C72: 105451264 | D72: 2092100 | E72: 0.019839497 | F72: 117339102 | G72: 0.017829521 | H72: 190 | I72: 0.047368421 | J72: =Tabla2[[#This Row],[Referencias Recomendadas]]*Tabla2[[#This Row],[Meta Referencias]] -> 9 | K72: Junio
A73: GALAGRO OFICINA ANT. | B73: CAMPORIGEN | C73: 52460584 | D73: 1174600 | E73: 0.022390143 | F73: 39417209 | G73: 0.029799167 | H73: 48 | I73: 0.10416667 | J73: =Tabla2[[#This Row],[Referencias Recomendadas]]*Tabla2[[#This Row],[Meta Referencias]] -> 5 | K73: Junio
A74: GALAGRO OFICINA ANT. | B74: UVIO | C74: 5523638 | D74: 0 | E74: 0 | F74: 590982 | G74: 0 | H74: 10 | I74: 0.1 | J74: =Tabla2[[#This Row],[Referencias Recomendadas]]*Tabla2[[#This Row],[Meta Referencias]] -> 1 | K74: Junio
A75: GALAGRO ORIENTE A ANT. | B75: CAMPORIGEN | C75: 41998432 | D75: 1472100 | E75: 0.035051309 | F75: 33846280 | G75: 0.043493702 | H75: 48 | I75: 0.083333333 | J75: =Tabla2[[#This Row],[Referencias Recomendadas]]*Tabla2[[#This Row],[Meta Referencias]] -> 4 | K75: Junio
A76: GALAGRO ORIENTE A ANT. | B76: ADAMA | C76: 474982272 | D76: 947500 | E76: 0.0019948113 | F76: 461822270 | G76: 0.0020516551 | H76: 190 | I76: 0.042105263 | J76: =Tabla2[[#This Row],[Referencias Recomendadas]]*Tabla2[[#This Row],[Meta Referencias]] -> 8 | K76: Junio
A77: GALAGRO ORIENTE A ANT. | B77: UVIO | C77: 6529433 | H77: 10 | J77: =Tabla2[[#This Row],[Referencias Recomendadas]]*Tabla2[[#This Row],[Meta Referencias]] -> 0 | K77: Junio
A78: GALAGRO ORIENTE B ANT. | B78: ADAMA | C78: 984699200 | D78: 661800 | E78: 0.00067208341 | F78: 1940852079 | G78: 0.00034098425 | H78: 190 | I78: 0.010526316 | J78: =Tabla2[[#This Row],[Referencias Recomendadas]]*Tabla2[[#This Row],[Meta Referencias]] -> 2 | K78: Junio
A79: GALAGRO ORIENTE B ANT. | B79: CAMPORIGEN | C79: 149921584 | D79: 274700 | E79: 0.0018322912 | F79: 62266409 | G79: 0.0044116885 | H79: 48 | I79: 0.0625 | J79: =Tabla2[[#This Row],[Referencias Recomendadas]]*Tabla2[[#This Row],[Meta Referencias]] -> 3 | K79: Junio
A80: GALAGRO ORIENTE B ANT. | B80: UVIO | C80: 11499521 | F80: 3390482 | H80: 10 | J80: =Tabla2[[#This Row],[Referencias Recomendadas]]*Tabla2[[#This Row],[Meta Referencias]] -> 0 | K80: Junio
A81: GALAGRO BAJO CAUCA ANT. | B81: ADAMA | C81: 190178704 | F81: 211526001 | H81: 190 | J81: =Tabla2[[#This Row],[Referencias Recomendadas]]*Tabla2[[#This Row],[Meta Referencias]] -> 0 | K81: Junio
A82: GALAGRO BAJO CAUCA ANT. | B82: CAMPORIGEN | C82: 3803574 | F82: 11003300 | H82: 48 | J82: =Tabla2[[#This Row],[Referencias Recomendadas]]*Tabla2[[#This Row],[Meta Referencias]] -> 0 | K82: Junio
A83: GALAGRO BAJO CAUCA ANT. | B83: UVIO | C83: 200188 | H83: 10 | J83: =Tabla2[[#This Row],[Referencias Recomendadas]]*Tabla2[[#This Row],[Meta Referencias]] -> 0 | K83: Junio
A84: GALAGRO CORDOBA ANT. | B84: ADAMA | C84: 0 | H84: 190 | J84: =Tabla2[[#This Row],[Referencias Recomendadas]]*Tabla2[[#This Row],[Meta Referencias]] -> 0 | K84: Junio
A85: GALAGRO CORDOBA ANT. | B85: CAMPORIGEN | C85: 38760176 | H85: 48 | J85: =Tabla2[[#This Row],[Referencias Recomendadas]]*Tabla2[[#This Row],[Meta Referencias]] -> 0 | K85: Junio
A86: GALAGRO CORDOBA ANT. | B86: UVIO | C86: 1498460 | H86: 10 | J86: =Tabla2[[#This Row],[Referencias Recomendadas]]*Tabla2[[#This Row],[Meta Referencias]] -> 0 | K86: Junio
A87: GALAGRO NORDESTE Y MAG. MEDIO ANT. | B87: ADAMA | C87: 78689520 | F87: 51423860 | H87: 190 | J87: =Tabla2[[#This Row],[Referencias Recomendadas]]*Tabla2[[#This Row],[Meta Referencias]] -> 0 | K87: Junio
A88: GALAGRO NORDESTE Y MAG. MEDIO ANT. | B88: CAMPORIGEN | C88: 491809 | F88: 674300 | H88: 48 | J88: =Tabla2[[#This Row],[Referencias Recomendadas]]*Tabla2[[#This Row],[Meta Referencias]] -> 0 | K88: Junio
A89: GALAGRO NORDESTE Y MAG. MEDIO ANT. | B89: UVIO | C89: 196724 | H89: 10 | J89: =Tabla2[[#This Row],[Referencias Recomendadas]]*Tabla2[[#This Row],[Meta Referencias]] -> 0 | K89: Junio
A90: GALAGRO URABA ANT. | B90: ADAMA | C90: 0 | H90: 190 | J90: =Tabla2[[#This Row],[Referencias Recomendadas]]*Tabla2[[#This Row],[Meta Referencias]] -> 0 | K90: Junio
A91: GALAGRO URABA ANT. | B91: CAMPORIGEN | C91: 6992183 | F91: 5382100 | H91: 48 | J91: =Tabla2[[#This Row],[Referencias Recomendadas]]*Tabla2[[#This Row],[Meta Referencias]] -> 0 | K91: Junio
A92: GALAGRO URABA ANT. | B92: UVIO | C92: 1498325 | H92: 10 | J92: =Tabla2[[#This Row],[Referencias Recomendadas]]*Tabla2[[#This Row],[Meta Referencias]] -> 0 | K92: Junio

Sheet Territorios
A1: Territorio de ventas | B1: Creados por | C1: Ciudad | D1: Total | E1: Encargado | F1: Meta clientes
A2: PYC AGRÍCOLA ANT BAJO CAUCA | B2: Carolina María Escobar Londoño | C2: MONTELIBANO | D2: 6 | E2: Carolina María Escobar Londoño
A3: PYC AGRÍCOLA ANT BAJO CAUCA | B3: Carolina María Escobar Londoño | C3: TARAZA | D3: 6 | E3: Carolina María Escobar Londoño
A4: PYC AGRÍCOLA ANT BAJO CAUCA | B4: Carolina María Escobar Londoño | C4: VALDIVIA | D4: 8 | E4: Carolina María Escobar Londoño
A5: PYC AGRÍCOLA ANT BAJO CAUCA | B5: Carolina María Escobar Londoño | C5: YARUMAL | D5: 1 | E5: Carolina María Escobar Londoño
A6: PYC AGRÍCOLA ANT CÓRDOBA | B6: (Vacante) Jonathan De Jesús Salcedo Arango | C6: CERETE | D6: 4 | E6: (Vacante) Jonathan De Jesús Salcedo Arango | F6: 160
A7: PYC AGRÍCOLA ANT CÓRDOBA | B7: (Vacante) Jonathan De Jesús Salcedo Arango | C7: COTORRA | D7: 3 | E7: (Vacante) Jonathan De Jesús Salcedo Arango | F7: 160
A8: PYC AGRÍCOLA ANT CÓRDOBA | B8: (Vacante) Jonathan De Jesús Salcedo Arango | C8: MONTERIA | D8: 8 | E8: (Vacante) Jonathan De Jesús Salcedo Arango | F8: 160
A9: PYC AGRÍCOLA ANT CÓRDOBA | B9: (Vacante) Jonathan De Jesús Salcedo Arango | C9: RIONEGRO | D9: 24 | E9: (Vacante) Jonathan De Jesús Salcedo Arango | F9: 160
A10: PYC AGRÍCOLA ANT CÓRDOBA | B10: (Vacante) Jonathan De Jesús Salcedo Arango | C10: TIERRALTA | D10: 6 | E10: (Vacante) Jonathan De Jesús Salcedo Arango | F10: 160
A11: PYC AGRÍCOLA ANT CÓRDOBA | B11: (Vacante) Jonathan De Jesús Salcedo Arango | C11: (en blanco) | D11: 20 | E11: (Vacante) Jonathan De Jesús Salcedo Arango | F11: 160
A12: PYC AGRÍCOLA ANT CÓRDOBA | B12: Jairo Jesús Morales Doria | C12: ACHI | D12: 1 | E12: Jairo Jesús Morales Doria
A13: PYC AGRÍCOLA ANT CÓRDOBA | B13: Jairo Jesús Morales Doria | C13: CAUCASIA | D13: 1 | E13: Jairo Jesús Morales Doria
A14: PYC AGRÍCOLA ANT CÓRDOBA | B14: Jairo Jesús Morales Doria | C14: CERETE | D14: 6 | E14: Jairo Jesús Morales Doria
A15: PYC AGRÍCOLA ANT CÓRDOBA | B15: Jairo Jesús Morales Doria | C15: COTORRA | D15: 8 | E15: Jairo Jesús Morales Doria
A16: PYC AGRÍCOLA ANT CÓRDOBA | B16: Jairo Jesús Morales Doria | C16: FREDONIA | D16: 1 | E16: Jairo Jesús Morales Doria
A17: PYC AGRÍCOLA ANT CÓRDOBA | B17: Jairo Jesús Morales Doria | C17: LORICA | D17: 3 | E17: Jairo Jesús Morales Doria
A18: PYC AGRÍCOLA ANT CÓRDOBA | B18: Jairo Jesús Morales Doria | C18: MAJAGUAL | D18: 7 | E18: Jairo Jesús Morales Doria
A19: PYC AGRÍCOLA ANT CÓRDOBA | B19: Jairo Jesús Morales Doria | C19: MONTERIA | D19: 2 | E19: Jairo Jesús Morales Doria
A20: PYC AGRÍCOLA ANT CÓRDOBA | B20: Jairo Jesús Morales Doria | C20: PLANETA RICA | D20: 2 | E20: Jairo Jesús Morales Doria
A21: PYC AGRÍCOLA ANT CÓRDOBA | B21: Jairo Jesús Morales Doria | C21: SAN CARLOS | D21: 2 | E21: Jairo Jesús Morales Doria
A22: PYC AGRÍCOLA ANT CÓRDOBA | B22: Jairo Jesús Morales Doria | C22: SAN MARCOS | D22: 6 | E22: Jairo Jesús Morales Doria
A23: PYC AGRÍCOLA ANT CÓRDOBA | B23: Jairo Jesús Morales Doria | C23: TIERRALTA | D23: 6 | E23: Jairo Jesús Morales Doria
... A40: PYC AGRÍCOLA ANT NORTE | B40: Carolina María Escobar Londoño | C40: YARUMAL | D40: 25 | E40: Carolina María Escobar Londoño
A41: PYC AGRÍCOLA ANT NORTE | B41: Marcela Ramirez Ramirez | C41: BELMIRA | D41: 2 | E41: Marcela Ramirez Ramirez | F41: 209
A42: PYC AGRÍCOLA ANT NORTE | B42: Marcela Ramirez Ramirez | C42: DON MATIAS | D42: 2 | E42: Marcela Ramirez Ramirez | F42: 209
A43: PYC AGRÍCOLA ANT NORTE | B43: Marcela Ramirez Ramirez | C43: ENTRERRIOS | D43: 6 | E43: Marcela Ramirez Ramirez | F43: 209
A44: PYC AGRÍCOLA ANT NORTE | B44: Marcela Ramirez Ramirez | C44: RIONEGRO | D44: 2 | E44: Marcela Ramirez Ramirez | F44: 209
A45: PYC AGRÍCOLA ANT NORTE | B45: Marcela Ramirez Ramirez | C45: SANTA ROSA DE OSOS | D45: 19 | E45: Marcela Ramirez Ramirez | F45: 209
A46: PYC AGRÍCOLA ANT NORTE | B46: Marcela Ramirez Ramirez | C46: YARUMAL | D46: 6 | E46: Marcela Ramirez Ramirez | F46: 209
A47: PYC AGRÍCOLA ANT NORTE | B47: Mario Andrés Granada Guisao | C47: ITAGUI | D47: 1 | E47: Mario Andrés Granada Guisao
A48: PYC AGRÍCOLA ANT ORIENTE A | B48: César Augusto Montoya Sierra | C48: ABEJORRAL | D48: 1 | E48: César Augusto Montoya Sierra
A49: PYC AGRÍCOLA ANT ORIENTE A | B49: Heidy Catalina Hernandez Restrepo | C49: ABEJORRAL | D49: 26 | E49: Heidy Catalina Hernandez Restrepo
A50: PYC AGRÍCOLA ANT ORIENTE A | B50: Heidy Catalina Hernandez Restrepo | C50: BOGOTA | D50: 1 | E50: Heidy Catalina Hernandez Restrepo
A51: PYC AGRÍCOLA ANT ORIENTE A | B51: Heidy Catalina Hernandez Restrepo | C51: CARMEN DE VIBORAL | D51: 32 | E51: Heidy Catalina Hernandez Restrepo
A52: PYC AGRÍCOLA ANT ORIENTE A | B52: Heidy Catalina Hernandez Restrepo | C52: CONCEPCION | D52: 2 | E52: Heidy Catalina Hernandez Restrepo
A53: PYC AGRÍCOLA ANT ORIENTE A | B53: Heidy Catalina Hernandez Restrepo | C53: ITAGUI | D53: 1 | E53: Heidy Catalina Hernandez Restrepo
A54: PYC AGRÍCOLA ANT ORIENTE A | B54: Heidy Catalina Hernandez Restrepo | C54: LA CEJA | D54: 37 | E54: Heidy Catalina Hernandez Restrepo
A55: PYC AGRÍCOLA ANT ORIENTE A | B55: Heidy Catalina Hernandez Restrepo | C55: LA UNION | D55: 22 | E55: Heidy Catalina Hernandez Restrepo
A56: PYC AGRÍCOLA ANT ORIENTE A | B56: Heidy Catalina Hernandez Restrepo | C56: RIONEGRO | D56: 55 | E56: Heidy Catalina Hernandez Restrepo
A57: PYC AGRÍCOLA ANT ORIENTE A | B57: Heidy Catalina Hernandez Restrepo | C57: SONSON | D57: 24 | E57: Heidy Catalina Hernandez Restrepo
A58: PYC AGRÍCOLA ANT ORIENTE A | B58: Heidy Catalina Hernandez Restrepo | C58: (en blanco) | D58: 1 | E58: Heidy Catalina Hernandez Restrepo
A59: PYC AGRÍCOLA ANT ORIENTE A | B59: Juan Esteban Montoya Serna | C59: ABEJORRAL | D59: 5 | E59: Santiago Idarraga Hurtado | F59: 33
A60: PYC AGRÍCOLA ANT ORIENTE A | B60: Juan Esteban Montoya Serna | C60: BOGOTA | D60: 1 | E60: Juan Esteban Montoya Serna | F60: 241
A61: PYC AGRÍCOLA ANT ORIENTE A | B61: Juan Esteban Montoya Serna | C61: CARMEN DE VIBORAL | D61: 19 | E61: Juan Esteban Montoya Serna | F61: 241
A62: PYC AGRÍCOLA ANT ORIENTE A | B62: Juan Esteban Montoya Serna | C62: LA CEJA | D62: 13 | E62: Juan Esteban Montoya Serna | F62: 241
A63: PYC AGRÍCOLA ANT ORIENTE A | B63: Juan Esteban Montoya Serna | C63: LA UNION | D63: 19 | E63: Juan Esteban Montoya Serna | F63: 241
A64: PYC AGRÍCOLA ANT ORIENTE A | B64: Juan Esteban Montoya Serna | C64: LA UNIÓN | D64: 4 | E64: Juan Esteban Montoya Serna | F64: 241
A65: PYC AGRÍCOLA ANT ORIENTE A | B65: Juan Esteban Montoya Serna | C65: RIONEGRO | D65: 10 | E65: Juan Esteban Montoya Serna | F65: 241
A66: PYC AGRÍCOLA ANT ORIENTE A | B66: Juan Esteban Montoya Serna | C66: SAN VICENTE FERRER | D66: 3 | E66: Juan Esteban Montoya Serna | F66: 241
A67: PYC AGRÍCOLA ANT ORIENTE A | B67: Juan Esteban Montoya Serna | C67: SONSON | D67: 13 | E67: Santiago Idarraga Hurtado | F67: 33
A68: PYC AGRÍCOLA ANT ORIENTE A | B68: Juan Esteban Montoya Serna | C68: (en blanco) | D68: 42
A69: PYC AGRÍCOLA ANT ORIENTE A | B69: Santiago Idarraga Hurtado | C69: SONSON | D69: 12 | E69: Santiago Idarraga Hurtado | F69: 33
A70: PYC AGRÍCOLA ANT ORIENTE A | B70: Santiago Idarraga Hurtado | C70: (en blanco) | D70: 82
A71: PYC AGRÍCOLA ANT ORIENTE B | B71: Alejandro Suárez García | C71: CONCEPCION | D71: 2 | E71: Alejandro Suárez García
A72: PYC AGRÍCOLA ANT ORIENTE B | B72: Alejandro Suárez García | C72: EL SANTUARIO | D72: 23 | E72: Alejandro Suárez García
A73: PYC AGRÍCOLA ANT ORIENTE B | B73: Alejandro Suárez García | C73: GRANADA | D73: 3 | E73: Alejandro Suárez García
A74: PYC AGRÍCOLA ANT ORIENTE B | B74: Alejandro Suárez García | C74: GUARNE | D74: 28 | E74: Alejandro Suárez García
A75: PYC AGRÍCOLA ANT ORIENTE B | B75: Alejandro Suárez García | C75: ITAGUI | D75: 8 | E75: Alejandro Suárez García
A76: PYC AGRÍCOLA ANT ORIENTE B | B76: Alejandro Suárez García | C76: MARINILLA | D76: 42 | E76: Alejandro Suárez García
A77: PYC AGRÍCOLA ANT ORIENTE B | B77: Alejandro Suárez García | C77: MEDELLIN | D77: 6 | E77: Alejandro Suárez García
A78: PYC AGRÍCOLA ANT ORIENTE B | B78: Alejandro Suárez García | C78: PEÑOL | D78: 33 | E78: Alejandro Suárez García
A79: PYC AGRÍCOLA ANT ORIENTE B | B79: Alejandro Suárez García | C79: SAN VICENTE | D79: 29 | E79: Alejandro Suárez García
A80: PYC AGRÍCOLA ANT ORIENTE B | B80: César Augusto Montoya Sierra | C80: PEÑOL | D80: 1 | E80: César Augusto Montoya Sierra
A81: PYC AGRÍCOLA ANT ORIENTE B | B81: Edison Ferney Rivera Muñoz | C81: CONCEPCION | D81: 4 | E81: Edison Ferney Rivera Muñoz | F81: 146
A82: PYC AGRÍCOLA ANT ORIENTE B | B82: Edison Ferney Rivera Muñoz | C82: EL SANTUARIO | D82: 30 | E82: Maria Alejandra Diaz Aguirre | F82: 101
A83: PYC AGRÍCOLA ANT ORIENTE B | B83: Edison Ferney Rivera Muñoz | C83: GRANADA | D83: 2 | E83: Maria Alejandra Diaz Aguirre | F83: 101
A84: PYC AGRÍCOLA ANT ORIENTE B | B84: Edison Ferney Rivera Muñoz | C84: GUARNE | D84: 43 | E84: Edison Ferney Rivera Muñoz | F84: 146
A85: PYC AGRÍCOLA ANT ORIENTE B | B85: Edison Ferney Rivera Muñoz | C85: ITAGUI | D85: 2 | E85: Edison Ferney Rivera Muñoz | F85: 146
A86: PYC AGRÍCOLA ANT ORIENTE B | B86: Edison Ferney Rivera Muñoz | C86: MARINILLA | D86: 45 | E86: Edison Ferney Rivera Muñoz | F86: 146
A87: PYC AGRÍCOLA ANT ORIENTE B | B87: Edison Ferney Rivera Muñoz | C87: MEDELLIN | D87: 1 | E87: Edison Ferney Rivera Muñoz | F87: 146
A88: PYC AGRÍCOLA ANT ORIENTE B | B88: Edison Ferney Rivera Muñoz | C88: PEÑOL | D88: 35 | E88: Maria Alejandra Diaz Aguirre | F88: 101
A89: PYC AGRÍCOLA ANT ORIENTE B | B89: Edison Ferney Rivera Muñoz | C89: RIONEGRO | D89: 5 | E89: Edison Ferney Rivera Muñoz | F89: 146
A90: PYC AGRÍCOLA ANT ORIENTE B | B90: Edison Ferney Rivera Muñoz | C90: SAN VICENTE | D90: 77 | E90: Edison Ferney Rivera Muñoz | F90: 146
A91: PYC AGRÍCOLA ANT ORIENTE B | B91: Edison Ferney Rivera Muñoz | C91: (en blanco) | D91: 2
A92: PYC AGRÍCOLA ANT ORIENTE B | B92: Juan Felipe Botero Gómez | C92: MEDELLIN | D92: 1 | E92: Juan Felipe Botero Gómez | F92: 64
A93: PYC AGRÍCOLA ANT SUROESTE | B93: (vacante) Alex García Moncada | C93: ANDES | D93: 34 | E93: (vacante) Alex García Moncada | F93: 122
A94: PYC AGRÍCOLA ANT SUROESTE | B94: (vacante) Alex García Moncada | C94: BETANIA | D94: 9 | E94: (vacante) Alex García Moncada | F94: 122
A95: PYC AGRÍCOLA ANT SUROESTE | B95: (vacante) Alex García Moncada | C95: BOLIVAR | D95: 15 | E95: (vacante) Alex García Moncada | F95: 122
A96: PYC AGRÍCOLA ANT SUROESTE | B96: (vacante) Alex García Moncada | C96: HISPANIA | D96: 2 | E96: (vacante) Alex García Moncada | F96: 122
A97: PYC AGRÍCOLA ANT SUROESTE | B97: (vacante) Alex García Moncada | C97: JARDIN | D97: 48 | E97: (vacante) Alex García Moncada | F97: 122
A98: PYC AGRÍCOLA ANT SUROESTE | B98: (vacante) Alex García Moncada | C98: MEDELLIN | D98: 1 | E98: (vacante) Alex García Moncada | F98: 122
A99: PYC AGRÍCOLA ANT SUROESTE | B99: (vacante) Alex García Moncada | C99: PUEBLORRICO | D99: 6 | E99: (vacante) Alex García Moncada | F99: 122
A100: PYC AGRÍCOLA ANT SUROESTE | B100: (vacante) Alex García Moncada | C100: RIONEGRO | D100: 3 | E100: (vacante) Alex García Moncada | F100: 122
A101: PYC AGRÍCOLA ANT SUROESTE | B101: (vacante) Alex García Moncada | C101: RIOSUCIO | D101: 1 | E101: (vacante) Alex García Moncada | F101: 122
A102: PYC AGRÍCOLA ANT SUROESTE | B102: (vacante) Alex García Moncada | C102: SALGAR | D102: 7 | E102: (vacante) Alex García Moncada | F102: 122
A103: PYC AGRÍCOLA ANT SUROESTE | B103: (vacante) Alex García Moncada | C103: SANTAFE DE ANTIOQUIA | D103: 1 | E103: (vacante) Alex García Moncada | F103: 122
... A110: PYC AGRÍCOLA ANT SUROESTE | B110: Fabian Rueda Rueda | C110: (en blanco) | D110: 5 | E110: (vacante) Alex García Moncada | F110: 122
A111: PYC AGRÍCOLA ANT SUROESTE | B111: Sara Ruíz Restrepo | C111: ANDES | D111: 52 | E111: Sara Ruíz Restrepo
A112: PYC AGRÍCOLA ANT SUROESTE | B112: Sara Ruíz Restrepo | C112: BETANIA | D112: 14 | E112: Sara Ruíz Restrepo
A113: PYC AGRÍCOLA ANT SUROESTE | B113: Sara Ruíz Restrepo | C113: BETULIA | D113: 26 | E113: Sara Ruíz Restrepo
A114: PYC AGRÍCOLA ANT SUROESTE | B114: Sara Ruíz Restrepo | C114: BOLIVAR | D114: 12 | E114: Sara Ruíz Restrepo
A115: PYC AGRÍCOLA ANT SUROESTE | B115: Sara Ruíz Restrepo | C115: CALDAS | D115: 3 | E115: Sara Ruíz Restrepo
A116: PYC AGRÍCOLA ANT SUROESTE | B116: Sara Ruíz Restrepo | C116: CONCORDIA | D116: 22 | E116: Sara Ruíz Restrepo
A117: PYC AGRÍCOLA ANT SUROESTE | B117: Sara Ruíz Restrepo | C117: FREDONIA | D117: 4 | E117: Sara Ruíz Restrepo
A118: PYC AGRÍCOLA ANT SUROESTE | B118: Sara Ruíz Restrepo | C118: HISPANIA | D118: 3 | E118: Sara Ruíz Restrepo
A119: PYC AGRÍCOLA ANT SUROESTE | B119: Sara Ruíz Restrepo | C119: ILES | D119: 2 | E119: Sara Ruíz Restrepo
A120: PYC AGRÍCOLA ANT SUROESTE | B120: Sara Ruíz Restrepo | C120: JARDIN | D120: 11 | E120: Sara Ruíz Restrepo
A121: PYC AGRÍCOLA ANT SUROESTE | B121: Sara Ruíz Restrepo | C121: JERICO | D121: 2 | E121: Sara Ruíz Restrepo
A122: PYC AGRÍCOLA ANT SUROESTE | B122: Sara Ruíz Restrepo | C122: MEDELLIN | D122: 3 | E122: Sara Ruíz Restrepo
...

Sheet base director
A1: Comercial | B1: Indicador | D1: Cumplimiento | E1: Meta | F1: Peso Ajustado | G1: Peso | H1: Gestión Real Enero | I1: Gestión Real Febrero | J1: Gestión Real Marzo | K1: Meta Esperada
A2: Carolina María Escobar Londoño (BC) | B2: Ejecución Visitas | C2: ⬤ | D2: 0.7 | E2: 0.9 | F2: 0.125 | G2: 0.1 | H2: 0 | I2: 12 | J2: 9 | K2: 30
A3: Carolina María Escobar Londoño (BC) | B3: Cobertura Clientes | C3: ⬤ | D3: 1.8 | E3: 0.9 | F3: 0.125 | G3: 0.1 | H3: 0 | I3: 11 | J3: 7 | K3: 10
A4: Carolina María Escobar Londoño (BC) | B4: Nuevos Clientes | C4: ⬤ | D4: 0 | E4: 0.9 | F4: 0.125 | G4: 0.1 | H4: 0 | I4: 0 | J4: 0 | K4: 1
A5: Carolina María Escobar Londoño (BC) | B5: Recomendados | C5: ⬤ | D5: 0 | E5: 0.9 | F5: 0 | G5: 0.2 | H5: 0 | I5: 0 | J5: 0 | K5: 0
A6: Carolina María Escobar Londoño (BC) | B6: Referencias | C6: ⬤ | D6: 0 | E6: 0.9 | F6: 0.125 | G6: 0.1 | H6: 0 | I6: 0 | J6: 0 | K6: 292
A7: Carolina María Escobar Londoño (BC) | B7: leads Calificados | C7: ⬤ | D7: 0 | E7: 0.9 | F7: 0.125 | G7: 0.1 | H7: 0 | I7: 0 | J7: 0 | K7: 0
A8: Carolina María Escobar Londoño (BC) | B8: leads Calificados A Tiempo | C8: ⬤ | D8: 0 | E8: 0.9 | F8: 0.125 | G8: 0.1 | H8: 0 | I8: 0 | J8: 0 | K8: 0
A9: Carolina María Escobar Londoño (BC) | B9: Impacto en clientes (Actividades de Campo) | C9: ⬤ | D9: 0 | E9: 0.9 | F9: 0.125 | G9: 0.1 | H9: 0 | I9: 0 | J9: 0 | K9: 3.5
A10: Carolina María Escobar Londoño (BC) | B10: Hectareas Cultivos impactados | C10: ⬤ | D10: 0 | E10: 0.9 | F10: 0.0625 | G10: 0.05 | H10: 0 | I10: 0 | J10: 0
A11: Carolina María Escobar Londoño (BC) | B11: Cultivos impactados | C11: ⬤ | D11: 0 | E11: 0.9 | F11: 0.0625 | G11: 0.05 | H11: 0 | I11: 0 | J11: 0 | K11: 3
A12: Marcela Ramirez Ramirez (BC) | B12: Ejecución Visitas | C12: ⬤ | D12: 0 | E12: 0.9 | F12: 0.125 | G12: 0.1 | H12: 0 | I12: 0 | J12: 0 | K12: 180
A13: Marcela Ramirez Ramirez (BC) | B13: Cobertura Clientes | C13: ⬤ | D13: 0 | E13: 0.9 | F13: 0.125 | G13: 0.1 | H13: 0 | I13: 0 | J13: 0 | K13: 10
A14: Marcela Ramirez Ramirez (BC) | B14: Nuevos Clientes | C14: ⬤ | D14: 0 | E14: 0.9 | F14: 0.125 | G14: 0.1 | H14: 0 | I14: 0 | J14: 0 | K14: 1
A15: Marcela Ramirez Ramirez (BC) | B15: Recomendados | C15: ⬤ | D15: 0 | E15: 0.9 | F15: 0 | G15: 0.2 | H15: 0 | I15: 0 | J15: 0 | K15: 0
A16: Marcela Ramirez Ramirez (BC) | B16: Referencias | C16: ⬤ | D16: 0 | E16: 0.9 | F16: 0.125 | G16: 0.1 | H16: 0 | I16: 0 | J16: 0 | K16: 292
A17: Marcela Ramirez Ramirez (BC) | B17: leads Calificados | C17: ⬤ | D17: 0 | E17: 0.9 | F17: 0.125 | G17: 0.1 | H17: 0 | I17: 0 | J17: 0 | K17: 0
A18: Marcela Ramirez Ramirez (BC) | B18: leads Calificados A Tiempo | C18: ⬤ | D18: 0 | E18: 0.9 | F18: 0.125 | G18: 0.1 | H18: 0 | I18: 0 | J18: 0 | K18: 0
A19: Marcela Ramirez Ramirez (BC) | B19: Impacto en clientes (Actividades de Campo) | C19: ⬤ | D19: 0 | E19: 0.9 | F19: 0.125 | G19: 0.1 | H19: 0 | I19: 0 | J19: 0
A20: Marcela Ramirez Ramirez (BC) | B20: Hectareas Cultivos impactados | C20: ⬤ | D20: 0 | E20: 0.9 | F20: 0.0625 | G20: 0.05 | H20: 0 | I20: 0 | J20: 0 | K20: 90
A21: Marcela Ramirez Ramirez (BC) | B21: Cultivos impactados | C21: ⬤ | D21: 0 | E21: 0.9 | F21: 0.0625 | G21: 0.05 | H21: 0 | I21: 0 | J21: 0 | K21: 3
A22: Jairo Jesús Morales Doria | B22: Ejecución Visitas | C22: ⬤ | D22: 0.24102564 | E22: 0.9 | F22: 0.1 | G22: 0.1 | H22: 0 | I22: 21 | J22: 26 | K22: 195
A23: Jairo Jesús Morales Doria | B23: Cobertura Clientes | C23: ⬤ | D23: 0.64615385 | E23: 0.9 | F23: 0.1 | G23: 0.1 | H23: 0 | I23: 20 | J23: 22 | K23: 65
A24: Jairo Jesús Morales Doria | B24: Nuevos Clientes | C24: ⬤ | D24: 0.375 | E24: 0.9 | F24: 0.1 | G24: 0.1 | H24: 6 | I24: 6 | J24: 6 | K24: 16
A25: Jairo Jesús Morales Doria | B25: Recomendados | C25: ⬤ | D25: 0 | E25: 0.9 | F25: 0.2 | G25: 0.2 | H25: 0 | I25: 0 | J25: 0 | K25: 624282058
A26: Jairo Jesús Morales Doria | B26: Referencias | C26: ⬤ | D26: 0 | E26: 0.9 | F26: 0.1 | G26: 0.1 | H26: 0 | I26: 0 | J26: 0 | K26: 292
A27: Jairo Jesús Morales Doria | B27: leads Calificados | C27: ⬤ | D27: 0 | E27: 0.9 | F27: 0.1 | G27: 0.1 | H27: 0 | I27: 0 | J27: 0 | K27: 0
A28: Jairo Jesús Morales Doria | B28: leads Calificados A Tiempo | C28: ⬤ | D28: 0 | E28: 0.9 | F28: 0.1 | G28: 0.1 | H28: 0 | I28: 0 | J28: 0 | K28: 0
A29: Jairo Jesús Morales Doria | B29: Impacto en clientes (Actividades de Campo) | C29: ⬤ | D29: 1.5 | E29: 0.9 | F29: 0.1 | G29: 0.1 | H29: 0 | I29: 1 | J29: 15 | K29: 3.5
A30: Jairo Jesús Morales Doria | B30: Hectareas Cultivos impactados | C30: ⬤ | D30: 1.5 | E30: 0.9 | F30: 0.05 | G30: 0.05
A31: Jairo Jesús Morales Doria | B31: Cultivos impactados | C31: ⬤ | D31: 0.33333333 | E31: 0.9 | F31: 0.05 | G31: 0.05 | H31: 0 | I31: 1 | J31: 0 | K31: 3
A32: (Vacante) Jonathan De Jesús Salcedo Arango | B32: Ejecución Visitas | C32: ⬤ | D32: 0.23888889 | E32: 0.9 | F32: 0.1 | G32: 0.1 | H32: 0 | I32: 17 | J32: 26 | K32: 180
A33: (Vacante) Jonathan De Jesús Salcedo Arango | B33: Cobertura Clientes | C33: ⬤ | D33: 0.1375 | E33: 0.9 | F33: 0.1 | G33: 0.1 | H33: 0 | I33: 13 | J33: 9 | K33: 160
A34: (Vacante) Jonathan De Jesús Salcedo Arango | B34: Nuevos Clientes | C34: ⬤ | D34: 0 | E34: 0.9 | F34: 0.1 | G34: 0.1 | H34: 0 | I34: 0 | J34: 0 | K34: 1
A35: (Vacante) Jonathan De Jesús Salcedo Arango | B35: Recomendados | C35: ⬤ | D35: 0 | E35: 0.9 | F35: 0.2 | G35: 0.2 | H35: 0 | I35: 0 | J35: 0
A36: (Vacante) Jonathan De Jesús Salcedo Arango | B36: Referencias | C36: ⬤ | D36: 0 | E36: 0.9 | F36: 0.1 | G36: 0.1 | H36: 0 | I36: 0 | J36: 0 | K36: 292
A37: (Vacante) Jonathan De Jesús Salcedo Arango | B37: leads Calificados | C37: ⬤ | D37: 1 | E37: 0.9 | F37: 0.1 | G37: 0.1 | H37: 1 | I37: 0 | J37: 0 | K37: 1
A38: (Vacante) Jonathan De Jesús Salcedo Arango | B38: leads Calificados A Tiempo | C38: ⬤ | D38: 0 | E38: 0.9 | F38: 0.1 | G38: 0.1 | H38: 0 | I38: 0 | J38: 0 | K38: 0
A39: (Vacante) Jonathan De Jesús Salcedo Arango | B39: Impacto en clientes (Actividades de Campo) | C39: ⬤ | D39: 1.5 | E39: 0.9 | F39: 0.1 | G39: 0.1 | H39: 0 | I39: 1 | J39: 15
A40: (Vacante) Jonathan De Jesús Salcedo Arango | B40: Hectareas Cultivos impactados | C40: ⬤ | D40: 1.5 | E40: 0.9 | F40: 0.05 | G40: 0.05 | H40: 0 | I40: 799 | J40: 0 | K40: 90
A41: (Vacante) Jonathan De Jesús Salcedo Arango | B41: Cultivos impactados | C41: ⬤ | D41: 0.33333333 | E41: 0.9 | F41: 0.05 | G41: 0.05 | H41: 0 | I41: 1 | J41: 0 | K41: 3
A42: Carolina María Escobar Londoño | B42: Ejecución Visitas | C42: ⬤ | D42: 0.58333333 | E42: 0.9 | F42: 0.1 | G42: 0.1 | H42: 18 | I42: 71 | J42: 58 | K42: 252
A43: Carolina María Escobar Londoño | B43: Cobertura Clientes | C43: ⬤ | D43: 1.3809524 | E43: 0.9 | F43: 0.1 | G43: 0.1 | H43: 16 | I43: 55 | J43: 45 | K43: 84
A44: Carolina María Escobar Londoño | B44: Nuevos Clientes | C44: ⬤ | D44: 1.3333333 | E44: 0.9 | F44: 0.1 | G44: 0.1 | H44: 8 | I44: 5 | J44: 5 | K44: 6
A45: Carolina María Escobar Londoño | B45: Recomendados | C45: ⬤ | D45: 0 | E45: 0.9 | F45: 0.2 | G45: 0.2 | H45: 0 | I45: 0 | J45: 0 | K45: 2559481741
A46: Carolina María Escobar Londoño | B46: Referencias | C46: ⬤ | D46: 0 | E46: 0.9 | F46: 0.1 | G46: 0.1 | H46: 0 | I46: 0 | J46: 0 | K46: 292
A47: Carolina María Escobar Londoño | B47: leads Calificados | C47: ⬤ | D47: 0 | E47: 0.9 | F47: 0.1 | G47: 0.1 | H47: 0 | I47: 0 | J47: 0 | K47: 0
A48: Carolina María Escobar Londoño | B48: leads Calificados A Tiempo | C48: ⬤ | D48: 0 | E48: 0.9 | F48: 0.1 | G48: 0.1 | H48: 0 | I48: 0 | J48: 0 | K48: 0
A49: Carolina María Escobar Londoño | B49: Impacto en clientes (Actividades de Campo) | C49: ⬤ | D49: 0.57142857 | E49: 0.9 | F49: 0.1 | G49: 0.1 | H49: 0 | I49: 0 | J49: 2 | K49: 3.5
A50: Carolina María Escobar Londoño | B50: Hectareas Cultivos impactados | C50: ⬤ | D50: 0 | E50: 0.9 | F50: 0.05 | G50: 0.05
A51: Carolina María Escobar Londoño | B51: Cultivos impactados | C51: ⬤ | D51: 0 | E51: 0.9 | F51: 0.05 | G51: 0.05 | H51: 0 | I51: 0 | J51: 0 | K51: 3
A52: Marcela Ramirez Ramirez | B52: Ejecución Visitas | C52: ⬤ | D52: 0.2 | E52: 0.9 | F52: 0.1 | G52: 0.1 | H52: 0 | I52: 0 | J52: 36 | K52: 180
A53: Marcela Ramirez Ramirez | B53: Cobertura Clientes | C53: ⬤ | D53: 0.09047619 | E53: 0.9 | F53: 0.1 | G53: 0.1 | H53: 0 | I53: 0 | J53: 19 | K53: 210
A54: Marcela Ramirez Ramirez | B54: Nuevos Clientes | C54: ⬤ | D54: 0 | E54: 0.9 | F54: 0.1 | G54: 0.1 | H54: 0 | I54: 0 | J54: 0 | K54: 1
A55: Marcela Ramirez Ramirez | B55: Recomendados | C55: ⬤ | D55: 0 | E55: 0.9 | F55: 0.2 | G55: 0.2 | H55: 0 | I55: 0 | J55: 0
A56: Marcela Ramirez Ramirez | B56: Referencias | C56: ⬤ | D56: 0 | E56: 0.9 | F56: 0.1 | G56: 0.1 | H56: 0 | I56: 0 | J56: 0 | K56: 292
A57: Marcela Ramirez Ramirez | B57: leads Calificados | C57: ⬤ | D57: 0 | E57: 0.9 | F57: 0.1 | G57: 0.1 | H57: 0 | I57: 0 | J57: 0 | K57: 0
A58: Marcela Ramirez Ramirez | B58: leads Calificados A Tiempo | C58: ⬤ | D58: 0 | E58: 0.9 | F58: 0.1 | G58: 0.1 | H58: 0 | I58: 0 | J58: 0 | K58: 0
A59: Marcela Ramirez Ramirez | B59: Impacto en clientes (Actividades de Campo) | C59: ⬤ | D59: 0.57142857 | E59: 0.9 | F59: 0.1 | G59: 0.1 | H59: 0 | I59: 0 | J59: 2
A60: Marcela Ramirez Ramirez | B60: Hectareas Cultivos impactados | C60: ⬤ | D60: 0 | E60: 0.9 | F60: 0.05 | G60: 0.05 | H60: 0 | I60: 0 | J60: 0 | K60: 90
A61: Marcela Ramirez Ramirez | B61: Cultivos impactados | C61: ⬤ | D61: 0 | E61: 0.9 | F61: 0.05 | G61: 0.05 | H61: 0 | I61: 0 | J61: 0 | K61: 3
A62: Heidy Catalina Hernandez Restrepo | B62: Ejecución Visitas | C62: ⬤ | D62: 1.7521368 | E62: 0.9 | F62: 0.1 | G62: 0.1 | H62: 28 | I62: 78 | J62: 99 | K62: 117
A63: Heidy Catalina Hernandez Restrepo | B63: Cobertura Clientes | C63: ⬤ | D63: 1.974359 | E63: 0.9 | F63: 0.1 | G63: 0.1 | H63: 14 | I63: 30 | J63: 33 | K63: 39
A64: Heidy Catalina Hernandez Restrepo | B64: Nuevos Clientes | C64: ⬤ | D64: 0.5 | E64: 0.9 | F64: 0.1 | G64: 0.1 | H64: 1 | I64: 1 | J64: 1 | K64: 2
A65: Heidy Catalina Hernandez Restrepo | B65: Recomendados | C65: ⬤ | D65: 0 | E65: 0.9 | F65: 0.2 | G65: 0.2 | H65: 0 | I65: 0 | J65: 0 | K65: 2560058204
A66: Heidy Catalina Hernandez Restrepo | B66: Referencias | C66: ⬤ | D66: 0 | E66: 0.9 | F66: 0.1 | G66: 0.1 | H66: 0 | I66: 0 | J66: 0 | K66: 292
A67: Heidy Catalina Hernandez Restrepo | B67: leads Calificados | C67: ⬤ | D67: 0 | E67: 0.9 | F67: 0.1 | G67: 0.1 | H67: 0 | I67: 0 | J67: 0 | K67: 0
A68: Heidy Catalina Hernandez Restrepo | B68: leads Calificados A Tiempo | C68: ⬤ | D68: 0 | E68: 0.9 | F68: 0.1 | G68: 0.1 | H68: 0 | I68: 0 | J68: 0 | K68: 0
A69: Heidy Catalina Hernandez Restrepo | B69: Impacto en clientes (Actividades de Campo) | C69: ⬤ | D69: 0.14285714 | E69: 0.9 | F69: 0.1 | G69: 0.1 | H69: 1 | I69: 0 | J69: 0 | K69: 7
A70: Heidy Catalina Hernandez Restrepo | B70: Hectareas Cultivos impactados | C70: ⬤ | D70: 0.19444444 | E70: 0.9 | F70: 0.05 | G70: 0.05
A71: Heidy Catalina Hernandez Restrepo | B71: Cultivos impactados | C71: ⬤ | D71: 1.5 | E71: 0.9 | F71: 0.05 | G71: 0.05 | H71: 2 | I71: 6 | J71: 3 | K71: 6
A72: Santiago Idarraga Hurtado | B72: Ejecución Visitas | C72: ⬤ | D72: 0.53888889 | E72: 0.9 | F72: 0.1 | G72: 0.1 | H72: 0 | I72: 32 | J72: 65 | K72: 180
A73: Santiago Idarraga Hurtado | B73: Cobertura Clientes | C73: ⬤ | D73: 2.3235294 | E73: 0.9 | F73: 0.1 | G73: 0.1 | H73: 0 | I73: 26 | J73: 53 | K73: 34
A74: Santiago Idarraga Hurtado | B74: Nuevos Clientes | C74: ⬤ | D74: 0 | E74: 0.9 | F74: 0.1 | G74: 0.1 | H74: 0 | I74: 0 | J74: 0 | K74: 1
A75: Santiago Idarraga Hurtado | B75: Recomendados | C75: ⬤ | D75: 0 | E75: 0.9 | F75: 0.2 | G75: 0.2 | H75: 0 | I75: 0 | J75: 0
A76: Santiago Idarraga Hurtado | B76: Referencias | C76: ⬤ | D76: 0 | E76: 0.9 | F76: 0.1 | G76: 0.1 | H76: 0 | I76: 0 | J76: 0 | K76: 292
A77: Santiago Idarraga Hurtado | B77: leads Calificados | C77: ⬤ | D77: 1.1666667 | E77: 0.9 | F77: 0.1 | G77: 0.1 | H77: 0 | I77: 6 | J77: 1 | K77: 6
A78: Santiago Idarraga Hurtado | B78: leads Calificados A Tiempo | C78: ⬤ | D78: 0 | E78: 0.9 | F78: 0.1 | G78: 0.1 | H78: 0 | I78: 0 | J78: 0 | K78: 0
A79: Santiago Idarraga Hurtado | B79: Impacto en clientes (Actividades de Campo) | C79: ⬤ | D79: 0.14285714 | E79: 0.9 | F79: 0.1 | G79: 0.1 | H79: 1 | I79: 0 | J79: 0
A80: Santiago Idarraga Hurtado | B80: Hectareas Cultivos impactados | C80: ⬤ | D80: 0.19444444 | E80: 0.9 | F80: 0.05 | G80: 0.05 | H80: 7 | I80: 18 | J80: 10 | K80: 180
A81: Santiago Idarraga Hurtado | B81: Cultivos impactados | C81: ⬤ | D81: 1.5 | E81: 0.9 | F81: 0.05 | G81: 0.05 | H81: 2 | I81: 6 | J81: 3 | K81: 6
A82: Juan Esteban Montoya Serna | B82: Ejecución Visitas | C82: ⬤ | D82: 0.72777778 | E82: 0.9 | F82: 0.1 | G82: 0.1 | H82: 40 | I82: 6 | J82: 85 | K82: 180
A83: Juan Esteban Montoya Serna | B83: Cobertura Clientes | C83: ⬤ | D83: 0.26209677 | E83: 0.9 | F83: 0.1 | G83: 0.1 | H83: 17 | I83: 4 | J83: 44 | K83: 248
A84: Juan Esteban Montoya Serna | B84: Nuevos Clientes | C84: ⬤ | D84: 0 | E84: 0.9 | F84: 0.1 | G84: 0.1 | H84: 0 | I84: 0 | J84: 0 | K84: 1
A85: Juan Esteban Montoya Serna | B85: Recomendados | C85: ⬤ | D85: 0 | E85: 0.9 | F85: 0.2 | G85: 0.2 | H85: 0 | I85: 0 | J85: 0
A86: Juan Esteban Montoya Serna | B86: Referencias | C86: ⬤ | D86: 0 | E86: 0.9 | F86: 0.1 | G86: 0.1 | H86: 0 | I86: 0 | J86: 0 | K86: 292
A87: Juan Esteban Montoya Serna | B87: leads Calificados | C87: ⬤ | D87: 0 | E87: 0.9 | F87: 0.1 | G87: 0.1 | H87: 0 | I87: 0 | J87: 0 | K87: 0
A88: Juan Esteban Montoya Serna | B88: leads Calificados A Tiempo | C88: ⬤ | D88: 0 | E88: 0.9 | F88: 0.1 | G88: 0.1 | H88: 0 | I88: 0 | J88: 0 | K88: 0
A89: Juan Esteban Montoya Serna | B89: Impacto en clientes (Actividades de Campo) | C89: ⬤ | D89: 0.14285714 | E89: 0.9 | F89: 0.1 | G89: 0.1 | H89: 1 | I89: 0 | J89: 0
A90: Juan Esteban Montoya Serna | B90: Hectareas Cultivos impactados | C90: ⬤ | D90: 0.19444444 | E90: 0.9 | F90: 0.05 | G90: 0.05
A91: Juan Esteban Montoya Serna | B91: Cultivos impactados | C91: ⬤ | D91: 1.5 | E91: 0.9 | F91: 0.05 | G91: 0.05 | H91: 2 | I91: 6 | J91: 3 | K91: 6
A92: Alejandro Suárez García | B92: Ejecución Visitas | C92: ⬤ | D92: 2.5068493 | E92: 0.9 | F92: 0.1 | G92: 0.1 | H92: 39 | I92: 64 | J92: 80 | K92: 73
A93: Alejandro Suárez García | B93: Cobertura Clientes | C93: ⬤ | D93: 2.4657534 | E93: 0.9 | F93: 0.1 | G93: 0.1 | H93: 17 | I93: 22 | J93: 21 | K93: 24.333333
A94: Alejandro Suárez García | B94: Nuevos Clientes | C94: ⬤ | D94: 2 | E94: 0.9 | F94: 0.1 | G94: 0.1 | H94: 2 | I94: 3 | J94: 3 | K94: 1
A95: Alejandro Suárez García | B95: Recomendados | C95: ⬤ | D95: 0.21181469 | E95: 0.9 | F95: 0.2 | G95: 0.2
A96: Alejandro Suárez García | B96: Referencias | C96: ⬤ | D96: 0.37671233 | E96: 0.9 | F96: 0.1 | G96: 0.1 | H96: 37 | I96: 35 | J96: 38 | K96: 292
A97: Alejandro Suárez García | B97: leads Calificados | C97: ⬤ | D97: 0 | E97: 0.9 | F97: 0.1 | G97: 0.1 | H97: 0 | I97: 0 | J97: 0 | K97: 0
A98: Alejandro Suárez García | B98: leads Calificados A Tiempo | C98: ⬤ | D98: 0 | E98: 0.9 | F98: 0.1 | G98: 0.1 | H98: 0 | I98: 0 | J98: 0 | K98: 0
A99: Alejandro Suárez García | B99: Impacto en clientes (Actividades de Campo) | C99: ⬤ | D99: 0.85714286 | E99: 0.9 | F99: 0.1 | G99: 0.1 | H99: 0 | I99: 2 | J99: 1 | K99: 3.5
A100: Alejandro Suárez García | B100: Hectareas Cultivos impactados | C100: ⬤ | D100: 1.5 | E100: 0.9 | F100: 0.05 | G100: 0.05
...

Sheet Resumen ejecutivo
A1: valor | B1: nombre | C1: Mensaje
A2: 0 | B2: Resumen Ejecutivo | C2: "Este trimestre nos plantea un reto importante, pero también una gran oportunidad de reinvención. Cada desafío superado nos hace más fuertes. Es momento de revisar la estrategia, apoyarte en tus fortalezas y accionar un plan de mejora enfocado. ¡Tienes la capacidad para revertir este indicador y alcanzar tus metas!"
A3: 0.6 | B3: Resumen Ejecutivo | C3: "Cerramos un trimestre de mucho aprendizaje y esfuerzo. Estás en pleno proceso de consolidación de tus objetivos. El potencial para crecer está ahí; este resultado es el punto de partida perfecto para enfocar la energía en las actividades que moverán la aguja hacia el siguiente nivel."
A4: 0.75 | B4: Resumen Ejecutivo | C4: "¡Gran trabajo en este periodo! Tu consistencia y esfuerzo te posicionan en un nivel destacado. Estás a muy pocos pasos de la excelencia total. El camino está trazado; con un pequeño empuje en los indicadores clave, el próximo trimestre pintarás el tablero completamente de verde."
A5: 0.9 | B5: Resumen Ejecutivo | C5: "¡Extraordinario desempeño! Este periodo refleja tu alto compromiso, disciplina y maestría en el territorio. Has alcanzado un nivel de excelencia que inspira al equipo. Mantén este ritmo ganador y sigue liderando con el ejemplo."
A6: 0.9 | B6: Fortalezas | C6: "Tus pilares de éxito están firmes. Destacas por una ejecución impecable en campo, un dominio absoluto de tus indicadores de mayor peso y una consistencia comercial admirable. Tu capacidad para superar las metas demuestra que tu estrategia en el territorio es sumamente efectiva."
A7: 0.75 | B7: Fortalezas | C7: "Cuentas con bases operativas y comerciales muy sólidas. Has demostrado un rendimiento sobresaliente en tus indicadores clave de gestión, logrando superar las metas esperadas en frentes cruciales. Esta efectividad es tu trampolín hacia el éxito absoluto."
A8: 0.6 | B8: Fortalezas | C8: "Aun en periodos retadores, tu esfuerzo ha dado frutos valiosos. Tienes indicadores específicos donde demuestras un gran compromiso y efectividad. Esas actividades en las que hoy brillas son el motor que debes usar para impulsar el resto de tu gestión."
A9: 0 | B9: Fortalezas | C9: "Incluso en la dificultad, hay terreno ganado. Tu dedicación se hace visible en tus mejores indicadores del periodo. Esos pequeños o grandes logros demuestran que posees las habilidades necesarias; el objetivo ahora es replicar ese mismo esfuerzo en las demás áreas."
A10: >90% | B10: Oportunidades | C10: "Para los perfeccionistas, siempre hay espacio de mejora. El siguiente reto es la sostenibilidad: analiza esos mínimos detalles o indicadores que rozaron la meta para blindar tu territorio contra cualquier imprevisto futuro. ¡La excelencia no se detiene!"
A11: >75% | B11: Oportunidades | C11: "El camino a la cima está en los detalles. Para saltar al rango excelente, el foco debe estar en acelerar aquellos indicadores que se quedaron en amarillo o naranja. Ajustar la estrategia en estos puntos específicos liberará todo tu potencial comercial."
A12: >60% | B12: Oportunidades | C12: "Aquí está tu mayor oportunidad de crecimiento. Al concentrar tus esfuerzos en levantar los indicadores que quedaron por debajo de la meta, verás un impacto inmediato en tu resultado global. Prioriza tus batallas, ajusta la planificación semanal y ve por esos puntos."
A13: >0% | B13: Oportunidades | C13: "La meta está más cerca de lo que parece si nos enfocamos. El plan de acción inmediato exige concentrar la energía en revertir los indicadores críticos que están frenando tu avance. Define prioridades claras, solicita el apoyo necesario y da el primer paso. ¡Cada mejora cuenta!"
