Workbook

Sheet Tabla dinam gestion comercial
A1: Territorio | B1: Empleado | C1: Meta Cobertura Cliente | D1: Clientes Visitados | E1: Cobertura Clientes | F1: Meta Cobertura Cliente Final | G1: Cliente Final Visitados | H1: Cobertura Cliente Final | I1: Meta clientes nuevos | J1: Clientes Nuevos | K1: Cobertura Cliente Potencial | L1: Mes | M1: Meta Cobertura Cliente Final2 | O1: Comercial | P1: Territorio | Q1: Cargo | R1: Empresa | S1: Meta Parcelas | T1: Meta Actividades | U1: META | V1: Meta hectareas | W1: cultivos
A2: GALAGRO BOYACA NAL. | B2: Fredy Alberto Guzmán Daza | C2: 199 | D2: 20 | E2: 0.036764706 | G2: 39 | H2: 0.048611111 | I2: 120 | L2: Enero | M2: 60 | O2: Juana Andrea Moncaleano Sandoval | P2: GALAGRO NACIONAL DIRECCIÓN | Q2: DIR GALAGRO NACIONAL | R2: GALAGRO | S2: =SUM(S3:S18) -> 11 | T2: =SUM(T3:T18) -> 66 | U2: =T2+S2 -> 77 | V2: =SUM(V3:V18) -> 660 | W2: =SUM(W3:W18) -> 66 | X2: Excelente | Y2: >=90%
A3: GALAGRO BOYACA NAL. | B3: Julio Andrés Cuspoca Martínez | C3: 179 | D3: 16 | E3: 0.029411765 | G3: 29 | H3: 0.034722222 | I3: 120 | L3: Enero | M3: 60 | O3: Juana Andrea Moncaleano Sandoval | P3: GALAGRO CUNDINAMARCA NAL. | Q3: DIR GALAGRO NACIONAL | R3: GALAGRO | S3: 0.5 | T3: 3 | U3: =T3+S3 -> 3.5 | V3: 30 | W3: 3 | X3: Destacado | Y3: 75%<>90%
A4: GALAGRO CAUCA NAL. | B4: (Vacante) Edwin Francisco Fernandez Molina | C4: 91 | I4: 120 | L4: Enero | M4: 60 | O4: Juana Andrea Moncaleano Sandoval | P4: GALAGRO NACIONAL FLORES | Q4: DIR GALAGRO NACIONAL | R4: GALAGRO | S4: 0.5 | T4: 3 | U4: =T4+S4 -> 3.5 | V4: 30 | W4: 3 | X4: En desarrollo | Y4: <74%
A5: GALAGRO CUNDINAMARCA NAL. | B5: Jorge Eduardo López Vargas | C5: 182 | D5: 34 | E5: 0.18681319 | G5: 69 | H5: 0.10138889 | I5: 120 | L5: Enero | M5: 60 | O5: Juana Andrea Moncaleano Sandoval | P5: GALAGRO SANTANDER NAL. | Q5: DIR GALAGRO NACIONAL | R5: GALAGRO | S5: 0.5 | T5: 3 | U5: =T5+S5 -> 3.5 | V5: 30 | W5: 3 | X5: Crítico | Y5: <60%
A6: GALAGRO EJE CAFETERO Y VALLE NORTE NAL. | B6: (Vacante) María Camila López López | C6: 98 | I6: 120 | L6: Enero | M6: 60 | O6: Juana Andrea Moncaleano Sandoval | P6: GALAGRO TOLIMA NAL. | Q6: DIR GALAGRO NACIONAL | R6: GALAGRO | S6: 0.5 | T6: 3 | U6: =T6+S6 -> 3.5 | V6: 30 | W6: 3
A7: GALAGRO EJE CAFETERO Y VALLE NORTE NAL. | B7: César Augusto Escarria Reyes | C7: 24 | D7: 15 | E7: 0.15306122 | G7: 51 | H7: 0.066666667 | I7: 120 | L7: Enero | M7: 60 | O7: Juana Andrea Moncaleano Sandoval | P7: GALAGRO VALLE CENTRO NAL. | Q7: DIR GALAGRO NACIONAL | R7: GALAGRO | S7: 0.5 | T7: 3 | U7: =T7+S7 -> 3.5 | V7: 30 | W7: 3
A8: GALAGRO EJE CAFETERO Y VALLE NORTE NAL. | B8: Sebastián Zapata Gutiérrez | C8: 43 | D8: 11 | E8: 0.1122449 | G8: 24 | H8: 0.033333333 | I8: 120 | L8: Enero | M8: 60 | O8: Fredy Alberto Guzmán Daza | P8: GALAGRO BOYACA NAL. | Q8: PROMOTOR GALAGRO NAL BOYACA | R8: GALAGRO | S8: 1 | T8: 6 | U8: =T8+S8 -> 7 | V8: 60 | W8: 6
A9: GALAGRO HUILA NAL. | B9: (Vacante) Jessica Nathalia Holguín Leal | C9: 257 | I9: 120 | L9: Enero | M9: 60 | O9: Julio Andrés Cuspoca Martínez | P9: GALAGRO BOYACA NAL. | Q9: PROMOTOR GALAGRO NAL BOYACA 2 | R9: GALAGRO | S9: 1 | T9: 6 | U9: =T9+S9 -> 7 | V9: 60 | W9: 6
A10: GALAGRO NARIÑO NAL. | B10: Angie Cristina Rodríguez Muñoz | C10: 51 | D10: 9 | E10: 0.059602649 | G10: 15 | H10: 0.016666667 | I10: 120 | L10: Enero | M10: 60 | O10: (Vacante) María Camila López López | P10: GALAGRO EJE CAFETERO Y VALLE NORTE NAL. | Q10: PROMOTOR GALAGRO NAL CALDAS | R10: GALAGRO | S10: 0.5 | T10: 3 | U10: =T10+S10 -> 3.5 | V10: 30 | W10: 3
A11: GALAGRO NARIÑO NAL. | B11: Juan José Lagos Regalado | C11: 52 | D11: 22 | E11: 0.14569536 | G11: 46 | H11: 0.063888889 | I11: 120 | L11: Enero | M11: 60 | O11: (Vacante) Edwin Francisco Fernandez Molina | P11: GALAGRO CAUCA NAL. | Q11: PROMOTOR GALAGRO NAL CAUCA | R11: GALAGRO | S11: 0.5 | T11: 3 | U11: =T11+S11 -> 3.5 | V11: 30 | W11: 3
A12: GALAGRO NORTE DE SANTANDER NAL. | B12: Vladimir Leonardo Rondón Basto | C12: 152 | D12: 23 | E12: 0.15131579 | G12: 34 | H12: 0.047222222 | I12: 120 | L12: Enero | M12: 60 | O12: (Vacante) Jessica Nathalia Holguín Leal | P12: GALAGRO HUILA NAL. | Q12: PROMOTOR GALAGRO NAL HUILA | R12: GALAGRO | S12: 0.5 | T12: 3 | U12: =T12+S12 -> 3.5 | V12: 30 | W12: 3
A13: GALAGRO SANTANDER NAL. | B13: Annuar Andrey Hoyos Muñoz | C13: 194 | D13: 9 | E13: 0.046391753 | G13: 26 | H13: 0.036111111 | I13: 120 | L13: Enero | M13: 60 | O13: Angie Cristina Rodríguez Muñoz | P13: GALAGRO NARIÑO NAL. | Q13: PROMOTOR GALAGRO NAL NARIÑO 2 | R13: GALAGRO | S13: 1 | T13: 6 | U13: =T13+S13 -> 7 | V13: 60 | W13: 6
A14: GALAGRO BOYACA NAL. | B14: Fredy Alberto Guzmán Daza | C14: 199 | D14: 53 | E14: 0.097426471 | G14: 79 | H14: 0.10972222 | I14: 120 | L14: Febrero | M14: 60 | O14: Juan José Lagos Regalado | P14: GALAGRO NARIÑO NAL. | Q14: PROMOTOR GALAGRO NAL NARIÑO 3 | R14: GALAGRO | S14: 1 | T14: 6 | U14: =T14+S14 -> 7 | V14: 60 | W14: 6
A15: GALAGRO BOYACA NAL. | B15: Julio Andrés Cuspoca Martínez | C15: 179 | D15: 33 | E15: 0.060661765 | G15: 74 | H15: 0.0875 | I15: 120 | L15: Febrero | M15: 60 | O15: Vladimir Leonardo Rondón Basto | P15: GALAGRO NORTE DE SANTANDER NAL. | Q15: PROMOTOR GALAGRO NAL NORTE SANTANDER 2 | R15: GALAGRO | S15: 0.5 | T15: 3 | U15: =T15+S15 -> 3.5 | V15: 30 | W15: 3
A16: GALAGRO CAUCA NAL. | B16: (Vacante) Edwin Francisco Fernandez Molina | C16: 91 | I16: 120 | L16: Febrero | M16: 60 | O16: César Augusto Escarria Reyes | P16: GALAGRO EJE CAFETERO Y VALLE NORTE NAL. | Q16: PROMOTOR GALAGRO NAL QUINDIO | R16: GALAGRO | S16: 1 | T16: 6 | U16: =T16+S16 -> 7 | V16: 60 | W16: 6
A17: GALAGRO CUNDINAMARCA NAL. | B17: Jorge Eduardo López Vargas | C17: 182 | D17: 32 | E17: 0.17582418 | G17: 68 | H17: 0.10416667 | I17: 120 | L17: Febrero | M17: 60 | O17: Sebastián Zapata Gutiérrez | P17: GALAGRO EJE CAFETERO Y VALLE NORTE NAL. | Q17: PROMOTOR GALAGRO NAL RISARALDA | R17: GALAGRO | S17: 1 | T17: 6 | U17: =T17+S17 -> 7 | V17: 60 | W17: 6
A18: GALAGRO EJE CAFETERO Y VALLE NORTE NAL. | B18: (Vacante) María Camila López López | C18: 98 | I18: 120 | L18: Febrero | M18: 60 | O18: Annuar Andrey Hoyos Muñoz | P18: GALAGRO SANTANDER NAL. | Q18: PROMOTOR GALAGRO NAL SANTANDER | R18: GALAGRO | S18: 0.5 | T18: 3 | U18: =T18+S18 -> 3.5 | V18: 30 | W18: 3
A19: GALAGRO EJE CAFETERO Y VALLE NORTE NAL. | B19: César Augusto Escarria Reyes | C19: 24 | D19: 13 | E19: 0.13265306 | G19: 32 | H19: 0.038888889 | I19: 120 | L19: Febrero | M19: 60 | O19: Jorge Eduardo López Vargas | P19: GALAGRO CUNDINAMARCA NAL. | Q19: PROMOTOR GALAGRO NAL CUNDINAMARCA | R19: GALAGRO | S19: 0.5 | T19: 3 | U19: =T19+S19 -> 3.5 | V19: 30 | W19: 3
A20: GALAGRO EJE CAFETERO Y VALLE NORTE NAL. | B20: Sebastián Zapata Gutiérrez | C20: 43 | D20: 13 | E20: 0.13265306 | G20: 32 | H20: 0.044444444 | I20: 120 | L20: Febrero | M20: 60
A21: GALAGRO HUILA NAL. | B21: (Vacante) Jessica Nathalia Holguín Leal | C21: 257 | I21: 120 | L21: Febrero | M21: 60
A22: GALAGRO NARIÑO NAL. | B22: Angie Cristina Rodríguez Muñoz | C22: 51 | D22: 11 | E22: 0.072847682 | G22: 28 | H22: 0.031944444 | I22: 120 | L22: Febrero | M22: 60
A23: GALAGRO NARIÑO NAL. | B23: Juan José Lagos Regalado | C23: 52 | D23: 19 | E23: 0.12582781 | G23: 61 | H23: 0.084722222 | I23: 120 | L23: Febrero | M23: 60
A24: GALAGRO NORTE DE SANTANDER NAL. | B24: Vladimir Leonardo Rondón Basto | C24: 152 | D24: 22 | E24: 0.14473684 | G24: 50 | H24: 0.069444444 | I24: 120 | L24: Febrero | M24: 60
A25: GALAGRO SANTANDER NAL. | B25: Annuar Andrey Hoyos Muñoz | C25: 194 | D25: 13 | E25: 0.067010309 | G25: 35 | H25: 0.048611111 | I25: 120 | L25: Febrero | M25: 60
A26: GALAGRO BOYACA NAL. | B26: Fredy Alberto Guzmán Daza | C26: 199 | D26: 46 | E26: 0.084558824 | G26: 70 | H26: 0.1 | I26: 120 | L26: Marzo | M26: 60
A27: GALAGRO BOYACA NAL. | B27: Julio Andrés Cuspoca Martínez | C27: 179 | D27: 32 | E27: 0.058823529 | G27: 73 | H27: 0.079166667 | I27: 120 | L27: Marzo | M27: 60
A28: GALAGRO CAUCA NAL. | B28: (Vacante) Edwin Francisco Fernandez Molina | C28: 91 | I28: 120 | L28: Marzo | M28: 60
A29: GALAGRO CUNDINAMARCA NAL. | B29: Jorge Eduardo López Vargas | C29: 182 | D29: 27 | E29: 0.14835165 | G29: 57 | H29: 0.086111111 | I29: 120 | L29: Marzo | M29: 60
A30: GALAGRO EJE CAFETERO Y VALLE NORTE NAL. | B30: (Vacante) María Camila López López | C30: 98 | I30: 120 | L30: Marzo | M30: 60
A31: GALAGRO EJE CAFETERO Y VALLE NORTE NAL. | B31: César Augusto Escarria Reyes | C31: 24 | D31: 15 | E31: 0.15306122 | G31: 48 | H31: 0.061111111 | I31: 120 | L31: Marzo | M31: 60
A32: GALAGRO EJE CAFETERO Y VALLE NORTE NAL. | B32: Sebastián Zapata Gutiérrez | C32: 43 | D32: 7 | E32: 0.071428571 | G32: 7 | H32: 0.0097222222 | I32: 120 | L32: Marzo | M32: 60
A33: GALAGRO HUILA NAL. | B33: (Vacante) Jessica Nathalia Holguín Leal | C33: 257 | I33: 120 | L33: Marzo | M33: 60
A34: GALAGRO NARIÑO NAL. | B34: Angie Cristina Rodríguez Muñoz | C34: 51 | D34: 11 | E34: 0.072847682 | G34: 27 | H34: 0.029166667 | I34: 120 | L34: Marzo | M34: 60
A35: GALAGRO NARIÑO NAL. | B35: Juan José Lagos Regalado | C35: 52 | D35: 22 | E35: 0.14569536 | G35: 51 | H35: 0.070833333 | I35: 120 | L35: Marzo | M35: 60
A36: GALAGRO NORTE DE SANTANDER NAL. | B36: Vladimir Leonardo Rondón Basto | C36: 152 | D36: 20 | E36: 0.13157895 | G36: 42 | H36: 0.058333333 | I36: 120 | L36: Marzo | M36: 60
A37: GALAGRO SANTANDER NAL. | B37: Annuar Andrey Hoyos Muñoz | C37: 194 | D37: 18 | E37: 0.092783505 | G37: 55 | H37: 0.076388889 | I37: 120 | L37: Marzo | M37: 60
N62: Meta Clientes Nuevos | O62: Cant. Clientes Nuevos | P62: Ejecución Clientes Nuevos
N63: 120
N64: 120
N65: 120
N66: 120
N67: 120
N68: 120
N69: 120
N70: 120
N71: 120
N72: 120
N73: 120
N74: 120
... N98: 120

Sheet mensual
A1: #VALUE! | C1: Reporte de desempeño comercial - Individual
C2: Reporte de desempeño comercial | H2: Nombre: | J2: Vladimir Leonardo Rondón Basto
C3: Resumen trimestral | H3: Cargo: | J3: =VLOOKUP(J2,'Tabla dinam gestion comercial'!O:Q,3,0) -> PROMOTOR GALAGRO NAL NORTE SANTANDER 2
C4: Trimestre 1 | H4: Territorio: | J4: =VLOOKUP(J2,'Tabla dinam gestion comercial'!O:P,2,0) -> GALAGRO NORTE DE SANTANDER NAL.
C5: Enero-marzo de 2026 | H5: Empresa: | J5: =VLOOKUP(J2,'Tabla dinam gestion comercial'!O:R,4,0) -> GALAGRO
A7: Resultado global
A8: =SUMPRODUCT($D$15:$D$26, $F$15:$F$26) -> 0.22080083
M9: Valor | N9: =A8*100 -> 22.080083 | O9: =ROUND(N9,0)&"%" -> 22%
M10: Restante | N10: =100-N9 -> 77.919917
M11: Oculto | N11: 100
A12: =IF(A8>=90%,"Excelente",IF(A8>=75%,"Destacado",IF(A8>=59%,"En desarrollo","Crítico"))) -> Crítico
A13: Indicadores clave
A14: Indicador | D14: Resultado trimestre | E14: Meta | F14: Peso | G14: Gestión enero | H14: Gestión febrero | I14: Gestión marzo | J14: Meta esperada prom. mes | K14: Criterios de medición
A15: #VALUE! | B15: Ejecución visitas Cliente Final | C15: =IF(D15>=90%,"⬤",IF(D15>=75%,"⬤",IF(D15>=60%,"⬤","⬤"))) -> ⬤ | D15: =IFERROR(MIN(100%,SUM(G15:I15)/($J15*3)),0) -> 0.7 | E15: 0.9 | F15: 0.1 | G15: =SUMIFS( 'Tabla dinam gestion comercial'!$G:$G, 'Tabla dinam gestion comercial'!$B:$B,$J$2, 'Tabla dinam gestion comercial'!$L:$L,"Enero" ) -> 34 | H15: =SUMIFS( 'Tabla dinam gestion comercial'!$G:$G, 'Tabla dinam gestion comercial'!$B:$B,$J$2, 'Tabla dinam gestion comercial'!$L:$L,"Febrero" ) -> 50 | I15: =SUMIFS( 'Tabla dinam gestion comercial'!$G:$G, 'Tabla dinam gestion comercial'!$B:$B,$J$2, 'Tabla dinam gestion comercial'!$L:$L,"Marzo" ) -> 42 | J15: {=IFERROR((SUM(_xlfn.UNIQUE(_xlfn._xlws.FILTER('Tabla dinam gestion comercial'!$M:$M,('Tabla dinam gestion comercial'!$B:$B=$J$2)*('Tabla dinam gestion comercial'!$L:$L="Enero"))))+SUM(_xlfn.UNIQUE(_xlfn._xlws.FILTER('Tabla dinam gestion comercial'!$M:$M,('Tabla dinam gestion comercial'!$B:$B=$J$2)*('Tabla dinam gestion comercial'!$L:$L="Febrero"))))+SUM(_xlfn.UNIQUE(_xlfn._xlws.FILTER('Tabla dinam gestion comercial'!$M:$M,('Tabla dinam gestion comercial'!$B:$B=$J$2)*('Tabla dinam gestion comercial'!$L:$L="Marzo")))))/3,0)} -> 60 | K15: Mide el cumplimiento acumulado de visitas del período. Se suman las visitas realizadas en los tres meses y se comparan contra la meta mensual multiplicada por el número de meses evaluados.
A16: #VALUE! | B16: Cobertura clientes | C16: =IF(D16>=90%,"⬤",IF(D16>=75%,"⬤",IF(D16>=60%,"⬤","⬤"))) -> ⬤ | D16: =IFERROR(MIN(100%,SUM(G16:I16)/($J16*3)),0) -> 0.42763158 | E16: 0.9 | F16: 0.1 | G16: =SUMIFS('Tabla dinam gestion comercial'!$D:$D,'Tabla dinam gestion comercial'!$B:$B,$J$2,'Tabla dinam gestion comercial'!$L:$L,"Enero") -> 23 | H16: =SUMIFS('Tabla dinam gestion comercial'!$D:$D,'Tabla dinam gestion comercial'!$B:$B,$J$2,'Tabla dinam gestion comercial'!$L:$L,"Febrero") -> 22 | I16: =SUMIFS('Tabla dinam gestion comercial'!$D:$D,'Tabla dinam gestion comercial'!$B:$B,$J$2,'Tabla dinam gestion comercial'!$L:$L,"Marzo") -> 20 | J16: =IFERROR(SUMIFS('Tabla dinam gestion comercial'!$C$2:$C$62,'Tabla dinam gestion comercial'!$B$2:$B$62,$J$2)/3,0)/3 -> 50.666667 | K16: Mide cuántos clientes del territorio fueron visitados frente a la meta mensual asignada. Se calcula con el promedio de clientes visitados durante los meses evaluados y se compara contra la meta de cobertura. La meta no se acumula entre meses. Si el resultado supera la meta, el cumplimiento máximo reconocido es del 100%.
A17: #VALUE! | B17: Clientes Nuevos | C17: =IF(D17>=90%,"⬤",IF(D17>=75%,"⬤",IF(D17>=60%,"⬤","⬤"))) -> ⬤ | D17: =IFERROR(AVERAGE(G17/J17,H17/J17,I17/J17),0) -> 0 | E17: 0.9 | F17: 0.1 | G17: =SUMIFS('Tabla dinam gestion comercial'!$J:$J,'Tabla dinam gestion comercial'!$B:$B,$J$2,'Tabla dinam gestion comercial'!$L:$L,"*Enero*") -> 0 | H17: =SUMIFS('Tabla dinam gestion comercial'!$J:$J,'Tabla dinam gestion comercial'!$B:$B,$J$2,'Tabla dinam gestion comercial'!$L:$L,"*Febrero*") -> 0 | I17: =SUMIFS('Tabla dinam gestion comercial'!$J:$J,'Tabla dinam gestion comercial'!$B:$B,$J$2,'Tabla dinam gestion comercial'!$L:$L,"*Marzo*") -> 0 | J17: =ROUNDUP(SUMIFS('Tabla dinam gestion comercial'!$I:$I,'Tabla dinam gestion comercial'!$B:$B,$J$2)/3,0)/12 -> 10 | K17: Cuenta clientes nuevos y recuperados que registran una gestión o una venta durante el período. El resultado toma el total acumulado alcanzado y lo compara contra la meta esperada.
A18: Indicador | D18: Resultado trimestre | E18: Meta | F18: Peso | G18: Gestión enero | H18: Gestión febrero | I18: Gestión marzo | J18: Meta acum. período | K18: Criterios de medición
A19: #VALUE! | B19: Recomendaciones | C19: =IF(D19>=90%,"⬤",IF(D19>=75%,"⬤",IF(D19>=60%,"⬤","⬤"))) -> ⬤ | D19: =IFERROR(MIN(150%,SUM(G19:I19)/J19),0) -> 0.0010121281 | E19: 0.9 | F19: 0.2 | G19: =SUMIFS(Tecnico!$D:$D,Tecnico!$A:$A,$J$4,Tecnico!$K:$K,"Enero") -> 0 | H19: =SUMIFS(Tecnico!$D:$D,Tecnico!$A:$A,$J$4,Tecnico!$K:$K,"Febrero") -> 0 | I19: =SUMIFS(Tecnico!$D:$D,Tecnico!$A:$A,$J$4,Tecnico!$K:$K,"Marzo") -> 442300 | J19: =SUMIFS(Tecnico!$C:$C,Tecnico!$A:$A,$J$4) -> 437000000 | K19: Suma las recomendaciones generadas durante el período evaluado y compara ese total contra la meta acumulada. El resultado muestra el porcentaje de cumplimiento alcanzado frente a la meta del trimestre.
A20: #VALUE! | B20: Referencias | C20: =IF(D20>=90%,"⬤",IF(D20>=75%,"⬤",IF(D20>=60%,"⬤","⬤"))) -> ⬤ | D20: =IFERROR(AVERAGE(G20:I20)/J20,0) -> 0.017241379 | E20: 0.9 | F20: 0.1 | G20: =SUMIFS(Tecnico!$J:$J,Tecnico!$A:$A,$J$4,Tecnico!$K:$K,"Enero") -> 0 | H20: =SUMIFS(Tecnico!$J:$J,Tecnico!$A:$A,$J$4,Tecnico!$K:$K,"Febrero") -> 0 | I20: =SUMIFS(Tecnico!$J:$J,Tecnico!$A:$A,$J$4,Tecnico!$K:$K,"Marzo") -> 3 | J20: =SUMIFS(Tecnico!$H:$H,Tecnico!$A:$A,$J$4)/3 -> 58 | K20: Mide el cumplimiento de referencias gestionadas frente a la meta esperada del período. Se suman las referencias generadas durante los meses evaluados y se comparan contra la meta mensual de SKU activas multiplicada por el número de meses.
A21: Indicador | D21: Resultado | E21: Meta | F21: Peso | G21: Gestión enero | H21: Gestión febrero | I21: Gestión marzo | J21: Meta acum. período | K21: Criterios de medición
A22: #VALUE! | B22: Leads calificados | C22: =IF(D22>=90%,"⬤",IF(D22>=75%,"⬤",IF(D22>=60%,"⬤","⬤"))) -> ⬤ | D22: =IFERROR(SUM(G22:I22)/J22,0%) -> 0 | E22: 0.9 | F22: 0.1 | G22: =IFERROR(SUMIFS(Leads!$D:$D,Leads!$C:$C,$J$2,Leads!$I:$I,"Enero"),0) -> 0 | H22: =IFERROR(SUMIFS(Leads!$D:$D,Leads!$C:$C,$J$2,Leads!$I:$I,"Febrero"),0) -> 0 | I22: =IFERROR(SUMIFS(Leads!$D:$D,Leads!$C:$C,$J$2,Leads!$I:$I,"Marzo"),0) -> 0 | J22: =MAX(1,IFERROR(SUMIFS(Leads!$D:$D,Leads!$C:$C,$J$2,Leads!$I:$I,"Enero"),0))+MAX(1,IFERROR(SUMIFS(Leads!$D:$D,Leads!$C:$C,$J$2,Leads!$I:$I,"Febrero"),0))+MAX(1,IFERROR(SUMIFS(Leads!$D:$D,Leads!$C:$C,$J$2,Leads!$I:$I,"Marzo"),0)) -> 3 | K22: Mide la generación de leads frente a la meta esperada. La meta considera mínimo 1 lead por mes evaluado y aumenta según los leads generados, con el fin de incentivar la creación constante de oportunidades comerciales. Si no se generan leads, el cumplimiento es 0%.
A23: #VALUE! | B23: Leads calificados a tiempo | C23: =IF(D23>=90%,"⬤",IF(D23>=75%,"⬤",IF(D23>=60%,"⬤","⬤"))) -> ⬤ | D23: =IFERROR(SUM(G23:I23)/J23,0%) -> 0 | E23: 0.9 | F23: 0.1 | G23: =IFERROR(SUMIFS(Leads!$E:$E,Leads!$C:$C,$J$2,Leads!$I:$I,"Enero"),0) -> 0 | H23: =IFERROR(SUMIFS(Leads!$E:$E,Leads!$C:$C,$J$2,Leads!$I:$I,"Febrero"),0) -> 0 | I23: =IFERROR(SUMIFS(Leads!$E:$E,Leads!$C:$C,$J$2,Leads!$I:$I,"Marzo"),0) -> 0 | J23: =MAX(1,IFERROR(SUMIFS(Leads!$D:$D,Leads!$C:$C,$J$2,Leads!$I:$I,"Enero"),0))+MAX(1,IFERROR(SUMIFS(Leads!$D:$D,Leads!$C:$C,$J$2,Leads!$I:$I,"Febrero"),0))+MAX(1,IFERROR(SUMIFS(Leads!$D:$D,Leads!$C:$C,$J$2,Leads!$I:$I,"Marzo"),0)) -> 3 | K23: Mide el porcentaje de leads que fueron calificados dentro del tiempo establecido (48 horas después de generado). Se compara la cantidad de leads calificados oportunamente frente al total de leads que debían ser gestionados en el período.
A24: #VALUE! | B24: Impacto en clientes (Actividades de campo) | C24: =IF(D24>=90%,"⬤",IF(D24>=75%,"⬤",IF(D24>=60%,"⬤","⬤"))) -> ⬤ | D24: =MIN(IFERROR(SUM(G24:I24)/J24,0%),150%) -> 0 | E24: 0.9 | F24: 0.1 | G24: =COUNTIFS('Act Campo'!$Q$2:$Q$997,$J$4,'Act Campo'!$AF$2:$AF$997,"Enero") -> 0 | H24: =COUNTIFS('Act Campo'!$Q$2:$Q$997,$J$4,'Act Campo'!$AF$2:$AF$997,"Febrero") -> 0 | I24: =COUNTIFS('Act Campo'!$Q$2:$Q$997,$J$4,'Act Campo'!$AF$2:$AF$997,"Marzo") -> 0 | J24: =IFERROR(VLOOKUP(J2,'Tabla dinam gestion comercial'!$O:$U,7,0),0) -> 3.5 | K24: Mide el cumplimiento de actividades y parcelas frente a la meta del territorio. Por cada promotor se esperan 3 actividades trimestrales y 0,5 parcelas, con reconocimiento máximo hasta el 150%.
A25: #VALUE! | B25: Hectáreas de cultivos impactados | C25: =IF(D25>=90%,"⬤",IF(D25>=75%,"⬤",IF(D25>=60%,"⬤","⬤"))) -> ⬤ | D25: =MIN(IFERROR(SUM(G25:I25)/J25,0%),150%) -> 0.62222222 | E25: 0.9 | F25: 0.05 | G25: =SUMIFS(Fincas!$F:$F,Fincas!$B:$B,$J$4,Fincas!$G:$G,"Enero") -> 1 | H25: =SUMIFS(Fincas!$F:$F,Fincas!$B:$B,$J$4,Fincas!$G:$G,"Febrero") -> 16 | I25: =SUMIFS(Fincas!$F:$F,Fincas!$B:$B,$J$4,Fincas!$G:$G,"Marzo") -> 39 | J25: =ROUNDUP(_xlfn.MAXIFS('Tabla dinam gestion comercial'!$V:$V,'Tabla dinam gestion comercial'!$O:$O,$J$2)*3,0) -> 90 | K25: Mide las hectáreas gestionadas en el período frente a la meta del territorio. Cada promotor debe gestionar 30 hectáreas mensuales, equivalentes a 90 por trimestre, con reconocimiento de cumplimiento máximo hasta el 150%.
A26: #VALUE! | B26: Cultivos impactados | C26: =IF(D26>=90%,"⬤",IF(D26>=75%,"⬤",IF(D26>=60%,"⬤","⬤"))) -> ⬤ | D26: =MIN(IFERROR(SUM(G26:I26)/J26,0%),150%) -> 1.5 | E26: 0.9 | F26: 0.05 | G26: =COUNTIFS(Fincas!$B:$B,$J$4,Fincas!$D:$D,"<>",Fincas!$G:$G,"Enero") -> 1 | H26: =COUNTIFS(Fincas!$B:$B,$J$4,Fincas!$D:$D,"<>",Fincas!$G:$G,"Febrero") -> 7 | I26: =COUNTIFS(Fincas!$B:$B,$J$4,Fincas!$D:$D,"<>",Fincas!$G:$G,"Marzo") -> 6 | J26: =ROUNDUP(SUMIFS('Tabla dinam gestion comercial'!$W:$W,'Tabla dinam gestion comercial'!$O:$O,$J$2),0) -> 3 | K26: Mide los cultivos gestionados en el período frente a la meta del territorio. Cada promotor debe gestionar mínimo 1 cultivo mensual, equivalente a 3 por trimestre, con reconocimiento de cumplimiento máximo hasta el 150%.
A27: #VALUE! | B27: Gestión de Cultivos Impactados | C27: =IF(D27>=90%,"⬤",IF(D27>=75%,"⬤",IF(D27>=60%,"⬤","⬤"))) -> ⬤ | D27: =(D25+D26)/2 -> 1.0611111 | E27: 0.9
A28: #VALUE! | B28: "Enfócate en las oportunidades de mejora y mantén el ritmo en tus fortalezas." ¡Tú puedes alcanzar tus objetivos! | G28: Requiere mejora (<60%) | H28: En desarrollo (60% - 74%) | J28: Bueno (>=75% - 89%) | K28: Excelente (>=90%)
A31: Oportunidades | D31: Fortalezas | H31: Resumen ejecutivo | K31: Plan de acción sugerido
A32: =IF($N$9>=90, "Para los perfeccionistas, siempre hay espacio de mejora. El siguiente reto es la sostenibilidad: analiza esos mínimos detalles o indicadores que rozaron la meta para blindar tu territorio contra cualquier imprevisto futuro. ¡La excelencia no se detiene!", IF($N$9>=75, "El camino a la cima está en los detalles. Para saltar al rango excelente, el foco debe estar en acelerar aquellos indicadores que se quedaron en amarillo o naranja. Ajustar la estrategia en estos puntos específicos liberará todo tu potencial comercial.", IF($N$9>=59, _xlfn._LONGTEXT("Aquí está tu mayor oportunidad de crecimiento. Al concentrar tus esfuerzos en levantar los indicadores que quedaron por debajo de la meta, verás un impacto inmediato en tu resultado global. Prioriza tus batallas, ajusta la planificación semanal y ve por e","sos puntos."), _xlfn._LONGTEXT("La meta está más cerca de lo que parece si nos enfocamos. El plan de acción inmediato exige concentrar la energía en revertir los indicadores críticos que están frenando tu avance. Define prioridades claras, solicita el apoyo necesario y da el primer paso",". ¡Cada mejora cuenta!")))) -> La meta está más cerca de lo que parece si nos enfocamos. El plan de acción inmediato exige concentrar la energía en revertir los indicadores críticos que están frenando tu avance. Define prioridades claras, solicita el apoyo necesario y da el primer paso. ¡Cada mejora cuenta! | D32: =IF($N$9>=90, _xlfn._LONGTEXT("Tus pilares de éxito están firmes. Destacas por una ejecución impecable en campo, un dominio absoluto de tus indicadores de mayor peso y una consistencia comercial admirable. Tu capacidad para superar las metas demuestra que tu estrategia en el territorio"," es sumamente efectiva."), IF($N$9>=75, "Cuentas con bases operativas y comerciales muy sólidas. Has demostrado un rendimiento sobresaliente en tus indicadores clave de gestión, logrando superar las metas esperadas en frentes cruciales. Esta efectividad es tu trampolín hacia el éxito absoluto.", IF($N$9>=59, "Aun en periodos retadores, tu esfuerzo ha dado frutos valiosos. Tienes indicadores específicos donde demuestras un gran compromiso y efectividad. Esas actividades en las que hoy brillas son el motor que debes usar para impulsar el resto de tu gestión.", _xlfn._LONGTEXT("Incluso en la dificultad, hay terreno ganado. Tu dedicación se hace visible en tus mejores indicadores del período. Esos pequeños o grandes logros demuestran que posees las habilidades necesarias; el objetivo ahora es replicar ese mismo esfuerzo en las de","más áreas.")))) -> Incluso en la dificultad, hay terreno ganado. Tu dedicación se hace visible en tus mejores indicadores del período. Esos pequeños o grandes logros demuestran que posees las habilidades necesarias; el objetivo ahora es replicar ese mismo esfuerzo en las demás áreas. | H32: =IF($N$9>=90, "¡Extraordinario desempeño! Este periodo refleja tu alto compromiso, disciplina y maestría en el territorio. Has alcanzado un nivel de excelencia que inspires al equipo. Mantén este ritmo ganador y sigue liderando con el ejemplo.", IF($N$9>=75, _xlfn._LONGTEXT("¡Gran trabajo en este periodo! Tu consistencia y esfuerzo te posicionan en un nivel destacado. Estás a muy pocos pasos de la excelencia total. El camino está trazado; con un pequeño empuje en los indicadores clave, el próximo trimestre pintarás el tablero"," completamente de verde."), IF($N$9>=59, _xlfn._LONGTEXT("Cerramos un trimestre de mucho aprendizaje y esfuerzo. Estás en pleno proceso de consolidación de tus objetivos. El potencial para crecer está ahí; este resultado es el punto de partida perfecto para enfocar la energía en las actividades que moverán la ag","uja hacia el siguiente nivel."), _xlfn._LONGTEXT("Este trimestre nos plantea un reto importante, pero también una gran oportunidad de reinvención. Cada desafío superado nos hace más fuertes. Es momento de revisar la estrategia, apoyarte en tus fortalezas y accionar un plan de mejora enfocado. ¡Tienes la ","capacidad para revertir este indicador y alcanzar tus metas!")))) -> Este trimestre nos plantea un reto importante, pero también una gran oportunidad de reinvención. Cada desafío superado nos hace más fuertes. Es momento de revisar la estrategia, apoyarte en tus fortalezas y accionar un plan de mejora enfocado. ¡Tienes la capacidad para revertir este indicador y alcanzar tus metas! | K32: =IF($N$9>=90,"Mantener el desempeño y asegurar la sostenibilidad de los resultados. Revisa los indicadores cercanos al límite, documenta las buenas prácticas y replica el modelo de gestión en el territorio.",IF($N$9>=75,"Priorizar los indicadores que quedaron por debajo del nivel excelente. Define acciones puntuales, responsables y fechas de seguimiento para llevar el resultado al siguiente rango.",IF($N$9>=59,"Enfocar el plan de trabajo en los indicadores con menor cumplimiento. Ajusta la planificación semanal, refuerza el seguimiento y concentra los esfuerzos en las actividades de mayor impacto.", "Activar un plan de mejora inmediato sobre los indicadores críticos. Define prioridades, solicita acompañamiento y realiza seguimiento semanal para recuperar el cumplimiento del territorio."))) -> Activar un plan de mejora inmediato sobre los indicadores críticos. Define prioridades, solicita acompañamiento y realiza seguimiento semanal para recuperar el cumplimiento del territorio.

Sheet X territorio
A1: #VALUE! | D1: Reporte de desempeño comercial - Territorio
D2: Reporte de desempeño comercial | G2: Nombre | H2: Estefania Osorio Usuga
D3: Resumen trimestral | G3: Cargo: | H3: =VLOOKUP(H2,'Tabla dinam gestion comercial'!O:Q,3,0) -> #N/A
D4: Primer trimestre | G4: Territorio: | H4: =VLOOKUP(H2,'Tabla dinam gestion comercial'!O:P,2,0) -> #N/A
D5: Enero-marzo de 2026 | G5: Empresa: | H5: =VLOOKUP(H2,'Tabla dinam gestion comercial'!O:R,4,0) -> #N/A
A6: Resultado global
A7: =SUMPRODUCT($D$14:$D$25, $F$14:$F$25) -> #DIV/0!
K8: Valor | L8: =A7*100 -> #DIV/0! | M8: =ROUND(L8,0)&"%" -> #DIV/0!
K9: Restante | L9: =100-L8 -> #DIV/0!
K10: Oculto | L10: 100
A11: =IF(A7>=90%,"Excelente",IF(A7>=75%,"Destacado",IF(A7>=59%,"En desarrollo","Crítico"))) -> #DIV/0!
A12: INDICADORES CLAVE
A13: Indicador | D13: Cumplimiento | E13: Meta | F13: Peso | G13: Gestión real x 3 meses | H13: Meta esperada x 3 meses | I13: Criterios de medición
A14: #VALUE! | B14: Ejecución visitas | C14: =IF(D14>=90%,"⬤",IF(D14>=75%,"⬤",IF(D14>=60%,"⬤","⬤"))) -> #DIV/0! | D14: =MIN(100%,G14/H14) -> #DIV/0! | E14: 0.9 | F14: 0.1 | G14: =SUMIFS('Tabla dinam gestion comercial'!$F:$F,'Tabla dinam gestion comercial'!$A:$A,$H$4) -> 0 | H14: =SUMIFS('Tabla dinam gestion comercial'!$M:$M,'Tabla dinam gestion comercial'!$A:$A,$H$4,'Tabla dinam gestion comercial'!$L:$L,"Enero")+SUMIFS('Tabla dinam gestion comercial'!$M:$M,'Tabla dinam gestion comercial'!$A:$A,$H$4,'Tabla dinam gestion comercial'!$L:$L,"Febrero")+SUMIFS('Tabla dinam gestion comercial'!$M:$M,'Tabla dinam gestion comercial'!$A:$A,$H$4,'Tabla dinam gestion comercial'!$L:$L,"Marzo") -> 0 | I14: Compara el total de visitas realizadas por los integrantes del territorio frente a la meta acumulada esperada. Cumplir o superar la meta equivale al 100%, y el resultado refleja el cumplimiento global del territorio en los meses evaluados.
A15: #VALUE! | B15: Cobertura clientes | C15: =IF(D15>=90%,"⬤",IF(D15>=75%,"⬤",IF(D15>=60%,"⬤","⬤"))) -> ⬤ | D15: =IFERROR(MIN(100%,G15/H15),0) -> 0 | E15: 0.9 | F15: 0.1 | G15: =SUMIFS('Tabla dinam gestion comercial'!$D:$D,'Tabla dinam gestion comercial'!$A:$A,$H$4,'Tabla dinam gestion comercial'!$L:$L,"Enero")+SUMIFS('Tabla dinam gestion comercial'!$D:$D,'Tabla dinam gestion comercial'!$A:$A,$H$4,'Tabla dinam gestion comercial'!$L:$L,"Febrero")+SUMIFS('Tabla dinam gestion comercial'!$D:$D,'Tabla dinam gestion comercial'!$A:$A,$H$4,'Tabla dinam gestion comercial'!$L:$L,"Marzo") -> 0 | H15: =(SUMIFS('Tabla dinam gestion comercial'!$C:$C,'Tabla dinam gestion comercial'!$A:$A,$H$4,'Tabla dinam gestion comercial'!$L:$L,"Enero")+SUMIFS('Tabla dinam gestion comercial'!$C:$C,'Tabla dinam gestion comercial'!$A:$A,$H$4,'Tabla dinam gestion comercial'!$L:$L,"Febrero")+SUMIFS('Tabla dinam gestion comercial'!$C:$C,'Tabla dinam gestion comercial'!$A:$A,$H$4,'Tabla dinam gestion comercial'!$L:$L,"Marzo"))/3 -> 0 | I15: Mide la cobertura promedio mensual de clientes visitados por el territorio frente a la meta asignada. Se suman los clientes visitados por los integrantes del equipo en cada mes y luego se calcula el promedio del período evaluado. La meta de cobertura es mensual y no se acumula entre meses.
A16: #VALUE! | B16: Nuevos clientes | C16: =IF(D16>=90%,"⬤",IF(D16>=75%,"⬤",IF(D16>=60%,"⬤","⬤"))) -> #DIV/0! | D16: =G16/H16 -> #DIV/0! | E16: 0.9 | F16: 0.1 | G16: =SUMIFS('Tabla dinam gestion comercial'!$I:$I,'Tabla dinam gestion comercial'!$A:$A,$H$4,'Tabla dinam gestion comercial'!$L:$L,"Marzo") -> 0 | H16: =ROUNDUP((SUMIFS('Tabla dinam gestion comercial'!$H:$H,'Tabla dinam gestion comercial'!$A:$A,$H$4,'Tabla dinam gestion comercial'!$L:$L,"Enero")+SUMIFS('Tabla dinam gestion comercial'!$H:$H,'Tabla dinam gestion comercial'!$A:$A,$H$4,'Tabla dinam gestion comercial'!$L:$L,"Febrero")+SUMIFS('Tabla dinam gestion comercial'!$H:$H,'Tabla dinam gestion comercial'!$A:$A,$H$4,'Tabla dinam gestion comercial'!$L:$L,"Marzo"))/12,0) -> 0 | I16: Mide los clientes nuevos y recuperados del territorio que registran gestión o venta. La meta se calcula de forma proporcional al período evaluado, tomando la meta anual dividida entre 12 meses.
A17: Indicador | D17: Cumplimiento | E17: Meta | F17: Peso | G17: Gestión real | H17: Meta acum. período | I17: Criterios de medición
A18: #VALUE! | B18: Recomendados | C18: =IF(D18>=90%,"⬤",IF(D18>=75%,"⬤",IF(D18>=60%,"⬤","⬤"))) -> ⬤ | D18: =IFERROR((G18/H18),"0") -> 0 | E18: 0.9 | F18: 0.2 | G18: =SUMIFS(Tecnico!$D:$D,Tecnico!$A:$A,$H$4) -> 0 | H18: =SUMIFS(Tecnico!$C:$C,Tecnico!$A:$A,$H$4) -> 0 | I18: Suma las recomendaciones generadas en el trimestre, y compara ese total contra la meta acumulada del período. El resultado muestra qué porcentaje de la meta trimestral se alcanzó.
A19: #VALUE! | B19: Referencias | C19: =IF(D19>=90%,"⬤",IF(D19>=75%,"⬤",IF(D19>=60%,"⬤","⬤"))) -> ⬤ | D19: =IF(AND(G19=0, H19=0), 100%, IF(G19=0, 0%, G19/H19)) -> 1 | E19: 0.9 | F19: 0.1 | G19: =SUMIFS(Tecnico!$J:$J,Tecnico!$A:$A,$H$4) -> 0 | H19: =SUMIFS(Tecnico!$H:$H,Tecnico!$A:$A,$H$4)/3 -> 0 | I19: Mide cuántas referencias se gestionaron frente a la meta esperada. Se suman las referencias del trimestre, y se comparan contra la meta promedio.
A20: Indicador | D20: Cumplimiento | E20: Meta | F20: Peso | G20: Gestión real | H20: Meta acum. período | I20: Criterios de medición
A21: #VALUE! | B21: Leads calificados | C21: =IF(D21>=90%,"⬤",IF(D21>=75%,"⬤",IF(D21>=60%,"⬤","⬤"))) -> ⬤ | D21: =IF(H21=0,0,IFERROR(G21/H21,0)) -> 0 | E21: 0.9 | F21: 0.1 | G21: =SUMIFS(Leads!$P:$P,Leads!$L:$L,$H$4) -> 0 | H21: {=IFERROR(COUNTA(_xlfn.UNIQUE(_xlfn._xlws.FILTER('Tabla dinam gestion comercial'!$O:$O,(TRIM('Tabla dinam gestion comercial'!$P:$P)=TRIM($H$4))*('Tabla dinam gestion comercial'!$O:$O<>""))))*3,0)} -> 3 | I21: Mide los leads calificados del territorio durante el período evaluado frente a la meta esperada. La meta se calcula según la cantidad de comerciales del territorio y los meses evaluados, permitiendo reflejar tanto la generación como la gestión efectiva de los leads.
A22: #VALUE! | B22: Leads calificados a tiempo | C22: =IF(D22>=90%,"⬤",IF(D22>=75%,"⬤",IF(D22>=60%,"⬤","⬤"))) -> ⬤ | D22: =IF(H22=0,0,IFERROR(G22/H22,0)) -> 0 | E22: 0.9 | F22: 0.1 | G22: =SUMIFS(Leads!$P:$P,Leads!$L:$L,$H$4) -> 0 | H22: {=IFERROR(COUNTA(_xlfn.UNIQUE(_xlfn._xlws.FILTER('Tabla dinam gestion comercial'!$O:$O,(TRIM('Tabla dinam gestion comercial'!$P:$P)=TRIM($H$4))*('Tabla dinam gestion comercial'!$O:$O<>""))))*3,0)} -> 3 | I22: Mide los leads calificados a tiempo frente a la meta esperada del período. La meta se calcula según la cantidad de comerciales del territorio y los meses evaluados, permitiendo reflejar tanto la generación esperada como la oportunidad en la gestión.
A23: #VALUE! | B23: Impacto en clientes (actividades de campo) | C23: =IF(D23>=90%,"⬤",IF(D23>=75%,"⬤",IF(D23>=60%,"⬤","⬤"))) -> #N/A | D23: =MIN(G23/H23,150%) -> #N/A | E23: 0.9 | F23: 0.1 | G23: =IFERROR(COUNTIF('Act Campo'!$Q$2:$Q$971,$H$4),0) -> 0 | H23: =VLOOKUP(H4,'Tabla dinam gestion comercial'!P:U,6,0) -> #N/A | I23: Mide el cumplimiento de actividades y parcelas realizadas por los promotores del territorio frente a la meta esperada. Por cada promotor se esperan 3 actividades trimestrales y 0,5 parcelas, con reconocimiento máximo hasta el 150%.
A24: #VALUE! | B24: Hectáreas de cultivos impactados | C24: =IF(D24>=90%,"⬤",IF(D24>=75%,"⬤",IF(D24>=60%,"⬤","⬤"))) -> ⬤ | D24: =IFERROR(MIN(G24/H24,150%),0) -> 0 | E24: 0.9 | F24: 0.05 | G24: =SUMIF(Fincas!$B:$B, $H$4, Fincas!$F:$F) -> 0 | H24: =ROUNDUP(SUMIFS('Tabla dinam gestion comercial'!$V:$V,'Tabla dinam gestion comercial'!$P:$P,$H$4,'Tabla dinam gestion comercial'!$Q:$Q,"*Promotor*")*3,0) -> 0 | I24: Mide las hectáreas gestionadas en el período frente a la meta del territorio. Cada promotor debe gestionar 30 hectáreas mensuales, equivalentes a 90 por trimestre, con reconocimiento de cumplimiento máximo hasta el 150%.
A25: #VALUE! | B25: Cultivos impactados | C25: =IF(D25>=90%,"⬤",IF(D25>=75%,"⬤",IF(D25>=60%,"⬤","⬤"))) -> ⬤ | D25: =IFERROR(MIN(G25/H25, 1.5), 0) -> 0 | E25: 0.9 | F25: 0.05 | G25: =COUNTIFS(Fincas!$B:$B, $H$4, Fincas!$D:$D, "<>") -> 0 | H25: =IFERROR(ROUNDUP(SUMIFS('Tabla dinam gestion comercial'!$W:$W,'Tabla dinam gestion comercial'!$P:$P,$H$4,'Tabla dinam gestion comercial'!$Q:$Q,"*PROMOTOR*"),0),0) -> 0 | I25: Mide los cultivos gestionados en el período frente a la meta del territorio. Cada promotor debe gestionar mínimo 1 cultivo mensual, equivalente a 3 por trimestre, con reconocimiento de cumplimiento máximo hasta el 150%.
A26: #VALUE! | B26: Gestión de Cultivos Impactados | C26: =IF(D26>=90%,"⬤",IF(D26>=75%,"⬤",IF(D26>=60%,"⬤","⬤"))) -> ⬤ | D26: =(D24+D25)/2 -> 0 | E26: 0.9 | F26: =F24+F25 -> 0.1
A27: #VALUE! | B27: "Enfócate en las oportunidades de mejora y mantén el ritmo en tus fortalezas." ¡Tú puedes alcanzar tus objetivos! | E27: Requiere mejora (<60%) | G27: En desarrollo (60% -74 %) | H27: Bueno (>=75% - 89%) | I27: Excelente (>=90%)
A30: Oportunidades | D30: Fortalezas | G30: Resumen ejecutivo | I30: Plan de acción sugerido
A31: =IF($L$8>=90,"El reto del territorio es sostener el nivel alcanzado y anticipar posibles desviaciones. Se recomienda revisar los indicadores cercanos al límite y mantener control sobre los frentes de mayor impacto.",IF($L$8>=75,"La principal oportunidad está en cerrar las brechas que impiden llegar al nivel excelente. Es clave ajustar la ejecución del territorio y priorizar los indicadores pendientes.",IF($L$8>=59,"El territorio debe concentrarse en los indicadores con menor cumplimiento. Reforzar la planificación, priorizar acciones de impacto y hacer seguimiento a los compromisos permitirá mejorar el resultado general.", "La prioridad del territorio es recuperar los indicadores críticos. Se requiere definir acciones concretas, responsables y seguimiento frecuente para mejorar el cumplimiento."))) -> #DIV/0! | D31: =IF($L$8>=90,"El territorio muestra fortalezas consolidadas en su ejecución comercial. Se destacan la consistencia en la gestión, el cumplimiento de indicadores clave y la capacidad para superar las metas del período.",IF($L$8>=75,"El territorio cuenta con una base de gestión favorable. Se evidencian avances relevantes en indicadores principales y una ejecución cercana al nivel esperado.",IF($L$8>=59,"Aunque persisten oportunidades de mejora, se identifican avances puntuales en algunos indicadores. Estos resultados pueden servir como base para fortalecer la gestión del territorio.", "Aunque el resultado general es bajo, algunos indicadores muestran señales positivas. Estos avances deben tomarse como punto de partida para orientar el plan de mejora del territorio."))) -> #DIV/0! | G31: =IF($L$8>=90,"El territorio presenta un desempeño sobresaliente frente a los objetivos definidos. La gestión refleja consistencia, disciplina comercial y buen cumplimiento de los indicadores clave. El reto es sostener este nivel en los próximos períodos.",IF($L$8>=75,"El territorio muestra un buen desempeño en el período evaluado. Se evidencian avances importantes frente a los objetivos, aunque aún es necesario reforzar los indicadores pendientes para alcanzar el nivel excelente.",IF($L$8>=59,"El territorio presenta avances parciales, pero aún existen oportunidades de mejora. Es clave enfocar la gestión en los indicadores de mayor impacto para fortalecer el resultado general.", "El territorio presenta brechas importantes frente a los objetivos definidos. Se requiere revisar la estrategia, priorizar los indicadores críticos y ejecutar un plan de mejora con seguimiento cercano."))) -> #DIV/0! | I31: =IF($H$7>=90,"Mantener el desempeño del territorio, controlar los indicadores cercanos al límite y documentar las buenas prácticas que pueden replicarse.",IF($H$7>=75,"Cerrar las brechas frente al nivel excelente. Definir acciones concretas, responsables y fechas de seguimiento por indicador.",IF($H$7>=59,"Reforzar el plan de trabajo del territorio, priorizando los indicadores con menor cumplimiento y fortaleciendo la planificación semanal.", "Activar un plan de mejora para los indicadores críticos del territorio. Definir prioridades, responsables y seguimiento semanal."))) -> Activar un plan de mejora para los indicadores críticos del territorio. Definir prioridades, responsables y seguimiento semanal.

Sheet Trimestre
A1: #VALUE! | D1: Reporte de desempeño comercial - Territorio
D2: Reporte De Desempeño Comercial | G2: Nombre | H2: Luisa Fernanda Quiceno Restrepo
D3: Resumen Trimestral | G3: Cargo: | H3: =VLOOKUP(H2,'Tabla dinam gestion comercial'!O:Q,3,0) -> #N/A
D4: Trimestre 1 | G4: Territorio | H4: =VLOOKUP(H2,'Tabla dinam gestion comercial'!O:P,2,0) -> #N/A
D5: Enero- Marzo de 2026 | G5: Empresa: | H5: =VLOOKUP(H2,'Tabla dinam gestion comercial'!O:R,4,0) -> #N/A
A6: Resultado Global
A7: =SUMPRODUCT($D$14:$D$24, $F$14:$F$24) -> #DIV/0!
J8: Valor | K8: =A7*100 -> #DIV/0! | L8: =ROUND(K8,0)&"%" -> #DIV/0!
J9: Restante | K9: =100-K8 -> #DIV/0!
J10: Oculto | K10: 100
A11: =IF(A7>=90%,"Excelente",IF(A7>=75%,"Destacado",IF(A7>=59%,"En desarrollo","Crítico"))) -> #DIV/0!
A12: INDICADORES CLAVE
A13: Indicador | D13: Cumplimiento | E13: Meta | F13: Peso | G13: Gestión real Prom X 3 meses | H13: Meta Esperada prom mes | I13: Criterios de medición
A14: #VALUE! | B14: Ejecución Visitas | C14: =IF(D14>=90%,"⬤",IF(D14>=75%,"⬤",IF(D14>=60%,"⬤","⬤"))) -> ⬤ | D14: =IFERROR(MIN(100%,G14/H14),0) -> 0 | E14: 0.9 | F14: 0.1 | G14: =IFERROR(SUMIFS('Tabla dinam gestion comercial'!$F:$F,'Tabla dinam gestion comercial'!$B:$B,$H$2)/3,0) -> 0 | H14: =MIN(2000,SUMIFS('Tabla dinam gestion comercial'!$M:$M,'Tabla dinam gestion comercial'!$B:$B,$H$2)/3) -> 0 | I14: Compara las visitas realizadas con la meta mensual. Cumplir o superar la meta equivale a 100%. El resultado es el promedio de los meses evaluados.
A15: #VALUE! | B15: Cobertura Clientes | C15: =IF(D15>=90%,"⬤",IF(D15>=75%,"⬤",IF(D15>=60%,"⬤","⬤"))) -> ⬤ | D15: =IFERROR(MIN(100%,G15/H15),0) -> 0 | E15: 0.9 | F15: 0.1 | G15: =IFERROR(SUMIFS('Tabla dinam gestion comercial'!$D:$D,'Tabla dinam gestion comercial'!$B:$B,$H$2)/3,0) -> 0 | H15: =IFERROR(SUMIFS('Tabla dinam gestion comercial'!$C$2:$C$62,'Tabla dinam gestion comercial'!$B$2:$B$62,$H$2)/3,0)/3 -> 0 | I15: Mide cuántos clientes del territorio fueron visitados frente a la meta mensual asignada. Se calcula con el promedio de clientes visitados durante los meses evaluados y se compara contra la meta de cobertura. La meta no se acumula entre meses.
A16: #VALUE! | B16: Nuevos Clientes | C16: =IF(D16>=90%,"⬤",IF(D16>=75%,"⬤",IF(D16>=60%,"⬤","⬤"))) -> #DIV/0! | D16: =G16/H16 -> #DIV/0! | E16: 0.9 | F16: 0.1 | G16: =SUMIFS('Tabla dinam gestion comercial'!$I:$I,'Tabla dinam gestion comercial'!$B:$B,$H$2)/3 -> 0 | H16: =ROUNDUP(SUMIFS('Tabla dinam gestion comercial'!$H:$H,'Tabla dinam gestion comercial'!$B:$B,$H$2)/12,0) -> 0 | I16: Cuenta los clientes recuperados y los clientes nuevos que registran una gestión o una venta. La meta mensual corresponde a la meta anual dividida entre 12 meses.
A17: Indicador | D17: Cumplimiento | E17: Meta | F17: Peso | G17: Gestión Real | H17: Meta acum. período | I17: Criterios de medición
A18: #VALUE! | B18: Recomendados | C18: =IF(D18>=90%,"⬤",IF(D18>=75%,"⬤",IF(D18>=60%,"⬤","⬤"))) -> ⬤ | D18: =IFERROR((G18/H18),"0") -> 0 | E18: 0.9 | F18: 0.2 | G18: =SUMIFS(Tecnico!$D:$D,Tecnico!$A:$A,$H$4) -> 0 | H18: =SUMIFS(Tecnico!$C:$C,Tecnico!$A:$A,$H$4) -> 0 | I18: Suma las recomendaciones generadas en enero, febrero y marzo, y compara ese total contra la meta acumulada del período. El resultado muestra qué porcentaje de la meta trimestral se alcanzó.
A19: #VALUE! | B19: Referencias | C19: =IF(D19>=90%,"⬤",IF(D19>=75%,"⬤",IF(D19>=60%,"⬤","⬤"))) -> ⬤ | D19: =IF(AND(G19=0, H19=0), 100%, IF(G19=0, 0%, G19/H19)) -> 1 | E19: 0.9 | F19: 0.1 | G19: =SUMIFS(Tecnico!$J:$J,Tecnico!$A:$A,$H$4) -> 0 | H19: =SUMIFS(Tecnico!$H:$H,Tecnico!$A:$A,$H$4)/3 -> 0 | I19: Mide cuántas referencias se gestionaron frente a la meta esperada. Se suman las referencias de enero, febrero y marzo, y se comparan contra la meta promedio del trimestre.
A20: #VALUE! | B20: leads Calificados | C20: =IF(D20>=90%,"⬤",IF(D20>=75%,"⬤",IF(D20>=60%,"⬤","⬤"))) -> ⬤ | D20: =IF(H20=0,0,IFERROR(G20/H20,0)) -> 0 | E20: 0.9 | F20: 0.1 | G20: =IFERROR(VLOOKUP(H2,Leads!C:H,2,0),"0") -> 0 | H20: =MAX(1,IFERROR(SUMIFS(Leads!$D:$D,Leads!$C:$C,$H$2,Leads!$I:$I,"Enero"),0))+MAX(1,IFERROR(SUMIFS(Leads!$D:$D,Leads!$C:$C,$H$2,Leads!$I:$I,"Febrero"),0))+MAX(1,IFERROR(SUMIFS(Leads!$D:$D,Leads!$C:$C,$H$2,Leads!$I:$I,"Marzo"),0)) -> 3 | I20: Mide cuántos de los leads creados en el período fueron gestionados. El resultado corresponde al porcentaje de atención sobre el total de leads generados.
A21: #VALUE! | B21: leads Calificados A Tiempo | C21: =IF(D21>=90%,"⬤",IF(D21>=75%,"⬤",IF(D21>=60%,"⬤","⬤"))) -> ⬤ | D21: =IF(H21=0,0,IFERROR(G21/H21,0)) -> 0 | E21: 0.9 | F21: 0.1 | G21: =IFERROR(VLOOKUP(H2,Leads!$K:$P,6,0),0) -> 0 | H21: =MAX(1,IFERROR(SUMIFS(Leads!$D:$D,Leads!$C:$C,$H$2,Leads!$I:$I,"Enero"),0))+MAX(1,IFERROR(SUMIFS(Leads!$D:$D,Leads!$C:$C,$H$2,Leads!$I:$I,"Febrero"),0))+MAX(1,IFERROR(SUMIFS(Leads!$D:$D,Leads!$C:$C,$H$2,Leads!$I:$I,"Marzo"),0)) -> 3 | I21: Mide el porcentaje de leads que fueron calificados dentro del tiempo establecido. Se compara la cantidad de leads calificados oportunamente frente al total de leads que debían ser gestionados en el período.
A22: #VALUE! | B22: Impacto en clientes (Actividades de Campo) | C22: =IF(D22>=90%,"⬤",IF(D22>=75%,"⬤",IF(D22>=60%,"⬤","⬤"))) -> #N/A | D22: =MIN(G22/H22,150%) -> #N/A | E22: 0.9 | F22: 0.1 | G22: =COUNTIFS('Act Campo'!$Q$2:$Q$997,$H$4,'Act Campo'!$AF$2:$AF$997,"Enero") +COUNTIFS('Act Campo'!$Q$2:$Q$997,$H$4,'Act Campo'!$AF$2:$AF$997,"Febrero") +COUNTIFS('Act Campo'!$Q$2:$Q$997,$H$4,'Act Campo'!$AF$2:$AF$997,"Marzo") -> 0 | H22: =VLOOKUP(H4,'Tabla dinam gestion comercial'!P:U,6,0) -> #N/A | I22: Mide el cumplimiento de actividades y parcelas frente a la meta del territorio. Por cada promotor se esperan 3 actividades trimestrales y 0,5 parcelas, con reconocimiento máximo hasta el 150%
A23: #VALUE! | B23: Hectareas Cultivos impactados | C23: =IF(D23>=90%,"⬤",IF(D23>=75%,"⬤",IF(D23>=60%,"⬤","⬤"))) -> #DIV/0! | D23: =MIN(G23/H23,150%) -> #DIV/0! | E23: 0.9 | F23: 0.05 | G23: =SUMIF(Fincas!$B:$B, $H$4, Fincas!$F:$F) -> 0 | H23: =ROUNDUP(_xlfn.MAXIFS('Tabla dinam gestion comercial'!$V:$V,'Tabla dinam gestion comercial'!$O:$O,$H$2)*3,0) -> 0 | I23: Mide las hectáreas gestionadas en el período frente a la meta del territorio. Cada promotor debe gestionar 30 hectáreas mensuales, equivalentes a 90 por trimestre, con reconocimiento de cumplimiento máximo hasta el 150%.
A24: #VALUE! | B24: Cultivos impactados | C24: =IF(D24>=90%,"⬤",IF(D24>=75%,"⬤",IF(D24>=60%,"⬤","⬤"))) -> ⬤ | D24: =IFERROR(MIN(G24/H24, 1.5), 0) -> 0 | E24: 0.9 | F24: 0.05 | G24: =COUNTIFS(Fincas!$B:$B, $H$4, Fincas!$D:$D, "<>") -> 0 | H24: =ROUNDUP(SUMIFS('Tabla dinam gestion comercial'!$W:$W,'Tabla dinam gestion comercial'!$O:$O,$H$2),0) -> 0 | I24: Mide los cultivos gestionados en el período frente a la meta del territorio. Cada promotor debe gestionar mínimo 1 cultivo mensual, equivalente a 3 por trimestre, con reconocimiento de cumplimiento máximo hasta el 150%.
A25: #VALUE! | B25: "Enfocate en las oportunidades de mejora y mantén el ritmo en tus fortalezas." ¡Tu puedes alcanzar tus objetivos! | E25: Requiere mejora (<60%) | G25: En Desarrollo (60% - 74 %) | H25: Bueno (>=75% - 89%) | I25: Excelente (>=90%)
A28: Oportunidades | D28: Fortalezas | G28: Resumen Ejecutivo | I28: Plan de acción sugerido
A29: =IF($L$8>=90,"El reto del territorio es sostener el nivel alcanzado y anticipar posibles desviaciones. Se recomienda revisar los indicadores cercanos al límite y mantener control sobre los frentes de mayor impacto.",IF($L$8>=75,"La principal oportunidad está en cerrar las brechas que impiden llegar al nivel excelente. Es clave ajustar la ejecución del territorio y priorizar los indicadores pendientes.",IF($L$8>=59,"El territorio debe concentrarse en los indicadores con menor cumplimiento. Reforzar la planificación, priorizar acciones de impacto y hacer seguimiento a los compromisos permitirá mejorar el resultado general.", "La prioridad del territorio es recuperar los indicadores críticos. Se requiere definir acciones concretas, responsables y seguimiento frecuente para mejorar el cumplimiento."))) -> #DIV/0! | D29: =IF($L$8>=90,"El territorio muestra fortalezas consolidadas en su ejecución comercial. Se destacan la consistencia en la gestión, el cumplimiento de indicadores clave y la capacidad para superar las metas del período.",IF($L$8>=75,"El territorio cuenta con una base de gestión favorable. Se evidencian avances relevantes en indicadores principales y una ejecución cercana al nivel esperado.",IF($L$8>=59,"Aunque persisten oportunidades de mejora, se identifican avances puntuales en algunos indicadores. Estos resultados pueden servir como base para fortalecer la gestión del territorio.", "Aunque el resultado general es bajo, algunos indicadores muestran señales positivas. Estos avances deben tomarse como punto de partida para orientar el plan de mejora del territorio."))) -> #DIV/0! | G29: =IF($L$8>=90,"El territorio presenta un desempeño sobresaliente frente a los objetivos definidos. La gestión refleja consistencia, disciplina comercial y buen cumplimiento de los indicadores clave. El reto es sostener este nivel en los próximos períodos.",IF($L$8>=75,"El territorio muestra un buen desempeño en el período evaluado. Se evidencian avances importantes frente a los objetivos, aunque aún es necesario reforzar los indicadores pendientes para alcanzar el nivel excelente.",IF($L$8>=59,"El territorio presenta avances parciales, pero aún existen oportunidades de mejora. Es clave enfocar la gestión en los indicadores de mayor impacto para fortalecer el resultado general.", "El territorio presenta brechas importantes frente a los objetivos definidos. Se requiere revisar la estrategia, priorizar los indicadores críticos y ejecutar un plan de mejora con seguimiento cercano."))) -> #DIV/0! | I29: =IF($H$7>=90,"Mantener el desempeño del territorio, controlar los indicadores cercanos al límite y documentar las buenas prácticas que pueden replicarse.",IF($H$7>=75,"Cerrar las brechas frente al nivel excelente. Definir acciones concretas, responsables y fechas de seguimiento por indicador.",IF($H$7>=59,"Reforzar el plan de trabajo del territorio, priorizando los indicadores con menor cumplimiento y fortaleciendo la planificación semanal.", "Activar un plan de mejora para los indicadores críticos del territorio. Definir prioridades, responsables y seguimiento semanal."))) -> Activar un plan de mejora para los indicadores críticos del territorio. Definir prioridades, responsables y seguimiento semanal.

Sheet Act Campo
A1: ID | B1: Estado | C1: Asunto | D1: ID de cliente | E1: Cliente | F1: Tipo de visita | G1: Propietario | H1: LinkUbicacion | I1: Dirección | J1: Estado1 | K1: Creado el | L1: Fecha/Hora de inicio | M1: Fecha/Hora de fin | N1: Fecha/Hora Inic.visita | O1: Fecha/Hora Fin visita | P1: Notas | Q1: Territorio de ventas | R1: Organización de ventas | S1: Creados por | T1: Ubicación | U1: Observaciones Visita | V1: Cultivo | W1: Recomendaciones | X1: Estado cultivo | Y1: Hectáreas | Z1: Oportunidades comerciales | AA1: Estado2 | AB1: zaUbicacion | AC1: Est.Fed./Prov. | AD1: Ciudad | AE1: Link Ubicacion | AF1: mes | AH1: Cuenta de ID de cliente
A2: 182138 | B2: Completado | C2: EVENTO INAUGURACIÓN NUEVA P.V | D2: 1571715 | E2: JARAMILLO ZAPATA NATALIA ANDREA MY PETS HUELLITAS CONSENTIDAS | F2: Evento Especial | G2: Elizabeth Sanmartin Vasquez | I2: CR 63 CL 57S 62 / 05088 BELLO / CO | J2: ANTIOQUIA | K2: 46053.405 | L2: 46053.354 | M2: 46053.583 | N2: 46053.405 | O2: 46053.583 | P2: EVENTO AGRIPAC | Q2: PYC NORTE 2 PECUARIA | R2: PEREZ Y CARDONA | S2: Elizabeth Sanmartin Vasquez | T2: JARAMILLO ZAPATA NATALIA ANDREA MY PETS HUELLITAS CONSENTIDAS / CR 63 CL 57S 62 / 05088 BELLO / CO | Y2: 0 | AB2: CR 63 CL 57S 62 / 05088 BELLO | AC2: ANTIOQUIA | AD2: BELLO | AF2: =TEXT(L2,"mmmm") -> enero | AH2: Territorio de ventas | AI2: mes | AJ2: Propietario | AK2: Tipo de visita | AL2: Total
A3: 182303 | B3: Completado | C3: Capacitacion sumitomo | D3: 1401434 | E3: AGRICOLA ANTIOQUIA GENERICO | F3: Visita Formación | G3: Edison Ferney Rivera Muñoz | I3: VRD LAS LAJAS / 05615 RIONEGRO / CO | J3: ANTIOQUIA | K3: 46053.603 | L3: 46042.333 | M3: 46042.708 | N3: 46053.603 | O3: 46053.603 | Q3: PYC AGRÍCOLA ANT ORIENTE B | R3: PEREZ Y CARDONA | S3: Edison Ferney Rivera Muñoz | T3: AGRICOLA ANTIOQUIA GENERICO / VRD LAS LAJAS / 05615 RIONEGRO / CO | Y3: 0 | AB3: VRD LAS LAJAS / 05615 RIONEGRO | AC3: ANTIOQUIA | AD3: RIONEGRO | AF3: =TEXT(L3,"mmmm") -> enero | AH3: PYC AGRÍCOLA ANT CÓRDOBA | AI3: febrero | AJ3: (Vacante) Jonathan De Jesús Salcedo Arango | AK3: Día de campo | AL3: 1
A4: 182304 | B4: Completado | C4: Capacitacion agafer | D4: 1401434 | E4: AGRICOLA ANTIOQUIA GENERICO | F4: Visita Formación | G4: Edison Ferney Rivera Muñoz | I4: VRD LAS LAJAS / 05615 RIONEGRO / CO | J4: ANTIOQUIA | K4: 46053.603 | L4: 46043.333 | M4: 46043.708 | N4: 46053.603 | O4: 46053.603 | Q4: PYC AGRÍCOLA ANT ORIENTE B | R4: PEREZ Y CARDONA | S4: Edison Ferney Rivera Muñoz | T4: AGRICOLA ANTIOQUIA GENERICO / VRD LAS LAJAS / 05615 RIONEGRO / CO | Y4: 0 | AB4: VRD LAS LAJAS / 05615 RIONEGRO | AC4: ANTIOQUIA | AD4: RIONEGRO | AF4: =TEXT(L4,"mmmm") -> enero | AH4: PYC AGRÍCOLA ANT CÓRDOBA | AI4: marzo | AJ4: (Vacante) Jonathan De Jesús Salcedo Arango | AK4: Día de campo | AL4: 14
A5: 179366 | B5: Completado | C5: Manejo C4C con alejandro | D5: 1401434 | E5: AGRICOLA ANTIOQUIA GENERICO | F5: Visita Formación | G5: Edison Ferney Rivera Muñoz | I5: VRD LAS LAJAS / 05615 RIONEGRO / CO | J5: ANTIOQUIA | K5: 46030.557 | L5: 46024.375 | M5: 46024.625 | N5: 46030.557 | O5: 46030.557 | Q5: PYC AGRÍCOLA ANT ORIENTE B | R5: PEREZ Y CARDONA | S5: Edison Ferney Rivera Muñoz | T5: AGRICOLA ANTIOQUIA GENERICO / VRD LAS LAJAS / 05615 RIONEGRO / CO | Y5: 0 | AB5: VRD LAS LAJAS / 05615 RIONEGRO | AC5: ANTIOQUIA | AD5: RIONEGRO | AF5: =TEXT(L5,"mmmm") -> enero | AH5: PYC AGRÍCOLA ANT CÓRDOBA | AI5: marzo | AJ5: Jairo Jesús Morales Doria | AK5: Evento Especial | AL5: 1
A6: 181466 | B6: Completado | C6: Capacitación a mostradores de comsab | D6: 1333635 | E6: COOPERATIVA AGROMULTIACTIVA SAN BARTOLO COMSAB | F6: Evento Especial | G6: (vacante) Alex García Moncada | I6: DG 53 53 47 / 05034 ANDES / CO | J6: ANTIOQUIA | K6: 46049.618 | L6: 46049.625 | M6: 46049.729 | N6: 46049.787 | O6: 46049.787 | P6: Nos acompaña Eduardo Sáenz sumitomo | Q6: PYC AGRÍCOLA ANT SUROESTE | R6: PEREZ Y CARDONA | S6: (vacante) Alex García Moncada | T6: COOPERATIVA AGROMULTIACTIVA SAN BARTOLO COMSAB / DG 53 53 47 / 05034 ANDES / CO | Y6: 0 | AB6: DG 53 53 47 / 05034 ANDES | AC6: ANTIOQUIA | AD6: ANDES | AF6: =TEXT(L6,"mmmm") -> enero | AH6: PYC AGRÍCOLA ANT NORTE | AI6: marzo | AJ6: Carolina María Escobar Londoño | AK6: Evento Especial | AL6: 1
A7: 183061 | B7: Completado | C7: Capacitación a Mostradores, con probelte | D7: 1333635 | E7: COOPERATIVA AGROMULTIACTIVA SAN BARTOLO COMSAB | F7: Evento Especial | G7: (vacante) Alex García Moncada | I7: DG 53 53 47 / 05034 ANDES / CO | J7: ANTIOQUIA | K7: 46059.37 | L7: 46056.604 | M7: 46056.708 | N7: 46059.37 | O7: 46059.37 | Q7: PYC AGRÍCOLA ANT SUROESTE | R7: PEREZ Y CARDONA | S7: (vacante) Alex García Moncada | T7: COOPERATIVA AGROMULTIACTIVA SAN BARTOLO COMSAB / DG 53 53 47 / 05034 ANDES / CO | Y7: 0 | AB7: DG 53 53 47 / 05034 ANDES | AC7: ANTIOQUIA | AD7: ANDES | AF7: =TEXT(L7,"mmmm") -> febrero | AH7: PYC AGRÍCOLA ANT NORTE | AI7: marzo | AJ7: Marcela Ramirez Ramirez | AK7: Evento Especial | AL7: 1
A8: 180096 | B8: Completado | C8: Reunion equipo suroeste y sumitomo | D8: 1000 | E8: PEREZ Y CARDONA | F8: Visita Formación | G8: Sara Ruíz Restrepo | I8: CO | K8: 46037.451 | L8: 46037.292 | M8: 46037.708 | N8: 46037.451 | O8: 46049.492 | Q8: PYC AGRÍCOLA ANT SUROESTE | R8: PEREZ Y CARDONA | S8: Sara Ruíz Restrepo | T8: PEREZ Y CARDONA / CO | Y8: 0 | AB8: CO | AF8: =TEXT(L8,"mmmm") -> enero | AH8: PYC AGRÍCOLA ANT ORIENTE A | AI8: enero | AJ8: Juan Esteban Montoya Serna | AK8: Evento Especial | AL8: 1
A9: 182539 | B9: Completado | C9: Capacitación probelte en comsab | D9: 1333635 | E9: COOPERATIVA AGROMULTIACTIVA SAN BARTOLO COMSAB | F9: Evento Especial | G9: Sara Ruíz Restrepo | I9: DG 53 53 47 / 05034 ANDES / CO | J9: ANTIOQUIA | K9: 46056.59 | L9: 46056.583 | M9: 46056.625 | N9: 46056.591 | O9: 46056.667 | P9: Se capacitación los mostradores y quedaron muy contentos con la información | Q9: PYC AGRÍCOLA ANT SUROESTE | R9: PEREZ Y CARDONA | S9: Sara Ruíz Restrepo | T9: COOPERATIVA AGROMULTIACTIVA SAN BARTOLO COMSAB / DG 53 53 47 / 05034 ANDES / CO | Y9: 0 | AB9: DG 53 53 47 / 05034 ANDES | AC9: ANTIOQUIA | AD9: ANDES | AF9: =TEXT(L9,"mmmm") -> febrero | AH9: PYC AGRÍCOLA ANT ORIENTE B | AI9: febrero | AJ9: Edison Ferney Rivera Muñoz | AK9: Evento Especial | AL9: 2
A10: 182197 | B10: Completado | C10: Congreso nacional de productores de papa | D10: 1460096 | E10: GRUPO EMPRESARIAL IMPULSAGRO SEDE VENTORRILLO | F10: Visita Formación | G10: Julio Andrés Cuspoca Martínez | I10: VEREDA HUERTA GRANDE SECTOR VENTORROLLO / 15104 BOYACA / CO | J10: BOYACA | K10: 46055.237 | L10: 46055.417 | M10: 46055.542 | N10: 46055.429 | O10: 46055.501 | Q10: GALAGRO BOYACA NAL. | R10: GALAGRO | S10: Julio Andrés Cuspoca Martínez | T10: GRUPO EMPRESARIAL IMPULSAGRO SEDE VENTORRILLO / VEREDA HUERTA GRANDE SECTOR VENTORROLLO / 15104 BOYA | Y10: 0 | AB10: VEREDA HUERTA GRANDE SECTOR VENTORROLLO / 15104 BOYA | AC10: BOYACA | AD10: BOYACA | AF10: =TEXT(L10,"mmmm") -> febrero | AH10: PYC AGRÍCOLA ANT ORIENTE B | AI10: marzo | AJ10: Alejandro Suárez García | AK10: Evento Especial | AL10: 1
A11: 183107 | B11: Completado | C11: Capacitación | D11: 1480607 | E11: CORDOBA RONALDO COOIMPROSAM | F11: Visita Formación | G11: Juan José Lagos Regalado | I11: 52678 SAMANIEGO / CO | J11: NARIÑO | K11: 46059.776 | L11: 46059.792 | M11: 46059.812 | N11: 46059.777 | O11: 46059.843 | Q11: GALAGRO NARIÑO NAL. | R11: GALAGRO | S11: Juan José Lagos Regalado | T11: CORDOBA RONALDO COOIMPROSAM / CO | Y11: 0 | AB11: CO | AC11: NARIÑO | AD11: SAMANIEGO | AF11: =TEXT(L11,"mmmm") -> febrero | AH11: PYC AGRÍCOLA ANT SUROESTE | AI11: enero | AJ11: (vacante) Alex García Moncada | AK11: Evento Especial | AL11: 1
A12: 180229 | B12: Completado | C12: Asamblea fedepapa | D12: 1337069 | E12: FED COLOMBIANA DE PRODUCTORES DE PAPA FEDEPAPA | F12: Evento Especial | G12: Juan Esteban Montoya Serna | I12: CL 11 8 31 / 05400 LA UNION / CO | J12: ANTIOQUIA | K12: 46040.408 | L12: 46040.375 | M12: 46040.583 | N12: 46040.408 | O12: 46040.584 | Q12: PYC AGRÍCOLA ANT ORIENTE A | R12: PEREZ Y CARDONA | S12: Juan Esteban Montoya Serna | T12: FED COLOMBIANA DE PRODUCTORES DE PAPA FEDEPAPA / CL 11 8 31 / 05400 LA UNION / CO | Y12: 0 | AB12: CL 11 8 31 / 05400 LA UNION | AC12: ANTIOQUIA | AD12: LA UNION | AF12: =TEXT(L12,"mmmm") -> enero | AH12: PYC AGRÍCOLA ANT SUROESTE | AI12: febrero | AJ12: (vacante) Alex García Moncada | AK12: Evento Especial | AL12: 1
A13: 182632 | B13: Completado | C13: Fortalecimiento de conceptos Camporigen | D13: 1400707 | E13: GALAGRO ANTIOQUIA GENERICO | F13: Día de campo | G13: John Álvaro Correa Castaño | I13: 05541 PEÑOL / CO | J13: ANTIOQUIA | K13: 46056.459 | L13: 46056.312 | M13: 46056.458 | N13: 46056.459 | O13: 46056.459 | Q13: GALAGRO SUROESTE ANT. | R13: GALAGRO | S13: John Álvaro Correa Castaño | T13: GALAGRO ANTIOQUIA GENERICO / CO | Y13: 0 | AB13: CO | AC13: ANTIOQUIA | AD13: PEÑOL | AF13: =TEXT(L13,"mmmm") -> febrero | AH13: PYC AGRÍCOLA ANT SUROESTE | AI13: febrero | AJ13: Fabian Rueda Rueda | AK13: Evento Especial | AL13: 1
A14: 180587 | B14: Completado | C14: Capacitación agricultura regenerativa P Y C | D14: 1400707 | E14: GALAGRO ANTIOQUIA GENERICO | F14: Visita Formación | G14: Juan David Rojas Rivera | I14: 05541 PEÑOL / CO | J14: ANTIOQUIA | K14: 46042.797 | L14: 46043.542 | M14: 46043.688 | N14: 46043.477 | O14: 46044.243 | Q14: GALAGRO ANTIOQUIA COORDINACIÓN | R14: GALAGRO | S14: Juan David Rojas Rivera | T14: GALAGRO ANTIOQUIA GENERICO / CO | Y14: 0 | AB14: CO | AC14: ANTIOQUIA | AD14: PEÑOL | AF14: =TEXT(L14,"mmmm") -> enero | AH14: PYC AGRÍCOLA ANT SUROESTE | AI14: febrero | AJ14: Sara Ruíz Restrepo | AK14: Evento Especial | AL14: 2
A15: 182266 | B15: Completado | C15: Gira técnica eje cafetero | D15: 1400070 | E15: GALAGRO NACIONAL GENERICO | F15: Evento Especial | G15: Juan David Rojas Rivera | I15: 41551 PITALITO / CO | J15: HUILA | K15: 46055.396 | L15: 46055.333 | M15: 46055.896 | N15: 46055.396 | O15: 46055.835 | Q15: GALAGRO NACIONAL COORDINACIÓN | R15: GALAGRO | S15: Juan David Rojas Rivera | T15: GALAGRO NACIONAL GENERICO / CO | Y15: 0 | AB15: CO | AC15: HUILA | AD15: PITALITO | AF15: =TEXT(L15,"mmmm") -> febrero | AH15: PYC AGRÍCOLA ANT SUROESTE | AI15: marzo | AJ15: (vacante) Alex García Moncada | AK15: Día de campo | AL15: 1
A16: 182625 | B16: Completado | C16: Gira técnica Café Armenia | D16: 1400070 | E16: GALAGRO NACIONAL GENERICO | F16: Evento Especial | G16: Juan David Rojas Rivera | I16: 41551 PITALITO / CO | J16: HUILA | K16: 46056.861 | L16: 46056.333 | M16: 46056.875 | N16: 46056.862 | O16: 46056.862 | Q16: GALAGRO NACIONAL COORDINACIÓN | R16: GALAGRO | S16: Juan David Rojas Rivera | T16: GALAGRO NACIONAL GENERICO / CO | Y16: 0 | AB16: CO | AC16: HUILA | AD16: PITALITO | AF16: =TEXT(L16,"mmmm") -> febrero | AH16: PYC AGRÍCOLA ANT SUROESTE | AI16: marzo | AJ16: (vacante) Alex García Moncada | AK16: Evento Especial | AL16: 3
A17: 182708 | B17: Completado | C17: Gira tecnica café | D17: 1400070 | E17: GALAGRO NACIONAL GENERICO | F17: Evento Especial | G17: Juan David Rojas Rivera | I17: 41551 PITALITO / CO | J17: HUILA | K17: 46057.85 | L17: 46057.333 | M17: 46057.729 | N17: 46057.85 | O17: 46057.851 | Q17: GALAGRO NACIONAL COORDINACIÓN | R17: GALAGRO | S17: Juan David Rojas Rivera | T17: GALAGRO NACIONAL GENERICO / CO | Y17: 0 | AB17: CO | AC17: HUILA | AD17: PITALITO | AF17: =TEXT(L17,"mmmm") -> febrero | AH17: PYC AGRÍCOLA ANT SUROESTE | AI17: marzo | AJ17: Sara Ruíz Restrepo | AK17: Evento Especial | AL17: 2
A18: 180919 | B18: Completado | C18: Capacitación Uvio Proveagro, preparación gira técnica Antioquia y reunión con RoyalCondor | D18: 1400707 | E18: GALAGRO ANTIOQUIA GENERICO | F18: Visita Formación | G18: Juan David Rojas Rivera | I18: 05541 PEÑOL / CO | J18: ANTIOQUIA | K18: 46045.275 | L18: 46045.292 | M18: 46045.75 | N18: 46045.275 | O18: 46045.723 | Q18: GALAGRO ANTIOQUIA COORDINACIÓN | R18: GALAGRO | S18: Juan David Rojas Rivera | T18: GALAGRO ANTIOQUIA GENERICO / CO | Y18: 0 | AB18: CO | AC18: ANTIOQUIA | AD18: PEÑOL | AF18: =TEXT(L18,"mmmm") -> enero | AH18: PYC AGRÍCOLA ANT VALLE ABURRÁ | AI18: febrero | AJ18: Juan Felipe Botero Gómez | AK18: Día de campo | AL18: 1
A19: 182992 | B19: Completado | C19: Visita café norte y charla Cartago gira café | D19: 1400070 | E19: GALAGRO NACIONAL GENERICO | F19: Evento Especial | G19: Juan David Rojas Rivera | I19: 41551 PITALITO / CO | J19: HUILA | K19: 46058.574 | L19: 46058.312 | M19: 46058.812 | N19: 46058.574 | O19: 46058.953 | Q19: GALAGRO NACIONAL COORDINACIÓN | R19: GALAGRO | S19: Juan David Rojas Rivera | T19: GALAGRO NACIONAL GENERICO / CO | Y19: 0 | AB19: CO | AC19: HUILA | AD19: PITALITO | AF19: =TEXT(L19,"mmmm") -> febrero | AH19: PYC AGRÍCOLA ANT VALLE ABURRÁ | AI19: marzo | AJ19: Juan Felipe Botero Gómez | AK19: Evento Especial | AL19: 1
A20: 182292 | B20: Completado | C20: Aplicación con dron | D20: 1400056 | E20: CLAUDIA SARMIENTO LA ESQUINA DEL CAMPO SOCORRO | F20: Día de campo | G20: Annuar Andrey Hoyos Muñoz | I20: 68755 SOCORRO / CO | J20: SANTANDER | K20: 46055.254 | L20: 46055.375 | M20: 46055.583 | N20: 46055.358 | O20: 46055.617 | Q20: GALAGRO SANTANDER NAL. | R20: GALAGRO | S20: Annuar Andrey Hoyos Muñoz | T20: CLAUDIA SARMIENTO LA ESQUINA DEL CAMPO SOCORRO / CO | Y20: 0 | AB20: CO | AC20: SANTANDER | AD20: SOCORRO | AF20: =TEXT(L20,"mmmm") -> febrero | AH20: PYC NORTE 2 PECUARIA | AI20: enero | AJ20: Elizabeth Sanmartin Vasquez | AK20: Evento Especial | AL20: 1
A21: 182980 | B21: Completado | C21: Gira vellsam uvio | D21: 1400070 | E21: GALAGRO NACIONAL GENERICO | F21: Evento Especial | G21: Juan Pablo Valencia Carvajal | I21: 41551 PITALITO / CO | J21: HUILA | K21: 46059.345 | L21: 46059.354 | M21: 46059.729 | N21: 46059.824 | O21: 46059.824 | Q21: GALAGRO EJE CAFETERO Y VALLE NORTE NAL. | R21: GALAGRO | S21: Juan Pablo Valencia Carvajal | T21: GALAGRO NACIONAL GENERICO / CO | Y21: 0 | AB21: CO | AC21: HUILA | AD21: PITALITO | AF21: =TEXT(L21,"mmmm") -> febrero | AH21: PYC NORTE 2 PECUARIA | AI21: febrero | AJ21: Elizabeth Sanmartin Vasquez | AK21: Evento Especial | AL21: 1
A22: 183177 | B22: Completado | C22: Gira vellsam - uvio | D22: 1400070 | E22: GALAGRO NACIONAL GENERICO | F22: Evento Especial | G22: Juan Pablo Valencia Carvajal | I22: 41551 PITALITO / CO | J22: HUILA | K22: 46059.825 | L22: 46058.521 | M22: 46058.542 | N22: 46059.825 | O22: 46059.825 | P22: Gira por el valle y capacitación a productores y clientes de la zona | Q22: GALAGRO EJE CAFETERO Y VALLE NORTE NAL. | R22: GALAGRO | S22: Juan Pablo Valencia Carvajal | T22: GALAGRO NACIONAL GENERICO / CO | Y22: 0 | AB22: CO | AC22: HUILA | AD22: PITALITO | AF22: =TEXT(L22,"mmmm") -> febrero | AH22: GALAGRO SUROESTE ANT. | AI22: febrero | AJ22: John Álvaro Correa Castaño | AK22: Día de campo | AL22: 1
A23: 180271 | B23: Completado | C23: UFIT | D23: 1400070 | E23: GALAGRO NACIONAL GENERICO | F23: Visita Formación | G23: Yeferson Esmit Ramírez Ruíz | I23: 41551 PITALITO / CO | J23: HUILA | K23: 46038.431 | L23: 46038.333 | M23: 46038.438 | N23: 46038.431 | O23: 46038.439 | Q23: GALAGRO META NAL. | R23: GALAGRO | S23: Yeferson Esmit Ramírez Ruíz | T23: GALAGRO NACIONAL GENERICO / CO | Y23: 0 | AB23: CO | AC23: HUILA | AD23: PITALITO | AF23: =TEXT(L23,"mmmm") -> enero | AH23: GALAGRO NACIONAL COORDINACIÓN | AI23: febrero | AJ23: Juan David Rojas Rivera | AK23: Evento Especial | AL23: 4
A24: 182073 | B24: Completado | C24: Preparación Inaguración almacén el llano San Pedro | D24: 1378770 | E24: EL LLANO DC SAS EL LLANO DC SAS | F24: Evento Especial | G24: Miguel Andrés León Díaz | I24: AV 38 31 200 / 05686 SANTA ROSA DE OSOS / CO | J24: ANTIOQUIA | K24: 46052.38 | L24: 46050.542 | M24: 46050.562 | N24: 46052.381 | O24: 46052.381 | Q24: GALAGRO NORTE ANT. | R24: GALAGRO | S24: Miguel Andrés León Díaz | T24: EL LLANO DC SAS EL LLANO DC SAS / AV 38 31 200 / 05686 SANTA ROSA DE OSOS / CO | Y24: 0 | AB24: AV 38 31 200 / 05686 SANTA ROSA DE OSOS | AC24: ANTIOQUIA | AD24: SANTA ROSA DE OSOS | AF24: =TEXT(L24,"mmmm") -> enero | AH24: GALAGRO NACIONAL COORDINACIÓN | AI24: marzo | AJ24: Juan David Rojas Rivera | AK24: Evento Especial | AL24: 1
A25: 179845 | B25: Completado | C25: negocio arroz Agroexport | D25: 1333187 | E25: AGROEXPORT DE COLOMBIA SAS | F25: Visita Formación | G25: Juana Andrea Moncaleano Sandoval | I25: CR 7 180 75 MD 1 LC 10 Y 11 / 11001 BOGOTA / CO | J25: BOGOTA | K25: 46035.724 | L25: 46042 | M25: 46042.021 | N25: 46042.36 | O25: 46043.501 | Q25: GALAGRO META NAL. | R25: GALAGRO | S25: Juana Andrea Moncaleano Sandoval | T25: AGROEXPORT DE COLOMBIA SAS / CR 7 180 75 MD 1 LC 10 Y 11 / 11001 BOGOTA / CO | Y25: 0 | AB25: CR 7 180 75 MD 1 LC 10 Y 11 / 11001 BOGOTA | AC25: BOGOTA | AD25: BOGOTA | AF25: =TEXT(L25,"mmmm") -> enero | AH25: GALAGRO SANTANDER NAL. | AI25: febrero | AJ25: Annuar Andrey Hoyos Muñoz | AK25: Día de campo | AL25: 1
A26: 179846 | B26: Completado | C26: manejo de arroz | D26: 1333187 | E26: AGROEXPORT DE COLOMBIA SAS | F26: Visita Formación | G26: Juana Andrea Moncaleano Sandoval | I26: CR 7 180 75 MD 1 LC 10 Y 11 / 11001 BOGOTA / CO | J26: BOGOTA | K26: 46035.726 | L26: 46043 | M26: 46043.021 | N26: 46043.498 | O26: 46043.503 | Q26: GALAGRO META NAL. | R26: GALAGRO | S26: Juana Andrea Moncaleano Sandoval | T26: AGROEXPORT DE COLOMBIA SAS / CR 7 180 75 MD 1 LC 10 Y 11 / 11001 BOGOTA / CO | Y26: 0 | AB26: CR 7 180 75 MD 1 LC 10 Y 11 / 11001 BOGOTA | AC26: BOGOTA | AD26: BOGOTA | AF26: =TEXT(L26,"mmmm") -> enero | AH26: GALAGRO SANTANDER NAL. | AI26: febrero | AJ26: Annuar Andrey Hoyos Muñoz | AK26: Evento Especial | AL26: 3
A27: 179847 | B27: Completado | C27: manejo de arroz | D27: 1333187 | E27: AGROEXPORT DE COLOMBIA SAS | F27: Visita Formación | G27: Juana Andrea Moncaleano Sandoval | I27: CR 7 180 75 MD 1 LC 10 Y 11 / 11001 BOGOTA / CO | J27: BOGOTA | K27: 46035.726 | L27: 46044 | M27: 46044.021 | N27: 46044.42 | O27: 46044.471 | Q27: GALAGRO TOLIMA NAL. | R27: GALAGRO | S27: Juana Andrea Moncaleano Sandoval | T27: AGROEXPORT DE COLOMBIA SAS / CR 7 180 75 MD 1 LC 10 Y 11 / 11001 BOGOTA / CO | Y27: 0 | AB27: CR 7 180 75 MD 1 LC 10 Y 11 / 11001 BOGOTA | AC27: BOGOTA | AD27: BOGOTA | AF27: =TEXT(L27,"mmmm") -> enero | AH27: GALAGRO SANTANDER NAL. | AI27: marzo | AJ27: Annuar Andrey Hoyos Muñoz | AK27: Evento Especial | AL27: 1
A28: 179849 | B28: Completado | C28: actividad eje cafetero | D28: 1407703 | E28: PLAGUEX SAS PLAGUEX DISTRIBUIDORA | F28: Día de campo | G28: Juana Andrea Moncaleano Sandoval | I28: CL 2E 2E 54 SC CHARCO / 52356 IPIALES / CO | J28: NARIÑO | K28: 46035.727 | L28: 46055 | M28: 46055.021 | N28: 46055.496 | O28: 46055.673 | Q28: GALAGRO EJE CAFETERO Y VALLE NORTE NAL. | R28: GALAGRO | S28: Juana Andrea Moncaleano Sandoval | T28: PLAGUEX SAS PLAGUEX DISTRIBUIDORA / CL 2E 2E 54 SC CHARCO / 52356 IPIALES / CO | Y28: 0 | AB28: CL 2E 2E 54 SC CHARCO / 52356 IPIALES | AC28: NARIÑO | AD28: IPIALES | AF28: =TEXT(L28,"mmmm") -> febrero | AH28: GALAGRO EJE CAFETERO Y VALLE NORTE NAL. | AI28: febrero | AJ28: Juan Pablo Valencia Carvajal | AK28: Evento Especial | AL28: 2
A29: 179885 | B29: Completado | C29: actividad eje cafetero | D29: 1407703 | E29: PLAGUEX SAS PLAGUEX DISTRIBUIDORA | F29: Día de campo | G29: Juana Andrea Moncaleano Sandoval | I29: CL 2E 2E 54 SC CHARCO / 52356 IPIALES / CO | J29: NARIÑO | K29: 46035.765 | L29: 46056 | M29: 46056.021 | N29: 46056.504 | O29: 46056.712 | Q29: GALAGRO EJE CAFETERO Y VALLE NORTE NAL. | R29: GALAGRO | S29: Juana Andrea Moncaleano Sandoval | T29: PLAGUEX SAS PLAGUEX DISTRIBUIDORA / CL 2E 2E 54 SC CHARCO / 52356 IPIALES / CO | Y29: 0 | AB29: CL 2E 2E 54 SC CHARCO / 52356 IPIALES | AC29: NARIÑO | AD29: IPIALES | AF29: =TEXT(L29,"mmmm") -> febrero | AH29: GALAGRO EJE CAFETERO Y VALLE NORTE NAL. | AI29: febrero | AJ29: Juana Andrea Moncaleano Sandoval | AK29: Día de campo | AL29: 2
A30: 183069 | B30: Completado | C30: Charla técnica | D30: 1571055 | E30: ROMAN PANTOJA LA JARDINERA | F30: Visita Formación | G30: Juan José Lagos Regalado | I30: Via a sapuyes / 52838 TUQUERRES / CO | J30: NARIÑO | K30: 46059.401 | L30: 46059.417 | M30: 46059.438 | N30: 46059.401 | O30: 46059.433 | P30: Se realizó capacitación a agricultores de la vereda la jardinera municipio de Tuquerres Nariño | Q30: GALAGRO NARIÑO NAL. | R30: GALAGRO | S30: Juan José Lagos Regalado | T30: ROMAN PANTOJA LA JARDINERA / Via a sapuyes / 52838 TUQUERRES / CO | W30: NUCLEO REKOLFOS X 4 LT#Aplicar 500 cc de producto en aspersión foliar Realizar aplicaciones consecutivas desde los tres meses y medio en adelante para mejorar calibre y calidad de la producción | Y30: 0 | AB30: Via a sapuyes / 52838 TUQUERRES | AC30: NARIÑO | AD30: TUQUERRES | AF30: =TEXT(L30,"mmmm") -> febrero | AH30: GALAGRO EJE CAFETERO Y VALLE NORTE NAL. | AI30: febrero | AJ30: César Augusto Escarria Reyes | AK30: Evento Especial | AL30: 1
A31: 183298 | B31: Completado | C31: Evento Camporigen y Uvio | D31: 1333192 | E31: PEREZ Y CARDONA S.A.S. TIERRAGRO MEDELLIN | F31: Evento Especial | G31: Katherine Bedoya Rodas | I31: CL 32 48 45 / 05001 MEDELLIN / CO | J31: ANTIOQUIA | K31: 46062.287 | L31: 46062.292 | M31: 46062.708 | N31: 46062.287 | O31: 46062.738 | Q31: GALAGRO OFICINA ANT. | R31: GALAGRO | S31: Katherine Bedoya Rodas | T31: PEREZ Y CARDONA S.A.S. TIERRAGRO MEDELLIN / CL 32 48 45 / 05001 MEDELLIN / CO | Y31: 0 | AB31: CL 32 48 45 / 05001 MEDELLIN | AC31: ANTIOQUIA | AD31: MEDELLIN | AF31: =TEXT(L31,"mmmm") -> febrero | AH31: GALAGRO EJE CAFETERO Y VALLE NORTE NAL. | AI31: febrero | AJ31: Sebastián Zapata Gutiérrez | AK31: Día de campo | AL31: 1
A32: 183224 | B32: Completado | C32: Gira técnica tomate | D32: 1400707 | E32: GALAGRO ANTIOQUIA GENERICO | F32: Evento Especial | G32: Juan David Rojas Rivera | I32: 05541 PEÑOL / CO | J32: ANTIOQUIA | K32: 46062.337 | L32: 46062.354 | M32: 46062.75 | N32: 46062.337 | O32: 46062.749 | Q32: GALAGRO ANTIOQUIA COORDINACIÓN | R32: GALAGRO | S32: Juan David Rojas Rivera | T32: GALAGRO ANTIOQUIA GENERICO / CO | Y32: 0 | AB32: CO | AC32: ANTIOQUIA | AD32: PEÑOL | AF32: =TEXT(L32,"mmmm") -> febrero | AH32: GALAGRO EJE CAFETERO Y VALLE NORTE NAL. | AI32: febrero | AJ32: Sebastián Zapata Gutiérrez | AK32: Evento Especial | AL32: 1
A33: 181938 | B33: Completado | C33: gira tecnica | D33: 1407703 | E33: PLAGUEX SAS PLAGUEX DISTRIBUIDORA | F33: Día de campo | G33: Tatiana Marcela Velasco Vasquez | I33: CL 2E 2E 54 SC CHARCO / 52356 IPIALES / CO | J33: NARIÑO | K33: 46051.714 | L33: 46055 | M33: 46057.021 | N33: 46056.316 | O33: 46062.812 | Q33: GALAGRO CAUCA NAL. | R33: GALAGRO | S33: Tatiana Marcela Velasco Vasquez | T33: PLAGUEX SAS PLAGUEX DISTRIBUIDORA / CL 2E 2E 54 SC CHARCO / 52356 IPIALES / CO | Y33: 0 | AB33: CL 2E 2E 54 SC CHARCO / 52356 IPIALES | AC33: NARIÑO | AD33: IPIALES | AF33: =TEXT(L33,"mmmm") -> febrero | AH33: GALAGRO NORTE ANT. | AI33: enero | AJ33: Miguel Andrés León Díaz | AK33: Evento Especial | AL33: 1
A34: 183738 | B34: Completado | C34: Gira tecnica Camporigen Uvio suroeste | D34: 1400707 | E34: GALAGRO ANTIOQUIA GENERICO | F34: Evento Especial | G34: Juan David Rojas Rivera | I34: 05541 PEÑOL / CO | J34: ANTIOQUIA | K34: 46063.717 | L34: 46063.333 | M34: 46063.792 | N34: 46063.717 | O34: 46063.717 | Q34: GALAGRO ANTIOQUIA COORDINACIÓN | R34: GALAGRO | S34: Juan David Rojas Rivera | T34: GALAGRO ANTIOQUIA GENERICO / CO | Y34: 0 | AB34: CO | AC34: ANTIOQUIA | AD34: PEÑOL | AF34: =TEXT(L34,"mmmm") -> febrero | AH34: GALAGRO NORTE ANT. | AI34: febrero | AJ34: Luisa Fernanda Quiceno Restrepo | AK34: Día de campo | AL34: 1
A35: 183753 | B35: Completado | C35: Visita Uvio a la zona | D35: 1400707 | E35: GALAGRO ANTIOQUIA GENERICO | F35: Día de campo | G35: Luisa Fernanda Quiceno Restrepo | I35: 05541 PEÑOL / CO | J35: ANTIOQUIA | K35: 46063.974 | L35: 46064.375 | M35: 46064.667 | N35: 46064.397 | O35: 46064.726 | Q35: GALAGRO NORTE ANT. | R35: GALAGRO | S35: Luisa Fernanda Quiceno Restrepo | T35: GALAGRO ANTIOQUIA GENERICO / CO | Y35: 0 | AB35: CO | AC35: ANTIOQUIA | AD35: PEÑOL | AF35: =TEXT(L35,"mmmm") -> febrero | AH35: GALAGRO OFICINA ANT. | AI35: febrero | AJ35: Katherine Bedoya Rodas | AK35: Evento Especial | AL35: 1
A36: 183882 | B36: Completado | C36: Gira tecnica Camporigen Uvio | D36: 1400707 | E36: GALAGRO ANTIOQUIA GENERICO | F36: Evento Especial | G36: Juan David Rojas Rivera | I36: 05541 PEÑOL / CO | J36: ANTIOQUIA | K36: 46064.647 | L36: 46064.333 | M36: 46064.75 | N36: 46064.684 | O36: 46065.299 | Q36: GALAGRO ANTIOQUIA COORDINACIÓN | R36: GALAGRO | S36: Juan David Rojas Rivera | T36: GALAGRO ANTIOQUIA GENERICO / CO | Y36: 0 | AB36: CO | AC36: ANTIOQUIA | AD36: PEÑOL | AF36: =TEXT(L36,"mmmm") -> febrero | AH36: GALAGRO ANTIOQUIA COORDINACIÓN | AI36: febrero | AJ36: Juan David Rojas Rivera | AK36: Evento Especial | AL36: 4
A37: 183791 | B37: Completado | C37: Charla veredal | D37: 1333030 | E37: DISTRIBUCIONES MUNDO AGRO ANTIOQUIA | F37: Evento Especial | G37: Edison Ferney Rivera Muñoz | I37: AV 26 B 34 50 / 05674 SAN VICENTE / CO | J37: ANTIOQUIA | K37: 46064.405 | L37: 46063.667 | M37: 46063.729 | N37: 46065.389 | O37: 46065.389 | Q37: PYC AGRÍCOLA ANT ORIENTE B | R37: PEREZ Y CARDONA | S37: Edison Ferney Rivera Muñoz | T37: DISTRIBUCIONES MUNDO AGRO ANTIOQUIA / AV 26 B 34 50 / 05674 SAN VICENTE / CO | Y37: 0 | AB37: AV 26 B 34 50 / 05674 SAN VICENTE | AC37: ANTIOQUIA | AD37: SAN VICENTE | AF37: =TEXT(L37,"mmmm") -> febrero | AH37: GALAGRO CAUCA NAL. | AI37: febrero | AJ37: Tatiana Marcela Velasco Vasquez | AK37: Día de campo | AL37: 1
A38: 184310 | B38: Completado | C38: Activación de marca nutra pro wallnes | D38: 1344761 | E38: PEREZ Y CARDONA S.A.S. TIERRAGRO BELLO | F38: Evento Especial | G38: Silvana Astrid Molina Pérez | I38: DG 50 A 38 20 / 05088 BELLO / CO | J38: ANTIOQUIA | K38: 46067.456 | L38: 46067.375 | M38: 46067.583 | N38: 46067.456 | O38: 46067.599 | Q38: PYC PECUARIA COORDINACIÓN | R38: PEREZ Y CARDONA | S38: Silvana Astrid Molina Pérez | T38: PEREZ Y CARDONA S.A.S. TIERRAGRO BELLO / DG 50 A 38 20 / 05088 BELLO / CO | Y38: 0 | AB38: DG 50 A 38 20 / 05088 BELLO | AC38: ANTIOQUIA | AD38: BELLO | AF38: =TEXT(L38,"mmmm") -> febrero | AH38: GALAGRO CAUCA NAL. | AI38: febrero | AJ38: Tatiana Marcela Velasco Vasquez | AK38: Evento Especial | AL38: 1
A39: 184105 | B39: Completado | C39: toma de almacén | D39: 1544730 | E39: Florentino fajardo El campesino | F39: Evento Especial | G39: Tatiana Marcela Velasco Vasquez | I39: 19698 SANTANDER DE QUILICHAO / CO | J39: CAUCA | K39: 46065.671 | L39: 46067 | M39: 46067.021 | N39: 46067.71 | O39: 46067.725 | P39: evento de mostrador especial en día de mercado | Q39: GALAGRO CAUCA NAL. | R39: GALAGRO | S39: Tatiana Marcela Velasco Vasquez | T39: Florentino fajardo El campesino / 19698 SANTANDER DE QUILICHAO / CO | W39: HIDROINICIO 13-40-13 X 1 KG#|HIDROFOLLAJE 30-10-10 X 1 KG#|AMINOPODER X 5 LT# | Y39: 0 | AB39: 19698 SANTANDER DE QUILICHAO | AC39: CAUCA | AD39: SANTANDER DE QUILICHAO | AF39: =TEXT(L39,"mmmm") -> febrero | AH39: PYC PECUARIA COORDINACIÓN | AI39: febrero | AJ39: Silvana Astrid Molina Pérez | AK39: Evento Especial | AL39: 2
A40: 183923 | B40: Completado | C40: Reunion organizacion feria alcaldia la plata | D40: 1339400 | E40: DISTRIBUCIONES ARAMA LTDA | F40: Evento Especial | G40: Andrea Sileny Pardo Pillimue | I40: PARQUE INDUSTRIAL PALEMO BG D16 KM / 41001 NEIVA / CO | J40: HUILA | K40: 46065.41 | L40: 46065.583 | M40: 46065.646 | N40: 46065.59 | O40: 46069.623 | Q40: GALAGRO HUILA NAL. | R40: GALAGRO | S40: Andrea Sileny Pardo Pillimue | T40: DISTRIBUCIONES ARAMA LTDA / PARQUE INDUSTRIAL PALEMO BG D16 KM / 41001 NEIVA / CO | Y40: 0 | AB40: PARQUE INDUSTRIAL PALEMO BG D16 KM / 41001 NEIVA | AC40: HUILA | AD40: NEIVA | AF40: =TEXT(L40,"mmmm") -> febrero | AH40: PYC PECUARIA COORDINACIÓN | AI40: febrero | AJ40: Manuela Valencia Patiño | AK40: Evento Especial | AL40: 2
A41: 184625 | B41: Completado | C41: Capacitacion fertipaez | D41: 1401434 | E41: AGRICOLA ANTIOQUIA GENERICO | F41: Visita Formación | G41: Carolina María Escobar Londoño | I41: VRD LAS LAJAS / 05615 RIONEGRO / CO | J41: ANTIOQUIA | K41: 46069.69 | L41: 46069.646 | M41: 46069.708 | N41: 46069.69 | O41: 46069.69 | Q41: PYC AGRÍCOLA ANT NORTE | R41: PEREZ Y CARDONA | S41: Carolina María Escobar Londoño | T41: AGRICOLA ANTIOQUIA GENERICO / VRD LAS LAJAS / 05615 RIONEGRO / CO | Y41: 0 | AB41: VRD LAS LAJAS / 05615 RIONEGRO | AC41: ANTIOQUIA | AD41: RIONEGRO | AF41: =TEXT(L41,"mmmm") -> febrero | AH41: PYC PECUARIA COORDINACIÓN | AI41: marzo | AJ41: Manuela Valencia Patiño | AK41: Evento Especial | AL41: 1
A42: 185079 | B42: Completado | C42: Capacitación compañia agricla la sierra | D42: 1354498 | E42: COMPAÑIA AGRICOLA DE LA SIERRA SUCU COMPAÑIA AGRICOLA DE LA SIERRA SUCU | F42: Día de campo | G42: Juan Felipe Botero Gómez | I42: KM 5 VIA CARACOLI FNC DE LOS CHILEN / 05670 SAN ROQUE / CO | J42: ANTIOQUIA | K42: 46072.341 | L42: 46072.375 | M42: 46072.5 | N42: 46072.397 | O42: 46072.518 | Q42: PYC AGRÍCOLA ANT VALLE ABURRÁ | R42: PEREZ Y CARDONA | S42: Juan Felipe Botero Gómez | T42: COMPAÑIA AGRICOLA DE LA SIERRA SUCU COMPAÑIA AGRICOLA DE LA SIERRA SUCU / KM 5 VIA CARACOLI FNC DE L | Y42: 0 | AB42: KM 5 VIA CARACOLI FNC DE L | AC42: ANTIOQUIA | AD42: SAN ROQUE | AF42: =TEXT(L42,"mmmm") -> febrero | AH42: GALAGRO HUILA NAL. | AI42: febrero | AJ42: Andrea Sileny Pardo Pillimue | AK42: Evento Especial | AL42: 1
A43: 185216 | B43: Completado | C43: Capacitación Sumitomo | D43: 1338162 | E43: FED COLOMBIANA DE PRODUCTORES DE PAPA FEDEPAPA | F43: Visita Formación | G43: Heidy Catalina Hernandez Restrepo | I43: DG 7 19 34 / 05756 SONSON / CO | J43: ANTIOQUIA | K43: 46072.594 | L43: 46072.417 | M43: 46072.583 | N43: 46072.594 | O43: 46072.594 | Q43: PYC AGRÍCOLA ANT ORIENTE A | R43: PEREZ Y CARDONA | S43: Heidy Catalina Hernandez Restrepo | T43: FED COLOMBIANA DE PRODUCTORES DE PAPA FEDEPAPA / DG 7 19 34 / 05756 SONSON / CO | Y43: 0 | AB43: DG 7 19 34 / 05756 SONSON | AC43: ANTIOQUIA | AD43: SONSON | AF43: =TEXT(L43,"mmmm") -> febrero | AH43: GALAGRO HUILA NAL. | AI43: marzo | AJ43: Andrea Sileny Pardo Pillimue | AK43: Día de campo | AL43: 1
A44: 185283 | B44: Completado | C44: EVENTO AGRIPAC | D44: 1332932 | E44: VELEZ RICO SANDRA MILENA AGRORICHE SAN CRISTOBAL | F44: Evento Especial | G44: Elizabeth Sanmartin Vasquez | I44: CL 63 129 A 8 SAN CRISTOBAL / 05001 MEDELLIN / CO | J44: ANTIOQUIA | K44: 46073.374 | L44: 46073.375 | M44: 46073.396 | N44: 46073.382 | O44: 46073.391 | Q44: PYC NORTE 2 PECUARIA | R44: PEREZ Y CARDONA | S44: Elizabeth Sanmartin Vasquez | T44: VELEZ RICO SANDRA MILENA AGRORICHE SAN CRISTOBAL / CL 63 129 A 8 SAN CRISTOBAL / 05001 MEDELLIN / CO | Y44: 0 | AB44: CL 63 129 A 8 SAN CRISTOBAL / 05001 MEDELLIN | AC44: ANTIOQUIA | AD44: MEDELLIN | AF44: =TEXT(L44,"mmmm") -> febrero | AH44: GALAGRO HUILA NAL. | AI44: marzo | AJ44: Andrea Sileny Pardo Pillimue | AK44: Evento Especial | AL44: 1
A45: 184213 | B45: Completado | C45: Capacitación sumitomo | D45: 1000 | E45: PEREZ Y CARDONA | F45: Evento Especial | G45: Fabian Rueda Rueda | I45: CO | K45: 46066.441 | L45: 46072.729 | M45: 46072.833 | N45: 46073.397 | O45: 46073.398 | P45: Evento y capacitación Municipio de Urrao con portafolio Sumitomo Objetivo dará a conocer el portafolio a los agrónomos de la zona | Q45: PYC AGRÍCOLA ANT SUROESTE | R45: PEREZ Y CARDONA | S45: Fabian Rueda Rueda | T45: PEREZ Y CARDONA / CO | Y45: 0 | AB45: CO | AF45: =TEXT(L45,"mmmm") -> febrero | AH45: GALAGRO ORIENTE B ANT. | AI45: febrero | AJ45: Brarlyn Steven Garcia Castro | AK45: Día de campo | AL45: 1
A46: 185176 | B46: Completado | C46: Visita de campo | D46: 1457056 | E46: OCAMPO RAMIREZ JOSE DOMINGO FINCA #158 | F46: Día de campo | G46: Brarlyn Steven Garcia Castro | I46: ALTO DEL MERCADO FINCA #158 / 05440 MARINILLA / CO | J46: ANTIOQUIA | K46: 46073.375 | L46: 46073.375 | M46: 46073.396 | N46: 46073.376 | O46: 46073.504 | Q46: GALAGRO ORIENTE B ANT. | R46: GALAGRO | S46: Brarlyn Steven Garcia Castro | T46: OCAMPO RAMIREZ JOSE DOMINGO FINCA #158 / ALTO DEL MERCADO FINCA #158 / 05440 MARINILLA / CO | Y46: 0 | AB46: ALTO DEL MERCADO FINCA #158 / 05440 MARINILLA | AC46: ANTIOQUIA | AD46: MARINILLA | AF46: =TEXT(L46,"mmmm") -> febrero | AH46: GALAGRO BAJO CAUCA ANT. | AI46: febrero | AJ46: Yeison Antonio Arenilla Diaz | AK46: Evento Especial | AL46: 1
A47: 185381 | B47: Completado | C47: Ventas | D47: 1332969 | E47: HERNANDEZ RUIZ WILSON DE JESUS FERROAGRO EL CAMPESINO | F47: Evento Especial | G47: Yeison Antonio Arenilla Diaz | I47: CR TRONCAL PUERTO VALDIVIA / 05854 VALDIVIA / CO | J47: ANTIOQUIA | K47: 46073.536 | L47: 46073.542 | M47: 46073.562 | N47: 46073.536 | O47: 46073.536 | Q47: GALAGRO BAJO CAUCA ANT. | R47: GALAGRO | S47: Yeison Antonio Arenilla Diaz | T47: HERNANDEZ RUIZ WILSON DE JESUS FERROAGRO EL CAMPESINO / CR TRONCAL PUERTO VALDIVIA / 05854 VALDIVIA | Y47: 0 | AB47: CR TRONCAL PUERTO VALDIVIA / 05854 VALDIVIA | AC47: ANTIOQUIA | AD47: VALDIVIA | AF47: =TEXT(L47,"mmmm") -> febrero | AH47: COLOMBIA - PYC | AI47: febrero | AJ47: Camila Rojas García | AK47: Evento Especial | AL47: 1
A48: 185331 | B48: Completado | C48: Capacitación tienda virtual | D48: 1333192 | E48: PEREZ Y CARDONA S.A.S. TIERRAGRO MEDELLIN | F48: Visita Formación | G48: Juan Felipe Botero Gómez | I48: CL 32 48 45 / 05001 MEDELLIN / CO | J48: ANTIOQUIA | K48: 46073.312 | L48: 46073.583 | M48: 46073.667 | N48: 46073.575 | O48: 46073.676 | Q48: PYC AGRÍCOLA ANT VALLE ABURRÁ | R48: PEREZ Y CARDONA | S48: Juan Felipe Botero Gómez | T48: PEREZ Y CARDONA S.A.S. TIERRAGRO MEDELLIN / CL 32 48 45 / 05001 MEDELLIN / CO | Y48: 0 | AB48: CL 32 48 45 / 05001 MEDELLIN | AC48: ANTIOQUIA | AD48: MEDELLIN | AF48: =TEXT(L48,"mmmm") -> febrero | AH48: PYC GUILLÉN ANTIOQUIA | AI48: febrero | AJ48: Leidy Astrid Restrepo Acevedo | AK48: Evento Especial | AL48: 2
A49: 185180 | B49: Completado | C49: Capacitación portafolio | D49: 1569573 | E49: Alexander Pantoja Agricola don Juan | F49: Visita Formación | G49: Juan José Lagos Regalado | I49: CALLE 2 A 17 ILES / 52352 ILES / CO | J49: NARIÑO | K49: 46073.729 | L49: 46073.771 | M49: 46073.833 | N49: 46073.754 | O49: 46073.884 | Q49: GALAGRO NARIÑO NAL. | R49: GALAGRO | S49: Juan José Lagos Regalado | T49: Alexander Pantoja Agricola don Juan / CALLE 2 A 17 ILES / 52352 ILES / CO | Y49: 0 | AB49: CALLE 2 A 17 ILES / 52352 ILES | AC49: NARIÑO | AD49: ILES | AF49: =TEXT(L49,"mmmm") -> febrero | AH49: PYC COMUNA 5 Y 11 PECUARIA | AI49: febrero | AJ49: Paola Andrea Jaramillo García | AK49: Evento Especial | AL49: 1
A50: 185473 | B50: Completado | C50: Toma de almacén tierragro medellin | D50: 1400278 | E50: PYC PECUARIA GENERICO | F50: Evento Especial | G50: Camila Rojas García | I50: 05001 MEDELLÍN / CO | J50: ANTIOQUIA | K50: 46074.421 | L50: 46074.375 | M50: 46074.583 | N50: 46074.421 | O50: 46074.591 | P50: Impulso tierragro medellín | Q50: COLOMBIA - PYC | R50: PEREZ Y CARDONA | S50: Camila Rojas García | T50: PYC PECUARIA GENERICO / 05001 MEDELLÍN / CO | Y50: 0 | AB50: 05001 MEDELLÍN | AC50: ANTIOQUIA | AD50: MEDELLÍN | AF50: =TEXT(L50,"mmmm") -> febrero | AH50: GALAGRO BOYACA NAL. | AI50: marzo | AJ50: Fredy Alberto Guzmán Daza | AK50: Evento Especial | AL50: 1
A51: 185446 | B51: Completado | C51: Toma de almacén tierragro medellin | D51: 1400278 | E51: PYC PECUARIA GENERICO | F51: Evento Especial | G51: Leidy Astrid Restrepo Acevedo | I51: 05001 MEDELLÍN / CO | J51: ANTIOQUIA | K51: 46074.415 | L51: 46074.375 | M51: 46074.604 | N51: 46074.415 | O51: 46074.599 | P51: Impulso tierragro medellin | Q51: PYC GUILLÉN ANTIOQUIA | R51: PEREZ Y CARDONA | S51: Leidy Astrid Restrepo Acevedo | T51: PYC PECUARIA GENERICO / 05001 MEDELLÍN / CO | Y51: 0 | AB51: 05001 MEDELLÍN | AC51: ANTIOQUIA | AD51: MEDELLÍN | AF51: =TEXT(L51,"mmmm") -> febrero | AH51: GALAGRO BOYACA NAL. | AI51: marzo | AJ51: Julio Andrés Cuspoca Martínez | AK51: Evento Especial | AL51: 1
A52: 184890 | B52: Completado | C52: Capacitación técnica sumitomo | D52: 1440827 | E52: LA BODEGA SALAZAR SAS | F52: Evento Especial | G52: Sara Ruíz Restrepo | I52: CL 30 28 72 / 05847 URRAO / CO | J52: ANTIOQUIA | K52: 46071.365 | L52: 46072.708 | M52: 46072.854 | N52: 46072.714 | O52: 46076.38 | Q52: PYC AGRÍCOLA ANT SUROESTE | R52: PEREZ Y CARDONA | S52: Sara Ruíz Restrepo | T52: LA BODEGA SALAZAR SAS / CL 30 28 72 / 05847 URRAO / CO | Y52: 0 | AB52: CL 30 28 72 / 05847 URRAO | AC52: ANTIOQUIA | AD52: URRAO | AF52: =TEXT(L52,"mmmm") -> febrero | AH52: GALAGRO META NAL. | AI52: marzo | AJ52: Juan David Rojas Rivera | AK52: Evento Especial | AL52: 4
A53: 184961 | B53: Completado | C53: Capacitación yara | D53: 1000 | E53: PEREZ Y CARDONA | F53: Visita Formación | G53: Sara Ruíz Restrepo | I53: CO | K53: 46071.366 | L53: 46073.375 | M53: 46073.5 | N53: 46076.381 | O53: 46076.381 | Q53: PYC AGRÍCOLA ANT SUROESTE | R53: PEREZ Y CARDONA | S53: Sara Ruíz Restrepo | T53: PEREZ Y CARDONA / CO | Y53: 0 | AB53: CO | AF53: =TEXT(L53,"mmmm") -> febrero | AH53: (en blanco) | AI53: (en blanco) | AJ53: (en blanco) | AK53: (en blanco)
A54: 184225 | B54: Completado | C54: Evento experiencia Tierragro Palmas | D54: 1340946 | E54: PEREZ Y CARDONA S.A.S. TIERRAGRO PALMAS | F54: Evento Especial | G54: Manuela Valencia Patiño | I54: KM 16 AV LAS PALMAS LC 29 MALL COMERCIAL LEMONT / 05266 ENVIGADO / CO | J54: ANTIOQUIA | K54: 46066.47 | L54: 46066.458 | M54: 46066.646 | N54: 46066.471 | O54: 46076.575 | Q54: PYC PECUARIA COORDINACIÓN | R54: PEREZ Y CARDONA | S54: Manuela Valencia Patiño | T54: PEREZ Y CARDONA S.A.S. TIERRAGRO PALMAS / KM 16 AV LAS PALMAS LC 29 MALL COMERCIAL LEMONT / 05266 EN | Y54: 0 | AB54: KM 16 AV LAS PALMAS LC 29 MALL COMERCIAL LEMONT / 05266 EN | AC54: ANTIOQUIA | AD54: ENVIGADO | AF54: =TEXT(L54,"mmmm") -> febrero | AH54: Total general | AL54: 84
A55: 184298 | B55: Completado | C55: Entrega de obsequios evento t bello | D55: 1344761 | E55: PEREZ Y CARDONA S.A.S. TIERRAGRO BELLO | F55: Evento Especial | G55: Manuela Valencia Patiño | I55: DG 50 A 38 20 / 05088 BELLO / CO | J55: ANTIOQUIA | K55: 46067.343 | L55: 46067.354 | M55: 46067.417 | N55: 46067.343 | O55: 46076.577 | Q55: PYC PECUARIA COORDINACIÓN | R55: PEREZ Y CARDONA | S55: Manuela Valencia Patiño | T55: PEREZ Y CARDONA S.A.S. TIERRAGRO BELLO / DG 50 A 38 20 / 05088 BELLO / CO | Y55: 0 | AB55: DG 50 A 38 20 / 05088 BELLO | AC55: ANTIOQUIA | AD55: BELLO | AF55: =TEXT(L55,"mmmm") -> febrero
A56: 185957 | B56: Completado | C56: Feria café Bucaramanga | D56: 1340587 | E56: DISTRIBUCIONES ARAMA LTDA | F56: Evento Especial | G56: Annuar Andrey Hoyos Muñoz | I56: CR 8 20 148 BG 10 / 68001 BUCARAMANGA / CO | J56: SANTANDER | K56: 46079.267 | L56: 46079.625 | M56: 46079.75 | N56: 46079.681 | O56: 46079.681 | Q56: GALAGRO SANTANDER NAL. | R56: GALAGRO | S56: Annuar Andrey Hoyos Muñoz | T56: DISTRIBUCIONES ARAMA LTDA / CR 8 20 148 BG 10 / 68001 BUCARAMANGA / CO | Y56: 0 | AB56: CR 8 20 148 BG 10 / 68001 BUCARAMANGA | AC56: SANTANDER | AD56: BUCARAMANGA | AF56: =TEXT(L56,"mmmm") -> febrero
A57: 186270 | B57: Completado | C57: Capacitación portafolio | D57: 1507835 | E57: LASSO JANETH AGROTODO LLORENTE | F57: Visita Formación | G57: Juan José Lagos Regalado | I57: CO | J57: NARIÑO | K57: 46079.619 | L57: 46079.708 | M57: 46079.812 | N57: 46079.735 | O57: 46079.911 | Q57: GALAGRO NARIÑO NAL. | R57: GALAGRO | S57: Juan José Lagos Regalado | T57: LASSO JANETH AGROTODO LLORENTE / CO | Y57: 0 | AB57: CO | AC57: NARIÑO | AF57: =TEXT(L57,"mmmm") -> febrero
A58: 186431 | B58: Completado | C58: Ensayo productos sumitomo para potrero | D58: 1578667 | E58: DUMAR HABIB JORGE ANTONIO | F58: Día de campo | G58: (Vacante) Jonathan De Jesús Salcedo Arango | I58: CL 41 14 80 / 23001 MONTERIA / CO | J58: CORDOBA | K58: 46080.46 | L58: 46080.354 | M58: 46080.542 | N58: 46080.461 | O58: 46080.533 | P58: Ensayo de productos tales como torch multi, control Black, nufuron, en parcelas demostrativas en la finca terranoba en cerete cordoba | Q58: PYC AGRÍCOLA ANT CÓRDOBA | R58: PEREZ Y CARDONA | S58: (Vacante) Jonathan De Jesús Salcedo Arango | T58: DUMAR HABIB JORGE ANTONIO / CL 41 14 80 / 23001 MONTERIA / CO | Y58: 0 | AB58: CL 41 14 80 / 23001 MONTERIA | AC58: CORDOBA | AD58: MONTERIA | AF58: =TEXT(L58,"mmmm") -> febrero
A59: 185958 | B59: Completado | C59: Feria café Bucaramanga | D59: 1340587 | E59: DISTRIBUCIONES ARAMA LTDA | F59: Evento Especial | G59: Annuar Andrey Hoyos Muñoz | I59: CR 8 20 148 BG 10 / 68001 BUCARAMANGA / CO | J59: SANTANDER | K59: 46079.269 | L59: 46080.333 | M59: 46080.792 | N59: 46080.432 | O59: 46080.73 | Q59: GALAGRO SANTANDER NAL. | R59: GALAGRO | S59: Annuar Andrey Hoyos Muñoz | T59: DISTRIBUCIONES ARAMA LTDA / CR 8 20 148 BG 10 / 68001 BUCARAMANGA / CO | Y59: 0 | AB59: CR 8 20 148 BG 10 / 68001 BUCARAMANGA | AC59: SANTANDER | AD59: BUCARAMANGA | AF59: =TEXT(L59,"mmmm") -> febrero
A60: 186539 | B60: Completado | C60: Aniversario | D60: 1574935 | E60: ANIMAL CHAMPION OFICIAL S.A.S. | F60: Evento Especial | G60: Silvana Astrid Molina Pérez | I60: CL 34 80 C 10 / 05001 MEDELLIN / CO | J60: ANTIOQUIA | K60: 46081.535 | L60: 46081.375 | M60: 46081.604 | N60: 46081.535 | O60: 46081.61 | Q60: PYC PECUARIA COORDINACIÓN | R60: PEREZ Y CARDONA | S60: Silvana Astrid Molina Pérez | T60: ANIMAL CHAMPION OFICIAL S.A.S. / CL 34 80 C 10 / 05001 MEDELLIN / CO | Y60: 0 | AB60: CL 34 80 C 10 / 05001 MEDELLIN | AC60: ANTIOQUIA | AD60: MEDELLIN | AF60: =TEXT(L60,"mmmm") -> febrero
A61: 185959 | B61: Completado | C61: Feria de Bucaramanga | D61: 1340587 | E61: DISTRIBUCIONES ARAMA LTDA | F61: Evento Especial | G61: Annuar Andrey Hoyos Muñoz | I61: CR 8 20 148 BG 10 / 68001 BUCARAMANGA / CO | J61: SANTANDER | K61: 46079.27 | L61: 46081.333 | M61: 46081.792 | N61: 46081.564 | O61: 46081.653 | Q61: GALAGRO SANTANDER NAL. | R61: GALAGRO | S61: Annuar Andrey Hoyos Muñoz | T61: DISTRIBUCIONES ARAMA LTDA / CR 8 20 148 BG 10 / 68001 BUCARAMANGA / CO | Y61: 0 | AB61: CR 8 20 148 BG 10 / 68001 BUCARAMANGA | AC61: SANTANDER | AD61: BUCARAMANGA | AF61: =TEXT(L61,"mmmm") -> febrero
A62: 186545 | B62: Completado | C62: Evento | D62: 1400278 | E62: PYC PECUARIA GENERICO | F62: Evento Especial | G62: Leidy Astrid Restrepo Acevedo | I62: 05001 MEDELLÍN / CO | J62: ANTIOQUIA | K62: 46081.471 | L62: 46081.417 | M62: 46081.667 | N62: 46081.471 | O62: 46081.656 | P62: Tierragro sabaneta | Q62: PYC GUILLÉN ANTIOQUIA | R62: PEREZ Y CARDONA | S62: Leidy Astrid Restrepo Acevedo | T62: PYC PECUARIA GENERICO / 05001 MEDELLÍN / CO | Y62: 0 | AB62: 05001 MEDELLÍN | AC62: ANTIOQUIA | AD62: MEDELLÍN | AF62: =TEXT(L62,"mmmm") -> febrero
A63: 186335 | B63: Completado | C63: Traslado de mercancia | D63: 1149361 | E63: REGIONAGRO SAS REGIONAGRO SAS | F63: Evento Especial | G63: Edison Ferney Rivera Muñoz | I63: CL 49 48 A 18 / 05318 GUARNE / CO | J63: ANTIOQUIA | K63: 46080.875 | L63: 46080.333 | M63: 46080.417 | N63: 46081.738 | O63: 46081.738 | Q63: PYC AGRÍCOLA ANT ORIENTE B | R63: PEREZ Y CARDONA | S63: Edison Ferney Rivera Muñoz | T63: REGIONAGRO SAS REGIONAGRO SAS / CL 49 48 A 18 / 05318 GUARNE / CO | Y63: 0 | AB63: CL 49 48 A 18 / 05318 GUARNE | AC63: ANTIOQUIA | AD63: GUARNE | AF63: =TEXT(L63,"mmmm") -> febrero
A64: 186486 | B64: Completado | C64: Aniversario | D64: 1574935 | E64: ANIMAL CHAMPION OFICIAL S.A.S. | F64: Evento Especial | G64: Paola Andrea Jaramillo García | I64: CL 34 80 C 10 / 05001 MEDELLIN / CO | J64: ANTIOQUIA | K64: 46081.411 | L64: 46081.375 | M64: 46081.667 | N64: 46081.411 | O64: 46081.832 | Q64: PYC COMUNA 5 Y 11 PECUARIA | R64: PEREZ Y CARDONA | S64: Paola Andrea Jaramillo García | T64: ANIMAL CHAMPION OFICIAL S.A.S. / CL 34 80 C 10 / 05001 MEDELLIN / CO | Y64: 0 | AB64: CL 34 80 C 10 / 05001 MEDELLIN | AC64: ANTIOQUIA | AD64: MEDELLIN | AF64: =TEXT(L64,"mmmm") -> febrero
A65: 185960 | B65: Completado | C65: Feria de café Bucaramanga | D65: 1340587 | E65: DISTRIBUCIONES ARAMA LTDA | F65: Evento Especial | G65: Annuar Andrey Hoyos Muñoz | I65: CR 8 20 148 BG 10 / 68001 BUCARAMANGA / CO | J65: SANTANDER | K65: 46079.271 | L65: 46082.375 | M65: 46082.792 | N65: 46082.35 | O65: 46082.697 | Q65: GALAGRO SANTANDER NAL. | R65: GALAGRO | S65: Annuar Andrey Hoyos Muñoz | T65: DISTRIBUCIONES ARAMA LTDA / CR 8 20 148 BG 10 / 68001 BUCARAMANGA / CO | W65: HIDROKOFI 25-4-24 X 25 KG#Recomendación de hidrokofi en la feria con clientes en el departamento de Santander con mayor afluencia de agricultores de Sur de Santander | Y65: 0 | AB65: CR 8 20 148 BG 10 / 68001 BUCARAMANGA | AC65: SANTANDER | AD65: BUCARAMANGA | AF65: =TEXT(L65,"mmmm") -> marzo
A66: 186631 | B66: Completado | C66: Feria agricola villa losasa | D66: 1339400 | E66: DISTRIBUCIONES ARAMA LTDA | F66: Evento Especial | G66: Andrea Sileny Pardo Pillimue | I66: PARQUE INDUSTRIAL PALEMO BG D16 KM / 41001 NEIVA / CO | J66: HUILA | K66: 46082.339 | L66: 46082.354 | M66: 46082.5 | N66: 46082.339 | O66: 46083.914 | Q66: GALAGRO HUILA NAL. | R66: GALAGRO | S66: Andrea Sileny Pardo Pillimue | T66: DISTRIBUCIONES ARAMA LTDA / PARQUE INDUSTRIAL PALEMO BG D16 KM / 41001 NEIVA / CO | Y66: 0 | AB66: PARQUE INDUSTRIAL PALEMO BG D16 KM / 41001 NEIVA | AC66: HUILA | AD66: NEIVA | AF66: =TEXT(L66,"mmmm") -> marzo
A67: 186785 | B67: Completado | C67: Capacitación técnicos secretaría agricultura de Envigado | D67: 1400707 | E67: GALAGRO ANTIOQUIA GENERICO | F67: Visita Formación | G67: Juan David Rojas Rivera | I67: 05541 PEÑOL / CO | J67: ANTIOQUIA | K67: 46084.346 | L67: 46084.542 | M67: 46084.688 | N67: 46084.614 | O67: 46084.718 | Q67: GALAGRO ANTIOQUIA COORDINACIÓN | R67: GALAGRO | S67: Juan David Rojas Rivera | T67: GALAGRO ANTIOQUIA GENERICO / 05541 PEÑOL / CO | Y67: 0 | AB67: 05541 PEÑOL | AC67: ANTIOQUIA | AD67: PEÑOL | AF67: =TEXT(L67,"mmmm") -> marzo
A68: 187007 | B68: Completado | C68: Ver estado de la finca despues de la inundación | D68: 1581734 | E68: Juan Camilo Garcia Anaya La Gloria | F68: Día de campo | G68: (Vacante) Jonathan De Jesús Salcedo Arango | I68: CO | K68: 46085.335 | L68: 46085.333 | M68: 46085.417 | N68: 46085.335 | O68: 46085.368 | Q68: PYC AGRÍCOLA ANT CÓRDOBA | R68: PEREZ Y CARDONA | S68: (Vacante) Jonathan De Jesús Salcedo Arango | T68: Juan Camilo Garcia Anaya La Gloria / CO | Y68: 0 | AB68: CO | AF68: =TEXT(L68,"mmmm") -> marzo
A69: 187131 | B69: Completado | C69: Visita a la finca de un posible cliente | D69: 1401434 | E69: AGRICOLA ANTIOQUIA GENERICO | F69: Día de campo | G69: (Vacante) Jonathan De Jesús Salcedo Arango | I69: VRD LAS LAJAS / 05615 RIONEGRO / CO | J69: ANTIOQUIA | K69: 46085.468 | L69: 46085.458 | M69: 46085.521 | N69: 46085.468 | O69: 46085.493 | P69: Visita a la finca de Miguel Ardila, observamos las malezas y el estado de la finca para experimentar y hacer muestras del producto de sumitomo en potreros | Q69: PYC AGRÍCOLA ANT CÓRDOBA | R69: PEREZ Y CARDONA | S69: (Vacante) Jonathan De Jesús Salcedo Arango | T69: AGRICOLA ANTIOQUIA GENERICO / VRD LAS LAJAS / 05615 RIONEGRO / CO | Y69: 0 | AB69: VRD LAS LAJAS / 05615 RIONEGRO | AC69: ANTIOQUIA | AD69: RIONEGRO | AF69: =TEXT(L69,"mmmm") -> marzo
A70: 187081 | B70: Completado | C70: Capacitación nuevo promotor plaguex ipiales | D70: 1400070 | E70: GALAGRO NACIONAL GENERICO | F70: Visita Formación | G70: Angie Cristina Rodríguez Muñoz | I70: 41551 PITALITO / CO | J70: HUILA | K70: 46084.887 | L70: 46085.458 | M70: 46085.562 | N70: 46085.444 | O70: 46085.502 | Q70: GALAGRO NARIÑO NAL. | R70: GALAGRO | S70: Angie Cristina Rodríguez Muñoz | T70: GALAGRO NACIONAL GENERICO / 41551 PITALITO / CO | Y70: 0 | AB70: 41551 PITALITO | AC70: HUILA | AD70: PITALITO | AF70: =TEXT(L70,"mmmm") -> marzo
A71: 187234 | B71: Completado | C71: Conocer qhe malezas tiene la finca y el estado | D71: 1577450 | E71: Claudia Anaya Providencia | F71: Día de campo | G71: (Vacante) Jonathan De Jesús Salcedo Arango | I71: CO | K71: 46085.752 | L71: 46085.562 | M71: 46085.708 | N71: 46085.752 | O71: 46085.753 | P71: Se fue a la finca y se hizo un recorrido por los potreros, se observaron el estado de los potreros y tipos de malezas | Q71: PYC AGRÍCOLA ANT CÓRDOBA | R71: PEREZ Y CARDONA | S71: (Vacante) Jonathan De Jesús Salcedo Arango | T71: Claudia Anaya Providencia / CO | Y71: 0 | AB71: CO | AF71: =TEXT(L71,"mmmm") -> marzo
A72: 186598 | B72: Completado | C72: Participacion en charla técnica grupo de productores del municipio de Briceño Boyacá, referidos asistente técnico Ingeniero CAMILO ORTIZ | D72: 1582331 | E72: CAMILO ORTIZ NARANJITOS | F72: Evento Especial | G72: Fredy Alberto Guzmán Daza | I72: VEREDA MORAY / 15106 BRICENO / CO | J72: BOYACA | K72: 46081.788 | L72: 46087.375 | M72: 46087.521 | N72: 46087.454 | O72: 46087.619 | P72: Charla técnica con productores de guanabana de la vereda MORAY municipio de Briceño Boyacá. Se adjunta fotografía lista de asistencia. | Q72: GALAGRO BOYACA NAL. | R72: GALAGRO | S72: Fredy Alberto Guzmán Daza | T72: CAMILO ORTIZ NARANJITOS / CO | Y72: 0 | AB72: CO | AC72: BOYACA | AD72: BRICENO | AF72: =TEXT(L72,"mmmm") -> marzo
A73: 187681 | B73: Completado | C73: Asamblea general | D73: 1333635 | E73: COOPERATIVA AGROMULTIACTIVA SAN BARTOLO COMSAB | F73: Evento Especial | G73: (vacante) Alex García Moncada | I73: DG 53 53 47 / 05034 ANDES / CO | J73: ANTIOQUIA | K73: 46088.43 | L73: 46088.333 | M73: 46088.5 | N73: 46088.431 | O73: 46088.715 | Q73: PYC AGRÍCOLA ANT SUROESTE | R73: PEREZ Y CARDONA | S73: (vacante) Alex García Moncada | T73: COOPERATIVA AGROMULTIACTIVA SAN BARTOLO COMSAB / DG 53 53 47 / 05034 ANDES / CO | Y73: 0 | AB73: DG 53 53 47 / 05034 ANDES | AC73: ANTIOQUIA | AD73: ANDES | AF73: =TEXT(L73,"mmmm") -> marzo
A74: 187685 | B74: Completado | C74: Visita a la finca la gloria | D74: 1581734 | E74: Juan Camilo Garcia Anaya La Gloria | F74: Día de campo | G74: (Vacante) Jonathan De Jesús Salcedo Arango | I74: CO | K74: 46090.394 | L74: 46090.417 | M74: 46090.583 | N74: 46090.521 | O74: 46090.59 | P74: Se converso con el sr Juan García, se le recomendó la aplicación de foliar para ayudar al pasto con el estrés y a crecer más rápido, quedamos de ir de nuevo a medir los lotes a los cuales se van a trabajar | Q74: PYC AGRÍCOLA ANT CÓRDOBA | R74: PEREZ Y CARDONA | S74: (Vacante) Jonathan De Jesús Salcedo Arango | T74: Juan Camilo Garcia Anaya La Gloria / CO | Y74: 0 | AB74: CO | AF74: =TEXT(L74,"mmmm") -> marzo
A75: 187686 | B75: Completado | C75: Actividad secretaria envigado | D75: 1400070 | E75: GALAGRO NACIONAL GENERICO | F75: Evento Especial | G75: Juan David Rojas Rivera | I75: 41551 PITALITO / CO | J75: HUILA | K75: 46090.394 | L75: 46090.396 | M75: 46090.75 | N75: 46090.394 | O75: 46090.782 | Q75: GALAGRO NACIONAL COORDINACIÓN | R75: GALAGRO | S75: Juan David Rojas Rivera | T75: GALAGRO NACIONAL GENERICO / 41551 PITALITO / CO | Y75: 0 | AB75: 41551 PITALITO | AC75: HUILA | AD75: PITALITO | AF75: =TEXT(L75,"mmmm") -> marzo
A76: 188121 | B76: Completado | C76: Reconocimiento y evaluacion de la finca | D76: 1583091 | E76: Multiservicios del campo JE SAS Finca Janne | F76: Día de campo | G76: (Vacante) Jonathan De Jesús Salcedo Arango | I76: CO | K76: 46091.555 | L76: 46091.333 | M76: 46091.521 | N76: 46091.556 | O76: 46091.559 | P76: Se conoció el lugar exacto de la finca, la finca es nueva, la están limpiando, hay malezas grandes, hay que hacerle una labor de toconeo y otra de fumigacion, se estima hacer un ensayo para que el cliente vea los productos y hablar sobre si trabajamos juntos | Q76: PYC AGRÍCOLA ANT CÓRDOBA | R76: PEREZ Y CARDONA | S76: (Vacante) Jonathan De Jesús Salcedo Arango | T76: Multiservicios del campo JE SAS Finca Janne / CO | Y76: 0 | AB76: CO | AF76: =TEXT(L76,"mmmm") -> marzo
A77: 188173 | B77: Completado | C77: Ensayar torch multi y control black | D77: 1583091 | E77: Multiservicios del campo JE SAS Finca Janne | F77: Día de campo | G77: (Vacante) Jonathan De Jesús Salcedo Arango | I77: CO | K77: 46091.817 | L77: 46092.312 | M77: 46092.562 | N77: 46092.334 | O77: 46092.564 | P77: Se hicieron dos tratamientos, uno con torch milti más nufuron a 120cc y otro con control Black a 200cc | Q77: PYC AGRÍCOLA ANT CÓRDOBA | R77: PEREZ Y CARDONA | S77: (Vacante) Jonathan De Jesús Salcedo Arango | T77: Multiservicios del campo JE SAS Finca Janne / CO | Y77: 0 | AB77: CO | AF77: =TEXT(L77,"mmmm") -> marzo
A78: 188269 | B78: Completado | C78: Capacitacion tecnica | D78: 1524701 | E78: SISTREL AGROPECUARIA SAS | F78: Evento Especial | G78: Jairo Jesús Morales Doria | I78: CL 21 3 15 / 05154 CAUCASIA / CO | J78: ANTIOQUIA | K78: 46092.748 | L78: 46092.333 | M78: 46092.75 | N78: 46092.748 | O78: 46092.748 | Q78: PYC AGRÍCOLA ANT CÓRDOBA | R78: PEREZ Y CARDONA | S78: Jairo Jesús Morales Doria | T78: SISTREL AGROPECUARIA SAS / CL 21 3 15 / 05154 CAUCASIA / CO | Y78: 0 | AB78: CL 21 3 15 / 05154 CAUCASIA | AC78: ANTIOQUIA | AD78: CAUCASIA | AF78: =TEXT(L78,"mmmm") -> marzo
A79: 188049 | B79: Completado | C79: Actividades productores de café Nariño | D79: 1472653 | E79: PLAGUEX SAS | F79: Visita Formación | G79: Juan David Rojas Rivera | I79: CL 15 12 37 / 52001 PASTO / CO | J79: NARIÑO | K79: 46092.184 | L79: 46093.292 | M79: 46093.833 | N79: 46093.493 | O79: 46094.272 | Q79: GALAGRO NARIÑO NAL. | R79: GALAGRO | S79: Juan David Rojas Rivera | T79: PLAGUEX SAS / CL 15 12 37 / 52001 PASTO / CO | Y79: 0 | AB79: CL 15 12 37 / 52001 PASTO | AC79: NARIÑO | AD79: PASTO | AF79: =TEXT(L79,"mmmm") -> marzo
A80: 188308 | B80: Completado | C80: Entrega de productos y aplicación | D80: 1581734 | E80: Juan Camilo Garcia Anaya La Gloria | F80: Día de campo | G80: (Vacante) Jonathan De Jesús Salcedo Arango | I80: CO | K80: 46094.391 | L80: 46094.417 | M80: 46094.625 | N80: 46094.455 | O80: 46094.562 | Q80: PYC AGRÍCOLA ANT CÓRDOBA | R80: PEREZ Y CARDONA | S80: (Vacante) Jonathan De Jesús Salcedo Arango | T80: Juan Camilo Garcia Anaya La Gloria / CO | Y80: 0 | AB80: CO | AF80: =TEXT(L80,"mmmm") -> marzo
A81: 188050 | B81: Completado | C81: Actividades productores de café Nariño | D81: 1472653 | E81: PLAGUEX SAS | F81: Visita Formación | G81: Juan David Rojas Rivera | I81: CL 15 12 37 / 52001 PASTO / CO | J81: NARIÑO | K81: 46092.185 | L81: 46094.333 | M81: 46094.771 | N81: 46094.272 | O81: 46094.59 | Q81: GALAGRO NARIÑO NAL. | R81: GALAGRO | S81: Juan David Rojas Rivera | T81: PLAGUEX SAS / CL 15 12 37 / 52001 PASTO / CO | Y81: 0 | AB81: CL 15 12 37 / 52001 PASTO | AC81: NARIÑO | AD81: PASTO | AF81: =TEXT(L81,"mmmm") -> marzo
A82: 188618 | B82: Completado | C82: Capacitación tienda virtual Tierragro | D82: 1333192 | E82: PEREZ Y CARDONA S.A.S. TIERRAGRO MEDELLIN | F82: Visita Formación | G82: Juan Felipe Botero Gómez | I82: CL 32 48 45 / 05001 MEDELLIN / CO | J82: ANTIOQUIA | K82: 46094.322 | L82: 46094.583 | M82: 46094.667 | N82: 46094.586 | O82: 46094.671 | Q82: PYC AGRÍCOLA ANT VALLE ABURRÁ | R82: PEREZ Y CARDONA | S82: Juan Felipe Botero Gómez | T82: PEREZ Y CARDONA S.A.S. TIERRAGRO MEDELLIN / CL 32 48 45 / 05001 MEDELLIN / CO | Y82: 0 | AB82: CL 32 48 45 / 05001 MEDELLIN | AC82: ANTIOQUIA | AD82: MEDELLIN | AF82: =TEXT(L82,"mmmm") -> marzo
A83: 187710 | B83: Completado | C83: Día de campo Caficultores | D83: 1339400 | E83: DISTRIBUCIONES ARAMA LTDA | F83: Día de campo | G83: Andrea Sileny Pardo Pillimue | I83: PARQUE INDUSTRIAL PALEMO BG D16 KM / 41001 NEIVA / CO | J83: HUILA | K83: 46090.197 | L83: 46094.375 | M83: 46094.5 | N83: 46094.534 | O83: 46094.879 | Q83: GALAGRO HUILA NAL. | R83: GALAGRO | S83: Andrea Sileny Pardo Pillimue | T83: DISTRIBUCIONES ARAMA LTDA / PARQUE INDUSTRIAL PALEMO BG D16 KM / 41001 NEIVA / CO | Y83: 0 | AB83: PARQUE INDUSTRIAL PALEMO BG D16 KM / 41001 NEIVA | AC83: HUILA | AD83: NEIVA | AF83: =TEXT(L83,"mmmm") -> marzo
A84: 188827 | B84: Completado | C84: Aplicacion de Bingo,Gibgro y GoUpMicro | D84: 1581734 | E84: Juan Camilo Garcia Anaya La Gloria | F84: Día de campo | G84: (Vacante) Jonathan De Jesús Salcedo Arango | I84: CO | K84: 46095.36 | L84: 46095.292 | M84: 46095.521 | N84: 46095.36 | O84: 46095.508 | P84: Se hizo una aplicación de estos 3 productos ya que había una gran incidencia de gusanos y también buscamos ayudar a crecer el pasto, de alcanzó a fumigar al rededor de 1 hectárea ya que hoy no contaban con suficientes bombas | Q84: PYC AGRÍCOLA ANT CÓRDOBA | R84: PEREZ Y CARDONA | S84: (Vacante) Jonathan De Jesús Salcedo Arango | T84: Juan Camilo Garcia Anaya La Gloria / CO | Y84: 0 | AB84: CO | AF84: =TEXT(L84,"mmmm") -> marzo
A85: 188991 | B85: Completado | C85: Fumigacion de Bingo,GiBro | D85: 1581734 | E85: Juan Camilo Garcia Anaya La Gloria | F85: Día de campo | G85: (Vacante) Jonathan De Jesús Salcedo Arango | I85: CO | K85: 46097.36 | L85: 46097.333 | M85: 46097.583 | N85: 46097.36 | O85: 46097.586 | Q85: PYC AGRÍCOLA ANT CÓRDOBA | R85: PEREZ Y CARDONA | S85: (Vacante) Jonathan De Jesús Salcedo Arango | T85: Juan Camilo Garcia Anaya La Gloria / CO | Y85: 0 | AB85: CO | AF85: =TEXT(L85,"mmmm") -> marzo
A86: 189006 | B86: Completado | C86: Gira técnica Meta | D86: 1425648 | E86: AGROEXPORT DE COLOMBIA SAS | F86: Evento Especial | G86: Juan David Rojas Rivera | I86: CR 23 5 54 / 50001 VILLAVICENCIO / CO | J86: META | K86: 46097.461 | L86: 46097.479 | M86: 46097.771 | N86: 46097.461 | O86: 46097.796 | Q86: GALAGRO META NAL. | R86: GALAGRO | S86: Juan David Rojas Rivera | T86: AGROEXPORT DE COLOMBIA SAS / CR 23 5 54 / 50001 VILLAVICENCIO / CO | Y86: 0 | AB86: CR 23 5 54 / 50001 VILLAVICENCIO | AC86: META | AD86: VILLAVICENCIO | AF86: =TEXT(L86,"mmmm") -> marzo
A87: 189212 | B87: Completado | C87: Evalacion del producto utilizado y vista de finca | D87: 1577450 | E87: Claudia Anaya Providencia | F87: Día de campo | G87: (Vacante) Jonathan De Jesús Salcedo Arango | I87: CO | K87: 46098.361 | L87: 46098.333 | M87: 46098.667 | N87: 46098.361 | O87: 46098.689 | P87: Se va a evaluar la aplicación de matrero en toconeo y se va a mirar el estado de la finca y que se puede recomendar | Q87: PYC AGRÍCOLA ANT CÓRDOBA | R87: PEREZ Y CARDONA | S87: (Vacante) Jonathan De Jesús Salcedo Arango | T87: Claudia Anaya Providencia / CO | Y87: 0 | AB87: CO | AF87: =TEXT(L87,"mmmm") -> marzo
A88: 189008 | B88: Completado | C88: Gira técnica Meta .. Palma , semestrales , plátano | D88: 1425648 | E88: AGROEXPORT DE COLOMBIA SAS | F88: Evento Especial | G88: Juan David Rojas Rivera | I88: CR 23 5 54 / 50001 VILLAVICENCIO / CO | J88: META | K88: 46097.463 | L88: 46098.292 | M88: 46098.854 | N88: 46098.328 | O88: 46098.835 | Q88: GALAGRO META NAL. | R88: GALAGRO | S88: Juan David Rojas Rivera | T88: AGROEXPORT DE COLOMBIA SAS / CR 23 5 54 / 50001 VILLAVICENCIO / CO | Y88: 0 | AB88: CR 23 5 54 / 50001 VILLAVICENCIO | AC88: META | AD88: VILLAVICENCIO | AF88: =TEXT(L88,"mmmm") -> marzo
A89: 189370 | B89: Completado | C89: Capacitación de portafolio empresa de drones | D89: 1400056 | E89: CLAUDIA SARMIENTO LA ESQUINA DEL CAMPO SOCORRO | F89: Visita Formación | G89: Annuar Andrey Hoyos Muñoz | I89: 68755 SOCORRO / CO | J89: SANTANDER | K89: 46099.393 | L89: 46099.396 | M89: 46099.458 | N89: 46099.394 | O89: 46099.459 | Q89: GALAGRO SANTANDER NAL. | R89: GALAGRO | S89: Annuar Andrey Hoyos Muñoz | T89: CLAUDIA SARMIENTO LA ESQUINA DEL CAMPO SOCORRO / 68755 SOCORRO / CO | Y89: 0 | AB89: 68755 SOCORRO | AC89: SANTANDER | AD89: SOCORRO | AF89: =TEXT(L89,"mmmm") -> marzo
A90: 189372 | B90: Completado | C90: Preparacion de los productos | D90: 1581734 | E90: Juan Camilo Garcia Anaya La Gloria | F90: Día de campo | G90: (Vacante) Jonathan De Jesús Salcedo Arango | I90: CO | K90: 46099.32 | L90: 46099.312 | M90: 46099.521 | N90: 46099.32 | O90: 46099.505 | P90: Preparación de bingo y GiBro para la fumigacion foliar, y acompaña la fumigacion | Q90: PYC AGRÍCOLA ANT CÓRDOBA | R90: PEREZ Y CARDONA | S90: (Vacante) Jonathan De Jesús Salcedo Arango | T90: Juan Camilo Garcia Anaya La Gloria / CO | Y90: 0 | AB90: CO | AF90: =TEXT(L90,"mmmm") -> marzo
A91: 189325 | B91: Completado | C91: Asamblea colanta | D91: 1339061 | E91: COOPERATIVA COLANTA COOPERATIVA COLANTA | F91: Evento Especial | G91: Juan Felipe Botero Gómez | I91: CENTRAL GANADERA LOCAL 202 B 202 C / 05001 MEDELLIN / CO | J91: ANTIOQUIA | K91: 46099.33 | L91: 46099.271 | M91: 46099.708 | N91: 46099.33 | O91: 46099.655 | Q91: PYC AGRÍCOLA ANT VALLE ABURRÁ | R91: PEREZ Y CARDONA | S91: Juan Felipe Botero Gómez | T91: COOPERATIVA COLANTA COOPERATIVA COLANTA / CENTRAL GANADERA LOCAL 202 B 202 C / 05001 MEDELLIN / CO | Y91: 0 | AB91: CENTRAL GANADERA LOCAL 202 B 202 C / 05001 MEDELLIN | AC91: ANTIOQUIA | AD91: MEDELLIN | AF91: =TEXT(L91,"mmmm") -> marzo
A92: 189051 | B92: Completado | C92: Gira técnica Meta . Sandía Yuca | D92: 1425648 | E92: AGROEXPORT DE COLOMBIA SAS | F92: Evento Especial | G92: Juan David Rojas Rivera | I92: CR 23 5 54 / 50001 VILLAVICENCIO / CO | J92: META | K92: 46097.468 | L92: 46099.25 | M92: 46099.833 | N92: 46099.342 | O92: 46099.824 | Q92: GALAGRO META NAL. | R92: GALAGRO | S92: Juan David Rojas Rivera | T92: AGROEXPORT DE COLOMBIA SAS / CR 23 5 54 / 50001 VILLAVICENCIO / CO | Y92: 0 | AB92: CR 23 5 54 / 50001 VILLAVICENCIO | AC92: META | AD92: VILLAVICENCIO | AF92: =TEXT(L92,"mmmm") -> marzo
A93: 189617 | B93: Completado | C93: Tips de venta beltanol pdv tierragro y poblaciones | D93: 1338139 | E93: PEREZ Y CARDONA S.A.S. TIERRAGRO SABANETA | F93: Visita Formación | G93: Juan Felipe Botero Gómez | I93: CR 48 60 SUR 68 P2 / 05631 SABANETA / CO | J93: ANTIOQUIA | K93: 46100.571 | L93: 46100.562 | M93: 46100.583 | N93: 46100.571 | O93: 46100.589 | Q93: PYC AGRÍCOLA ANT VALLE ABURRÁ | R93: PEREZ Y CARDONA | S93: Juan Felipe Botero Gómez | T93: PEREZ Y CARDONA S.A.S. TIERRAGRO SABANETA / CR 48 60 SUR 68 P2 / 05631 SABANETA / CO | Y93: 0 | AB93: CR 48 60 SUR 68 P2 / 05631 SABANETA | AC93: ANTIOQUIA | AD93: SABANETA | AF93: =TEXT(L93,"mmmm") -> marzo
A94: 189010 | B94: Completado | C94: Gira técnica Meta . Aguacate | D94: 1425648 | E94: AGROEXPORT DE COLOMBIA SAS | F94: Evento Especial | G94: Juan David Rojas Rivera | I94: CR 23 5 54 / 50001 VILLAVICENCIO / CO | J94: META | K94: 46097.468 | L94: 46100.25 | M94: 46100.833 | N94: 46100.218 | O94: 46100.761 | Q94: GALAGRO META NAL. | R94: GALAGRO | S94: Juan David Rojas Rivera | T94: AGROEXPORT DE COLOMBIA SAS / CR 23 5 54 / 50001 VILLAVICENCIO / CO | Y94: 0 | AB94: CR 23 5 54 / 50001 VILLAVICENCIO | AC94: META | AD94: VILLAVICENCIO | AF94: =TEXT(L94,"mmmm") -> marzo
A95: 188819 | B95: Completado | C95: Asamblea general de caficultores | D95: 1333016 | E95: COOPERATIVA DE CAFICULTORES DE SALGAR | F95: Evento Especial | G95: Sara Ruíz Restrepo | I95: CL 30 28 69 ED CAFE / 05642 SALGAR / CO | J95: ANTIOQUIA | K95: 46095.422 | L95: 46100.333 | M95: 46100.583 | N95: 46100.419 | O95: 46100.763 | Q95: PYC AGRÍCOLA ANT SUROESTE | R95: PEREZ Y CARDONA | S95: Sara Ruíz Restrepo | T95: COOPERATIVA DE CAFICULTORES DE SALGAR / CL 30 28 69 ED CAFE / 05642 SALGAR / CO | Y95: 0 | AB95: CL 30 28 69 ED CAFE / 05642 SALGAR | AC95: ANTIOQUIA | AD95: SALGAR | AF95: =TEXT(L95,"mmmm") -> marzo
A96: 188642 | B96: Completado | C96: Charla técnica | D96: 1472002 | E96: JUAN CARLOS GALLON ANGEL FINCA LA CRUZ | F96: Evento Especial | G96: (vacante) Alex García Moncada | I96: VRD LA CASIANA, CERCA A LA FINCA LA CASIANA / 05364 JARDIN / CO | J96: ANTIOQUIA | K96: 46093.914 | L96: 46100.708 | M96: 46100.812 | N96: 46101.497 | O96: 46101.497 | Q96: PYC AGRÍCOLA ANT SUROESTE | R96: PEREZ Y CARDONA | S96: (vacante) Alex García Moncada | T96: JUAN CARLOS GALLON ANGEL FINCA LA CRUZ / VRD LA CASIANA, CERCA A LA FINCA LA CASIANA / 05364 JARDIN | Y96: 0 | AB96: VRD LA CASIANA, CERCA A LA FINCA LA CASIANA / 05364 JARDIN | AC96: ANTIOQUIA | AD96: JARDIN | AF96: =TEXT(L96,"mmmm") -> marzo
A97: 189707 | B97: Completado | C97: Capacitacion agripac T palmas | D97: 1340946 | E97: PEREZ Y CARDONA S.A.S. TIERRAGRO PALMAS | F97: Visita Formación | G97: Manuela Valencia Patiño | I97: KM 16 AV LAS PALMAS LC 29 MALL COMERCIAL LEMONT / 05266 ENVIGADO / CO | J97: ANTIOQUIA | K97: 46101.473 | L97: 46101.479 | M97: 46101.521 | N97: 46101.473 | O97: 46101.562 | Q97: PYC PECUARIA COORDINACIÓN | R97: PEREZ Y CARDONA | S97: Manuela Valencia Patiño | T97: PEREZ Y CARDONA S.A.S. TIERRAGRO PALMAS / KM 16 AV LAS PALMAS LC 29 MALL COMERCIAL LEMONT / 05266 EN | Y97: 0 | AB97: KM 16 AV LAS PALMAS LC 29 MALL COMERCIAL LEMONT / 05266 EN | AC97: ANTIOQUIA | AD97: ENVIGADO | AF97: =TEXT(L97,"mmmm") -> marzo
A98: 189817 | B98: Completado | C98: Capacitación AgroExport | D98: 1341170 | E98: AGROEXPORT DE COLOMBIA SAS | F98: Visita Formación | G98: Yeferson Esmit Ramírez Ruíz | I98: CL 14 14 18 BR CENTRO / 50313 GRANADA / CO | J98: META | K98: 46101.575 | L98: 46098.375 | M98: 46098.833 | N98: 46101.575 | O98: 46101.575 | Q98: GALAGRO META NAL. | R98: GALAGRO | S98: Yeferson Esmit Ramírez Ruíz | T98: AGROEXPORT DE COLOMBIA SAS / CL 14 14 18 BR CENTRO / 50313 GRANADA / CO | Y98: 0 | AB98: CL 14 14 18 BR CENTRO / 50313 GRANADA | AC98: META | AD98: GRANADA | AF98: =TEXT(L98,"mmmm") -> marzo
A99: 189818 | B99: Completado | C99: Capacitación Surtiagri Concordia y agricultores | D99: 1507482 | E99: SURTIAGRO CONCORDIA SAS ZOMAC | F99: Visita Formación | G99: Yeferson Esmit Ramírez Ruíz | I99: CARRERA 2 CALLE 12 / 50450 PUERTO CONCORDIA / CO | J99: META | K99: 46101.576 | L99: 46099.458 | M99: 46099.625 | N99: 46101.576 | O99: 46101.576 | Q99: GALAGRO META NAL. | R99: GALAGRO | S99: Yeferson Esmit Ramírez Ruíz | T99: SURTIAGRO CONCORDIA SAS ZOMAC / CARRERA 2 CALLE 12 / 50450 PUERTO CONCORDIA / CO | Y99: 0 | AB99: CARRERA 2 CALLE 12 / 50450 PUERTO CONCORDIA | AC99: META | AD99: PUERTO CONCORDIA | AF99: =TEXT(L99,"mmmm") -> marzo
A100: 189819 | B100: Completado | C100: Capacitaciones agricultores y mostrador | D100: 1484965 | E100: DISTRIBUIDORA AGROUNION SAS ZOMAC DISTRIBUIDORA AGROUNION SAS ZOMAC | F100: Visita Formación | G100: Yeferson Esmit Ramírez Ruíz | I100: Via Cacayal centro poblado calle principal / 50313 GRANADA / CO | J100: META | K100: 46101.577 | L100: 46100.375 | M100: 46100.708 | N100: 46101.577 | O100: 46101.577 | Q100: GALAGRO META NAL. | R100: GALAGRO | S100: Yeferson Esmit Ramírez Ruíz | T100: DISTRIBUIDORA AGROUNION SAS ZOMAC DISTRIBUIDORA AGROUNION SAS ZOMAC / Via Cacayal centro poblado cal | Y100: 0 | AB100: Via Cacayal centro poblado cal | AC100: META | AD100: GRANADA | AF100: =TEXT(L100,"mmmm") -> marzo
...

Sheet Leads
A1: Territorio | B1: Unidad de Negocio | C1: Empleado | D1: Meta Leads | E1: Calificados Oportunos | F1: Fuera de Tiempo | G1: Leads calificados | H1: Pendientes | I1: Mes | J1: A tiempo | K1: Comercial | L1: Territorio | M1: Cargo | N1: META LEADS | O1: Calificados | P1: A tiempo
A2: =VLOOKUP(Tabla3[[#This Row],[Empleado]],'Tabla dinam gestion comercial'!O:P,2,0) -> GALAGRO BOYACA NAL. | B2: GALAGRO NACIONAL | C2: Julio Andrés Cuspoca Martínez | D2: 1 | F2: 1 | G2: 1 | I2: Enero | J2: =Tabla3[[#This Row],[Calificados Oportunos]]/Tabla3[[#This Row],[Meta Leads]] -> 0 | K2: Juana Andrea Moncaleano Sandoval | L2: GALAGRO NACIONAL DIRECCIÓN | M2: DIR GALAGRO NACIONAL | N2: =IFERROR(SUMIFS($D:$D,$A:$A,$L2,$C:$C,"*"&TRIM($K2)&"*"),0) -> 0 | O2: =IFERROR(SUMIFS($E:$E,$A:$A,$L2,$C:$C,"*"&TRIM($K2)&"*"),0)+IFERROR(SUMIFS($F:$F,$A:$A,$L2,$C:$C,"*"&TRIM($K2)&"*"),0) -> 0 | P2: =IFERROR(SUMIFS($E:$E,$A:$A,$L2,$C:$C,"*"&TRIM($K2)&"*"),0) -> 0
A3: =VLOOKUP(Tabla3[[#This Row],[Empleado]],'Tabla dinam gestion comercial'!O:P,2,0) -> GALAGRO EJE CAFETERO Y VALLE NORTE NAL. | B3: GALAGRO NACIONAL | C3: Sebastián Zapata Gutiérrez | D3: 1 | F3: 1 | G3: 1 | I3: Enero | J3: =Tabla3[[#This Row],[Calificados Oportunos]]/Tabla3[[#This Row],[Meta Leads]] -> 0 | K3: Rafael Ricardo Peña Sánchez | L3: GALAGRO BOYACA NAL. | M3: RTC GALAGRO NAL BOYACA | N3: =IFERROR(SUMIFS($D:$D,$A:$A,$L3,$C:$C,"*"&TRIM($K3)&"*"),0) -> 0 | O3: =IFERROR(SUMIFS($E:$E,$A:$A,$L3,$C:$C,"*"&TRIM($K3)&"*"),0)+IFERROR(SUMIFS($F:$F,$A:$A,$L3,$C:$C,"*"&TRIM($K3)&"*"),0) -> 0 | P3: =IFERROR(SUMIFS($E:$E,$A:$A,$L3,$C:$C,"*"&TRIM($K3)&"*"),0) -> 0
A4: =VLOOKUP(Tabla3[[#This Row],[Empleado]],'Tabla dinam gestion comercial'!O:P,2,0) -> #N/A | B4: GALAGRO NACIONAL | C4: (Vacante) Silvana Rodríguez Martínez | D4: 1 | F4: 1 | G4: 1 | I4: Febrero | J4: =Tabla3[[#This Row],[Calificados Oportunos]]/Tabla3[[#This Row],[Meta Leads]] -> 0 | K4: Fredy Alberto Guzmán Daza | L4: GALAGRO BOYACA NAL. | M4: PROMOTOR GALAGRO NAL BOYACA | N4: =IFERROR(SUMIFS($D:$D,$A:$A,$L4,$C:$C,"*"&TRIM($K4)&"*"),0) -> 0 | O4: =IFERROR(SUMIFS($E:$E,$A:$A,$L4,$C:$C,"*"&TRIM($K4)&"*"),0)+IFERROR(SUMIFS($F:$F,$A:$A,$L4,$C:$C,"*"&TRIM($K4)&"*"),0) -> 0 | P4: =IFERROR(SUMIFS($E:$E,$A:$A,$L4,$C:$C,"*"&TRIM($K4)&"*"),0) -> 0
A5: =VLOOKUP(Tabla3[[#This Row],[Empleado]],'Tabla dinam gestion comercial'!O:P,2,0) -> GALAGRO CAUCA NAL. | B5: GALAGRO NACIONAL | C5: (Vacante) Edwin Francisco Fernandez Molina | D5: 1 | F5: 1 | G5: 1 | I5: Marzo | J5: =Tabla3[[#This Row],[Calificados Oportunos]]/Tabla3[[#This Row],[Meta Leads]] -> 0 | K5: Julio Andrés Cuspoca Martínez | L5: GALAGRO BOYACA NAL. | M5: PROMOTOR GALAGRO NAL BOYACA 2 | N5: =IFERROR(SUMIFS($D:$D,$A:$A,$L5,$C:$C,"*"&TRIM($K5)&"*"),0) -> 2 | O5: =IFERROR(SUMIFS($E:$E,$A:$A,$L5,$C:$C,"*"&TRIM($K5)&"*"),0)+IFERROR(SUMIFS($F:$F,$A:$A,$L5,$C:$C,"*"&TRIM($K5)&"*"),0) -> 2 | P5: =IFERROR(SUMIFS($E:$E,$A:$A,$L5,$C:$C,"*"&TRIM($K5)&"*"),0) -> 1
A6: =VLOOKUP(Tabla3[[#This Row],[Empleado]],'Tabla dinam gestion comercial'!O:P,2,0) -> GALAGRO BOYACA NAL. | B6: GALAGRO NACIONAL | C6: Julio Andrés Cuspoca Martínez | D6: 1 | E6: 1 | G6: 1 | I6: Marzo | J6: =Tabla3[[#This Row],[Calificados Oportunos]]/Tabla3[[#This Row],[Meta Leads]] -> 1 | K6: Tatiana Marcela Velasco Vasquez | L6: GALAGRO CAUCA NAL. | M6: RTC GALAGRO NAL CAUCA | N6: =IFERROR(SUMIFS($D:$D,$A:$A,$L6,$C:$C,"*"&TRIM($K6)&"*"),0) -> 0 | O6: =IFERROR(SUMIFS($E:$E,$A:$A,$L6,$C:$C,"*"&TRIM($K6)&"*"),0)+IFERROR(SUMIFS($F:$F,$A:$A,$L6,$C:$C,"*"&TRIM($K6)&"*"),0) -> 0 | P6: =IFERROR(SUMIFS($E:$E,$A:$A,$L6,$C:$C,"*"&TRIM($K6)&"*"),0) -> 0
K7: (Vacante) Edwin Francisco Fernandez Molina | L7: GALAGRO CAUCA NAL. | M7: PROMOTOR GALAGRO NAL CAUCA | N7: =IFERROR(SUMIFS($D:$D,$A:$A,$L7,$C:$C,"*"&TRIM($K7)&"*"),0) -> 1 | O7: =IFERROR(SUMIFS($E:$E,$A:$A,$L7,$C:$C,"*"&TRIM($K7)&"*"),0)+IFERROR(SUMIFS($F:$F,$A:$A,$L7,$C:$C,"*"&TRIM($K7)&"*"),0) -> 1 | P7: =IFERROR(SUMIFS($E:$E,$A:$A,$L7,$C:$C,"*"&TRIM($K7)&"*"),0) -> 0
K8: Juana Andrea Moncaleano Sandoval | L8: GALAGRO CUNDINAMARCA NAL. | M8: DIR GALAGRO NACIONAL | N8: =IFERROR(SUMIFS($D:$D,$A:$A,$L8,$C:$C,"*"&TRIM($K8)&"*"),0) -> 0 | O8: =IFERROR(SUMIFS($E:$E,$A:$A,$L8,$C:$C,"*"&TRIM($K8)&"*"),0)+IFERROR(SUMIFS($F:$F,$A:$A,$L8,$C:$C,"*"&TRIM($K8)&"*"),0) -> 0 | P8: =IFERROR(SUMIFS($E:$E,$A:$A,$L8,$C:$C,"*"&TRIM($K8)&"*"),0) -> 0
K9: Yeferson Esmit Ramírez Ruíz | L9: GALAGRO CUNDINAMARCA NAL. | M9: RTC GALAGRO NAL META | N9: =IFERROR(SUMIFS($D:$D,$A:$A,$L9,$C:$C,"*"&TRIM($K9)&"*"),0) -> 0 | O9: =IFERROR(SUMIFS($E:$E,$A:$A,$L9,$C:$C,"*"&TRIM($K9)&"*"),0)+IFERROR(SUMIFS($F:$F,$A:$A,$L9,$C:$C,"*"&TRIM($K9)&"*"),0) -> 0 | P9: =IFERROR(SUMIFS($E:$E,$A:$A,$L9,$C:$C,"*"&TRIM($K9)&"*"),0) -> 0
K10: Juan Pablo Valencia Carvajal | L10: GALAGRO EJE CAFETERO Y VALLE NORTE NAL. | M10: RTC GALAGRO NAL EJE CAFETERO | N10: =IFERROR(SUMIFS($D:$D,$A:$A,$L10,$C:$C,"*"&TRIM($K10)&"*"),0) -> 0 | O10: =IFERROR(SUMIFS($E:$E,$A:$A,$L10,$C:$C,"*"&TRIM($K10)&"*"),0)+IFERROR(SUMIFS($F:$F,$A:$A,$L10,$C:$C,"*"&TRIM($K10)&"*"),0) -> 0 | P10: =IFERROR(SUMIFS($E:$E,$A:$A,$L10,$C:$C,"*"&TRIM($K10)&"*"),0) -> 0
K11: Sebastián Zapata Gutiérrez | L11: GALAGRO EJE CAFETERO Y VALLE NORTE NAL. | M11: PROMOTOR GALAGRO NAL RISARALDA | N11: =IFERROR(SUMIFS($D:$D,$A:$A,$L11,$C:$C,"*"&TRIM($K11)&"*"),0) -> 1 | O11: =IFERROR(SUMIFS($E:$E,$A:$A,$L11,$C:$C,"*"&TRIM($K11)&"*"),0)+IFERROR(SUMIFS($F:$F,$A:$A,$L11,$C:$C,"*"&TRIM($K11)&"*"),0) -> 1 | P11: =IFERROR(SUMIFS($E:$E,$A:$A,$L11,$C:$C,"*"&TRIM($K11)&"*"),0) -> 0
K12: (Vacante) María Camila López López | L12: GALAGRO EJE CAFETERO Y VALLE NORTE NAL. | M12: PROMOTOR GALAGRO NAL CALDAS | N12: =IFERROR(SUMIFS($D:$D,$A:$A,$L12,$C:$C,"*"&TRIM($K12)&"*"),0) -> 0 | O12: =IFERROR(SUMIFS($E:$E,$A:$A,$L12,$C:$C,"*"&TRIM($K12)&"*"),0)+IFERROR(SUMIFS($F:$F,$A:$A,$L12,$C:$C,"*"&TRIM($K12)&"*"),0) -> 0 | P12: =IFERROR(SUMIFS($E:$E,$A:$A,$L12,$C:$C,"*"&TRIM($K12)&"*"),0) -> 0
K13: César Augusto Escarria Reyes | L13: GALAGRO EJE CAFETERO Y VALLE NORTE NAL. | M13: PROMOTOR GALAGRO NAL QUINDIO | N13: =IFERROR(SUMIFS($D:$D,$A:$A,$L13,$C:$C,"*"&TRIM($K13)&"*"),0) -> 0 | O13: =IFERROR(SUMIFS($E:$E,$A:$A,$L13,$C:$C,"*"&TRIM($K13)&"*"),0)+IFERROR(SUMIFS($F:$F,$A:$A,$L13,$C:$C,"*"&TRIM($K13)&"*"),0) -> 0 | P13: =IFERROR(SUMIFS($E:$E,$A:$A,$L13,$C:$C,"*"&TRIM($K13)&"*"),0) -> 0
K14: Andrea Sileny Pardo Pillimue | L14: GALAGRO HUILA NAL. | M14: RTC GALAGRO NAL HUILA | N14: =IFERROR(SUMIFS($D:$D,$A:$A,$L14,$C:$C,"*"&TRIM($K14)&"*"),0) -> 0 | O14: =IFERROR(SUMIFS($E:$E,$A:$A,$L14,$C:$C,"*"&TRIM($K14)&"*"),0)+IFERROR(SUMIFS($F:$F,$A:$A,$L14,$C:$C,"*"&TRIM($K14)&"*"),0) -> 0 | P14: =IFERROR(SUMIFS($E:$E,$A:$A,$L14,$C:$C,"*"&TRIM($K14)&"*"),0) -> 0
K15: (Vacante) Jessica Nathalia Holguín Leal | L15: GALAGRO HUILA NAL. | M15: PROMOTOR GALAGRO NAL HUILA | N15: =IFERROR(SUMIFS($D:$D,$A:$A,$L15,$C:$C,"*"&TRIM($K15)&"*"),0) -> 0 | O15: =IFERROR(SUMIFS($E:$E,$A:$A,$L15,$C:$C,"*"&TRIM($K15)&"*"),0)+IFERROR(SUMIFS($F:$F,$A:$A,$L15,$C:$C,"*"&TRIM($K15)&"*"),0) -> 0 | P15: =IFERROR(SUMIFS($E:$E,$A:$A,$L15,$C:$C,"*"&TRIM($K15)&"*"),0) -> 0
K16: Yeferson Esmit Ramírez Ruíz | L16: GALAGRO META NAL. | M16: RTC GALAGRO NAL META | N16: =IFERROR(SUMIFS($D:$D,$A:$A,$L16,$C:$C,"*"&TRIM($K16)&"*"),0) -> 0 | O16: =IFERROR(SUMIFS($E:$E,$A:$A,$L16,$C:$C,"*"&TRIM($K16)&"*"),0)+IFERROR(SUMIFS($F:$F,$A:$A,$L16,$C:$C,"*"&TRIM($K16)&"*"),0) -> 0 | P16: =IFERROR(SUMIFS($E:$E,$A:$A,$L16,$C:$C,"*"&TRIM($K16)&"*"),0) -> 0
K17: Juana Andrea Moncaleano Sandoval | L17: GALAGRO NACIONAL FLORES | M17: DIR GALAGRO NACIONAL | N17: =IFERROR(SUMIFS($D:$D,$A:$A,$L17,$C:$C,"*"&TRIM($K17)&"*"),0) -> 0 | O17: =IFERROR(SUMIFS($E:$E,$A:$A,$L17,$C:$C,"*"&TRIM($K17)&"*"),0)+IFERROR(SUMIFS($F:$F,$A:$A,$L17,$C:$C,"*"&TRIM($K17)&"*"),0) -> 0 | P17: =IFERROR(SUMIFS($E:$E,$A:$A,$L17,$C:$C,"*"&TRIM($K17)&"*"),0) -> 0
K18: Gustavo Eduardo Mera Florez | L18: GALAGRO NARIÑO NAL. | M18: RTC GALAGRO NAL NARIÑO | N18: =IFERROR(SUMIFS($D:$D,$A:$A,$L18,$C:$C,"*"&TRIM($K18)&"*"),0) -> 0 | O18: =IFERROR(SUMIFS($E:$E,$A:$A,$L18,$C:$C,"*"&TRIM($K18)&"*"),0)+IFERROR(SUMIFS($F:$F,$A:$A,$L18,$C:$C,"*"&TRIM($K18)&"*"),0) -> 0 | P18: =IFERROR(SUMIFS($E:$E,$A:$A,$L18,$C:$C,"*"&TRIM($K18)&"*"),0) -> 0
... K25: Juana Andrea Moncaleano Sandoval | L25: GALAGRO VALLE CENTRO NAL. | M25: DIR GALAGRO NACIONAL | N25: =IFERROR(SUMIFS($D:$D,$A:$A,$L25,$C:$C,"*"&TRIM($K25)&"*"),0) -> 0 | O25: =IFERROR(SUMIFS($E:$E,$A:$A,$L25,$C:$C,"*"&TRIM($K25)&"*"),0)+IFERROR(SUMIFS($F:$F,$A:$A,$L25,$C:$C,"*"&TRIM($K25)&"*"),0) -> 0 | P25: =IFERROR(SUMIFS($E:$E,$A:$A,$L25,$C:$C,"*"&TRIM($K25)&"*"),0) -> 0
K26: (Vacante) Silvana Rodríguez Martínez | L26: GALAGRO NACIONAL FLORES | M26: PROMOTOR GALAGRO NAL FLORES

Sheet Director
C1: Reporte de desempeño comercial | H1: Nombre: | J1: Yuri Andrea Garro Sánchez
C2: Resumen trimestral | H2: Cargo: | J2: =VLOOKUP(J1,'Tabla dinam gestion comercial'!O:Q,3,0) -> #N/A
C3: Trimestre 1 | H3: Territorio | J3: =VLOOKUP(J1,'Tabla dinam gestion comercial'!O:P,2,0) -> #N/A
C4: Enero-marzo de 2026 | H4: Empresa: | J4: =VLOOKUP(J1,'Tabla dinam gestion comercial'!O:R,4,0) -> #N/A
A6: Resultado global
A7: =SUMPRODUCT($D$14:$D$24, $F$14:$F$24) -> 0.050078471
M8: Valor | N8: =A7*100 -> 5.0078471 | O8: =ROUND(N8,0)&"%" -> 5%
M9: Restante | N9: =100-N8 -> 94.992153
M10: Oculto | N10: 100
A11: =IF(A7>=90%,"Excelente",IF(A7>=75%,"Destacado",IF(A7>=59%,"En desarrollo","Crítico"))) -> Crítico
A12: Indicadores clave
A13: Indicador | D13: Resultado trimestre | E13: Meta | F13: Peso | G13: Gestión Enero | H13: Gestión Febrero | I13: Gestión Marzo | J13: Meta esperada prom. Mes | K13: Criterios de medición
A14: #VALUE! | B14: Ejecución Visitas | C14: =IF(D14>=90%,"⬤",IF(D14>=75%,"⬤",IF(D14>=60%,"⬤","⬤"))) -> ⬤ | D14: =IFERROR(MIN(100%,SUM(G14:I14)/($J14*3)),0) -> 0 | E14: 0.9 | F14: 0.1 | G14: =SUMIFS( 'Tabla dinam gestion comercial'!$F:$F, 'Tabla dinam gestion comercial'!$B:$B,$J$1, 'Tabla dinam gestion comercial'!$L:$L,"Enero" ) -> 0 | H14: =SUMIFS( 'Tabla dinam gestion comercial'!$F:$F, 'Tabla dinam gestion comercial'!$B:$B,$J$1, 'Tabla dinam gestion comercial'!$L:$L,"Febrero" ) -> 0 | I14: =SUMIFS( 'Tabla dinam gestion comercial'!$F:$F, 'Tabla dinam gestion comercial'!$B:$B,$J$1, 'Tabla dinam gestion comercial'!$L:$L,"Marzo" ) -> 0 | J14: {=IFERROR((SUM(_xlfn.UNIQUE(_xlfn._xlws.FILTER('Tabla dinam gestion comercial'!$M:$M,('Tabla dinam gestion comercial'!$B:$B=$J$1)*('Tabla dinam gestion comercial'!$L:$L="Enero"))))+SUM(_xlfn.UNIQUE(_xlfn._xlws.FILTER('Tabla dinam gestion comercial'!$M:$M,('Tabla dinam gestion comercial'!$B:$B=$J$1)*('Tabla dinam gestion comercial'!$L:$L="Febrero"))))+SUM(_xlfn.UNIQUE(_xlfn._xlws.FILTER('Tabla dinam gestion comercial'!$M:$M,('Tabla dinam gestion comercial'!$B:$B=$J$1)*('Tabla dinam gestion comercial'!$L:$L="Marzo")))))/3,0)} -> 0 | K14: Mide el cumplimiento acumulado de visitas del período. Se suman las visitas realizadas en los tres meses y se comparan contra la meta mensual multiplicada por el número de meses evaluados.
A15: #VALUE! | B15: Cobertura Clientes | C15: =IF(D15>=90%,"⬤",IF(D15>=75%,"⬤",IF(D15>=60%,"⬤","⬤"))) -> ⬤ | D15: =IFERROR(MIN(100%,SUM(G15:I15)/($J15*3)),0) -> 0 | E15: 0.9 | F15: 0.1 | G15: =SUMIFS('Tabla dinam gestion comercial'!$D:$D,'Tabla dinam gestion comercial'!$B:$B,$J$1,'Tabla dinam gestion comercial'!$L:$L,"Enero") -> 0 | H15: =SUMIFS('Tabla dinam gestion comercial'!$D:$D,'Tabla dinam gestion comercial'!$B:$B,$J$1,'Tabla dinam gestion comercial'!$L:$L,"Febrero") -> 0 | I15: =SUMIFS('Tabla dinam gestion comercial'!$D:$D,'Tabla dinam gestion comercial'!$B:$B,$J$1,'Tabla dinam gestion comercial'!$L:$L,"Marzo") -> 0 | J15: =IFERROR(SUMIFS('Tabla dinam gestion comercial'!$C$2:$C$62,'Tabla dinam gestion comercial'!$B$2:$B$62,$J$1)/3,0)/12 -> 0 | K15: Todos los clientes del territorio, dividido 12 para darle la vuelta en el año
A16: #VALUE! | B16: Nuevos Clientes | C16: =IF(D16>=90%,"⬤",IF(D16>=75%,"⬤",IF(D16>=60%,"⬤","⬤"))) -> ⬤ | D16: =IFERROR(AVERAGE(G16/J16,H16/J16,I16/J16),0) -> 0 | E16: 0.9 | F16: 0.1 | G16: =SUMIFS('Tabla dinam gestion comercial'!$I:$I,'Tabla dinam gestion comercial'!$B:$B,$J$1,'Tabla dinam gestion comercial'!$L:$L,"*Enero*") -> 0 | H16: =SUMIFS('Tabla dinam gestion comercial'!$I:$I,'Tabla dinam gestion comercial'!$B:$B,$J$1,'Tabla dinam gestion comercial'!$L:$L,"*Febrero*") -> 0 | I16: =SUMIFS('Tabla dinam gestion comercial'!$I:$I,'Tabla dinam gestion comercial'!$B:$B,$J$1,'Tabla dinam gestion comercial'!$L:$L,"*Marzo*") -> 0 | J16: =ROUNDUP(SUMIFS('Tabla dinam gestion comercial'!$H:$H,'Tabla dinam gestion comercial'!$B:$B,$J$1)/12,0) -> 0 | K16: Cuenta clientes nuevos y recuperados que registran una gestión o una venta durante el período. El resultado toma el total acumulado alcanzado y lo compara contra la meta esperada.
A17: Indicador | D17: Resultado | E17: Meta | F17: Peso | G17: Gestión Enero | H17: Gestión Febrero | I17: Gestión Marzo | J17: Meta acum. período | K17: Criterios de medición
A18: #VALUE! | B18: Recomendaciones | C18: =IF(D18>=90%,"⬤",IF(D18>=75%,"⬤",IF(D18>=60%,"⬤","⬤"))) -> ⬤ | D18: =IFERROR(MIN(150%,SUM(G18:I18)/J18),0) -> 0.25039236 | E18: 0.9 | F18: 0.2 | G18: =IFERROR(SUMIFS(Tecnico!$D:$D,Tecnico!$K:$K,"Enero"),0) -> 201390250 | H18: =IFERROR(SUMIFS(Tecnico!$D:$D,Tecnico!$K:$K,"Febrero"),0) -> 351569250 | I18: =IFERROR(SUMIFS(Tecnico!$D:$D,Tecnico!$K:$K,"Marzo"),0) -> 161159500 | J18: =IFERROR(SUM(Tecnico!$C:$C),0) -> 2852000000 | K18: Suma las recomendaciones generadas durante el período evaluado y compara ese total contra la meta acumulada. El resultado muestra el porcentaje de cumplimiento alcanzado frente a la meta del trimestre.
A19: #VALUE! | B19: Referencias | C19: =IF(D19>=90%,"⬤",IF(D19>=75%,"⬤",IF(D19>=60%,"⬤","⬤"))) -> ⬤ | D19: =IFERROR(((G19+H19+I19)/J19),"0") -> 0 | E19: 0.9 | F19: 0.1 | G19: =SUMIFS(Tecnico!$J:$J,Tecnico!$A:$A,$J$3,Tecnico!$K:$K,"Enero") -> 0 | H19: =SUMIFS(Tecnico!$J:$J,Tecnico!$A:$A,$J$3,Tecnico!$K:$K,"Febrero") -> 0 | I19: =SUMIFS(Tecnico!$J:$J,Tecnico!$A:$A,$J$3,Tecnico!$K:$K,"Marzo") -> 0 | J19: =SUMIFS(Tecnico!$H:$H,Tecnico!$A:$A,$J$3)/3 -> 0 | K19: Mide el cumplimiento de referencias gestionadas frente a la meta esperada del período. Se suman las referencias generadas en los meses evaluados y se comparan contra la meta (SKU activas). El resultado muestra el porcentaje de cumplimiento alcanzado.
A20: #VALUE! | B20: Leads calificados | C20: =IF(D20>=90%,"⬤",IF(D20>=75%,"⬤",IF(D20>=60%,"⬤","⬤"))) -> ⬤ | D20: =IFERROR(SUM(G20:I20)/J20,0%) -> 0 | E20: 0.9 | F20: 0.1 | G20: =IFERROR(SUMIFS(Leads!$D:$D,Leads!$C:$C,$J$1,Leads!$I:$I,"Enero"),0) -> 0 | H20: =IFERROR(SUMIFS(Leads!$D:$D,Leads!$C:$C,$J$1,Leads!$I:$I,"Febrero"),0) -> 0 | I20: =IFERROR(SUMIFS(Leads!$D:$D,Leads!$C:$C,$J$1,Leads!$I:$I,"Marzo"),0) -> 0 | J20: =MAX(1,IFERROR(SUMIFS(Leads!$D:$D,Leads!$C:$C,$J$1,Leads!$I:$I,"Enero"),0))+MAX(1,IFERROR(SUMIFS(Leads!$D:$D,Leads!$C:$C,$J$1,Leads!$I:$I,"Febrero"),0))+MAX(1,IFERROR(SUMIFS(Leads!$D:$D,Leads!$C:$C,$J$1,Leads!$I:$I,"Marzo"),0)) -> 3 | K20: Mide la generación de leads frente a la meta esperada. La meta considera mínimo 1 lead por mes evaluado y aumenta según los leads generados, con el fin de incentivar la creación constante de oportunidades comerciales. Si no se generan leads, el cumplimiento es 0%.
A21: #VALUE! | B21: Leads calificados a tiempo | C21: =IF(D21>=90%,"⬤",IF(D21>=75%,"⬤",IF(D21>=60%,"⬤","⬤"))) -> ⬤ | D21: =IFERROR(SUM(G21:I21)/J21,0%) -> 0 | E21: 0.9 | F21: 0.1 | G21: =IFERROR(SUMIFS(Leads!$E:$E,Leads!$C:$C,$J$1,Leads!$I:$I,"Enero"),0) -> 0 | H21: =IFERROR(SUMIFS(Leads!$E:$E,Leads!$C:$C,$J$1,Leads!$I:$I,"Febrero"),0) -> 0 | I21: =IFERROR(SUMIFS(Leads!$E:$E,Leads!$C:$C,$J$1,Leads!$I:$I,"Marzo"),0) -> 0 | J21: =MAX(1,IFERROR(SUMIFS(Leads!$D:$D,Leads!$C:$C,$J$1,Leads!$I:$I,"Enero"),0))+MAX(1,IFERROR(SUMIFS(Leads!$D:$D,Leads!$C:$C,$J$1,Leads!$I:$I,"Febrero"),0))+MAX(1,IFERROR(SUMIFS(Leads!$D:$D,Leads!$C:$C,$J$1,Leads!$I:$I,"Marzo"),0)) -> 3 | K21: Mide el porcentaje de leads que fueron calificados dentro del tiempo establecido (48 horas despues de generado). Se compara la cantidad de leads calificados oportunamente frente al total de leads que debían ser gestionados en el período.
A22: #VALUE! | B22: Impacto en clientes (Actividades de campo) | C22: =IF(D22>=90%,"⬤",IF(D22>=75%,"⬤",IF(D22>=60%,"⬤","⬤"))) -> ⬤ | D22: =MIN(IFERROR(SUM(G22:I22)/J22,0%),150%) -> 0 | E22: 0.9 | F22: 0.1 | G22: =COUNTIFS('Act Campo'!$AF$2:$AF$997,"Enero",'Act Campo'!$Q$2:$Q$997,"<>") -> 14 | H22: =COUNTIFS('Act Campo'!$AF$2:$AF$997,"Febrero",'Act Campo'!$Q$2:$Q$997,"<>") -> 53 | I22: =COUNTIFS('Act Campo'!$AF$2:$AF$997,"Marzo",'Act Campo'!$Q$2:$Q$997,"<>") -> 52 | J22: =IFERROR(VLOOKUP(J1,'Tabla dinam gestion comercial'!$O:$U,7,0),0) -> 0 | K22: Mide el cumplimiento de actividades y parcelas frente a la meta del territorio. Por cada promotor se esperan 3 actividades trimestrales y 0,5 parcelas, con reconocimiento máximo hasta el 150%.
A23: #VALUE! | B23: Hectáreas de cultivos impactados | C23: =IF(D23>=90%,"⬤",IF(D23>=75%,"⬤",IF(D23>=60%,"⬤","⬤"))) -> ⬤ | D23: =MIN(IFERROR(SUM(G23:I23)/J23,0%),150%) -> 0 | E23: 0.9 | F23: 0.05 | G23: =IFERROR(SUMIFS(Fincas!$F:$F,Fincas!$G:$G,"Enero"),0) -> 41 | H23: =IFERROR(SUMIFS(Fincas!$F:$F,Fincas!$G:$G,"Febrero"),0) -> 100 | I23: =IFERROR(SUMIFS(Fincas!$F:$F,Fincas!$G:$G,"Marzo"),0) -> 87 | J23: =ROUNDUP(_xlfn.MAXIFS('Tabla dinam gestion comercial'!$V:$V,'Tabla dinam gestion comercial'!$O:$O,$J$1)*3,0) -> 0 | K23: Mide las hectáreas gestionadas en el período frente a la meta del territorio. Cada promotor debe gestionar 30 hectáreas mensuales, equivalentes a 90 por trimestre, con reconocimiento de cumplimiento máximo hasta el 150%.
A24: #VALUE! | B24: Cultivos impactados | C24: =IF(D24>=90%,"⬤",IF(D24>=75%,"⬤",IF(D24>=60%,"⬤","⬤"))) -> ⬤ | D24: =MIN(IFERROR(SUM(G24:I24)/J24,0%),150%) -> 0 | E24: 0.9 | F24: 0.05 | G24: =COUNTIFS(Fincas!$D:$D,"<>",Fincas!$G:$G,"Enero") -> 11 | H24: =COUNTIFS(Fincas!$D:$D,"<>",Fincas!$G:$G,"Febrero") -> 25 | I24: =COUNTIFS(Fincas!$D:$D,"<>",Fincas!$G:$G,"Marzo") -> 15 | J24: =ROUNDUP(SUMIFS('Tabla dinam gestion comercial'!$W:$W,'Tabla dinam gestion comercial'!$O:$O,$J$1),0) -> 0 | K24: Mide los cultivos gestionados en el período frente a la meta del territorio. Cada promotor debe gestionar mínimo 1 cultivo mensual, equivalente a 3 por trimestre, con reconocimiento de cumplimiento máximo hasta el 150%.
A25: #VALUE! | B25: Gestión de Cultivos Impactados | C25: =IF(D25>=90%,"⬤",IF(D25>=75%,"⬤",IF(D25>=60%,"⬤","⬤"))) -> ⬤ | D25: =(D23+D24)/2 -> 0 | E25: 0.9
A26: #VALUE! | B26: "Enfócate en las oportunidades de mejora y mantén el ritmo en tus fortalezas." ¡Tú puedes alcanzar tus objetivos! | G26: Requiere mejora (<60%) | H26: En desarrollo (60% - 74%) | J26: Bueno (>=75% - 89%) | K26: Excelente (>=90%)
A29: Oportunidades | D29: Fortalezas | H29: Resumen Ejecutivo | K29: Plan de acción sugerido
A30: =IF($N$8>=90, "Para los perfeccionistas, siempre hay espacio de mejora. El siguiente reto es la sostenibilidad: analiza esos mínimos detalles o indicadores que rozaron la meta para blindar tu territorio contra cualquier imprevisto futuro. ¡La excelencia no se detiene!", IF($N$8>=75, "El camino a la cima está en los detalles. Para saltar al rango excelente, el foco debe estar en acelerar aquellos indicadores que se quedaron en amarillo o naranja. Ajustar la estrategia en estos puntos específicos liberará todo tu potencial comercial.", IF($N$8>=59, _xlfn._LONGTEXT("Aquí está tu mayor oportunidad de crecimiento. Al concentrar tus esfuerzos en levantar los indicadores que quedaron por debajo de la meta, verás un impacto inmediato en tu resultado global. Prioriza tus batallas, ajusta la planificación semanal y ve por e","sos puntos."), _xlfn._LONGTEXT("La meta está más cerca de lo que parece si nos enfocamos. El plan de acción inmediato exige concentrar la energía en revertir los indicadores críticos que están frenando tu avance. Define prioridades claras, solicita el apoyo necesario y da el primer paso",". ¡Cada mejora cuenta!")))) -> La meta está más cerca de lo que parece si nos enfocamos. El plan de acción inmediato exige concentrar la energía en revertir los indicadores críticos que están frenando tu avance. Define prioridades claras, solicita el apoyo necesario y da el primer paso. ¡Cada mejora cuenta! | D30: =IF($N$8>=90, _xlfn._LONGTEXT("Tus pilares de éxito están firmes. Destacas por una ejecución impecable en campo, un dominio absoluto de tus indicadores de mayor peso y una consistencia comercial admirable. Tu capacidad para superar las metas demuestra que tu estrategia en el territorio"," es sumamente efectiva."), IF($N$8>=75, "Cuentas con bases operativas y comerciales muy sólidas. Has demostrado un rendimiento sobresaliente en tus indicadores clave de gestión, logrando superar las metas esperadas en frentes cruciales. Esta efectividad es tu trampolín hacia el éxito absoluto.", IF($N$8>=59, "Aun en periodos retadores, tu esfuerzo ha dado frutos valiosos. Tienes indicadores específicos donde demuestras un gran compromiso y efectividad. Esas actividades en las que hoy brillas son el motor que debes usar para impulsar el resto de tu gestión.", _xlfn._LONGTEXT("Incluso en la dificultad, hay terreno ganado. Tu dedicación se hace visible en tus mejores indicadores del periodo. Esos pequeños o grandes logros demuestran que posees las habilidades necesarias; el objetivo ahora es replicar ese mismo esfuerzo en las de","más áreas.")))) -> Incluso en la dificultad, hay terreno ganado. Tu dedicación se hace visible en tus mejores indicadores del periodo. Esos pequeños o grandes logros demuestran que posees las habilidades necesarias; el objetivo ahora es replicar ese mismo esfuerzo en las demás áreas. | H30: =IF($N$8>=90, "¡Extraordinario desempeño! Este periodo refleja tu alto compromiso, disciplina y maestría en el territorio. Has alcanzado un nivel de excelencia que inspires al equipo. Mantén este ritmo ganador y sigue liderando con el ejemplo.", IF($N$8>=75, _xlfn._LONGTEXT("¡Gran trabajo en este periodo! Tu consistencia y esfuerzo te posicionan en un nivel destacado. Estás a muy pocos pasos de la excelencia total. El camino está trazado; con un pequeño empuje en los indicadores clave, el próximo trimestre pintarás el tablero"," completamente de verde."), IF($N$8>=59, _xlfn._LONGTEXT("Cerramos un trimestre de mucho aprendizaje y esfuerzo. Estás en pleno proceso de consolidación de tus objetivos. El potencial para crecer está ahí; este resultado es el punto de partida perfecto para enfocar la energía en las actividades que moverán la ag","uja hacia el siguiente nivel."), _xlfn._LONGTEXT("Este trimestre nos plantea un reto importante, pero también una gran oportunidad de reinvención. Cada desafío superado nos hace más fuertes. Es momento de revisar la estrategia, apoyarte en tus fortalezas y accionar un plan de mejora enfocado. ¡Tienes la ","capacidad para revertir este indicador y alcanzar tus metas!")))) -> Este trimestre nos plantea un reto importante, pero también una gran oportunidad de reinvención. Cada desafío superado nos hace más fuertes. Es momento de revisar la estrategia, apoyarte en tus fortalezas y accionar un plan de mejora enfocado. ¡Tienes la capacidad para revertir este indicador y alcanzar tus metas! | K30: =IF($N$8>=90,"Mantener el desempeño y asegurar la sostenibilidad de los resultados. Revisa los indicadores cercanos al límite, documenta las buenas prácticas y replica el modelo de gestión en el territorio.",IF($N$8>=75,"Priorizar los indicadores que quedaron por debajo del nivel excelente. Define acciones puntuales, responsables y fechas de seguimiento para llevar el resultado al siguiente rango.",IF($N$8>=59,"Enfocar el plan de trabajo en los indicadores con menor cumplimiento. Ajusta la planificación semanal, refuerza el seguimiento y concentra los esfuerzos en las actividades de mayor impacto.", "Activar un plan de mejora inmediato sobre los indicadores críticos. Define prioridades, solicita acompañamiento y realiza seguimiento semanal para recuperar el cumplimiento del territorio."))) -> Activar un plan de mejora inmediato sobre los indicadores críticos. Define prioridades, solicita acompañamiento y realiza seguimiento semanal para recuperar el cumplimiento del territorio.

Sheet Tecnico
A1: Territorio | B1: Grupo Artículos | C1: Ppto | D1: Valor Recomendaciones | E1: Recomendaciones vs Ppto | F1: Valor Ventas | G1: % Paticipación Recomendación | H1: Meta Referencias | I1: Referencias Recomendadas | J1: REF CANTIDAD | K1: Mes
A2: GALAGRO BOYACA NAL. | B2: CAMPORIGEN | C2: 57000000 | D2: 44189550 | E2: 0.77525526 | F2: 147754544 | G2: 0.29907405 | H2: 48 | I2: 0.5625 | J2: =Tabla2[[#This Row],[Referencias Recomendadas]]*Tabla2[[#This Row],[Meta Referencias]] -> 27 | K2: Enero
A3: GALAGRO BOYACA NAL. | B3: UVIO | C3: 3000000 | D3: 349000 | E3: 0.11633333 | F3: 147754544 | G3: 0.0023620255 | H3: 10 | I3: 0.4 | J3: =Tabla2[[#This Row],[Referencias Recomendadas]]*Tabla2[[#This Row],[Meta Referencias]] -> 4 | K3: Enero
A4: GALAGRO CAUCA NAL. | B4: CAMPORIGEN | C4: 39600000 | D4: 26855300 | E4: 0.67816414 | F4: 265791537 | G4: 0.10103896 | H4: 48 | I4: 0.25 | J4: =Tabla2[[#This Row],[Referencias Recomendadas]]*Tabla2[[#This Row],[Meta Referencias]] -> 12 | K4: Enero
A5: GALAGRO CAUCA NAL. | B5: UVIO | C5: 2400000 | F5: 265791537 | H5: 10 | J5: =Tabla2[[#This Row],[Referencias Recomendadas]]*Tabla2[[#This Row],[Meta Referencias]] -> 0 | K5: Enero
A6: GALAGRO CUNDINAMARCA NAL. | B6: CAMPORIGEN | C6: 99000000 | D6: 15484450 | E6: 0.15640859 | F6: 167263834 | G6: 0.092575003 | H6: 48 | I6: 0.375 | J6: =Tabla2[[#This Row],[Referencias Recomendadas]]*Tabla2[[#This Row],[Meta Referencias]] -> 18 | K6: Enero
A7: GALAGRO CUNDINAMARCA NAL. | B7: UVIO | C7: 3000000 | D7: 969200 | E7: 0.32306667 | F7: 167263834 | G7: 0.0057944385 | H7: 10 | I7: 0.2 | J7: =Tabla2[[#This Row],[Referencias Recomendadas]]*Tabla2[[#This Row],[Meta Referencias]] -> 2 | K7: Enero
A8: GALAGRO EJE CAFETERO Y VALLE NORTE NAL. | B8: CAMPORIGEN | C8: 92100000 | D8: 57971000 | E8: 0.6294354 | H8: 48 | I8: 0.25 | J8: =Tabla2[[#This Row],[Referencias Recomendadas]]*Tabla2[[#This Row],[Meta Referencias]] -> 12 | K8: Enero
A9: GALAGRO EJE CAFETERO Y VALLE NORTE NAL. | B9: UVIO | C9: 3900000 | D9: 111600 | E9: 0.028615385 | H9: 10 | I9: 0.1 | J9: =Tabla2[[#This Row],[Referencias Recomendadas]]*Tabla2[[#This Row],[Meta Referencias]] -> 1 | K9: Enero
A10: GALAGRO HUILA NAL. | B10: CAMPORIGEN | C10: 52800000 | H10: 48 | J10: =Tabla2[[#This Row],[Referencias Recomendadas]]*Tabla2[[#This Row],[Meta Referencias]] -> 0 | K10: Enero
A11: GALAGRO HUILA NAL. | B11: UVIO | C11: 1200000 | H11: 10 | J11: =Tabla2[[#This Row],[Referencias Recomendadas]]*Tabla2[[#This Row],[Meta Referencias]] -> 0 | K11: Enero
A12: GALAGRO META NAL. | B12: CAMPORIGEN | C12: 35100000 | D12: 22106250 | E12: 0.62980769 | F12: 167263834 | G12: 0.13216396 | H12: 48 | I12: 0.3125 | J12: =Tabla2[[#This Row],[Referencias Recomendadas]]*Tabla2[[#This Row],[Meta Referencias]] -> 15 | K12: Enero
A13: GALAGRO META NAL. | B13: UVIO | C13: 900000 | F13: 167263834 | H13: 10 | J13: =Tabla2[[#This Row],[Referencias Recomendadas]]*Tabla2[[#This Row],[Meta Referencias]] -> 0 | K13: Enero
A14: GALAGRO NACIONAL DIRECCIÓN | B14: CAMPORIGEN | D14: 10413200 | F14: 594541437 | G14: 0.017514675 | H14: 48 | I14: 0.0625 | J14: =Tabla2[[#This Row],[Referencias Recomendadas]]*Tabla2[[#This Row],[Meta Referencias]] -> 3 | K14: Enero
A15: GALAGRO NACIONAL DIRECCIÓN | B15: UVIO | F15: 594541437 | H15: 10 | J15: =Tabla2[[#This Row],[Referencias Recomendadas]]*Tabla2[[#This Row],[Meta Referencias]] -> 0 | K15: Enero
A16: GALAGRO NACIONAL FLORES | B16: CAMPORIGEN | C16: 18000000 | D16: 2114300 | E16: 0.11746111 | F16: 13731522 | G16: 0.15397419 | H16: 48 | I16: 0.10416667 | J16: =Tabla2[[#This Row],[Referencias Recomendadas]]*Tabla2[[#This Row],[Meta Referencias]] -> 5 | K16: Enero
A17: GALAGRO NACIONAL FLORES | B17: UVIO | C17: 0 | F17: 13731522 | H17: 10 | J17: =Tabla2[[#This Row],[Referencias Recomendadas]]*Tabla2[[#This Row],[Meta Referencias]] -> 0 | K17: Enero
A18: GALAGRO NARIÑO NAL. | B18: CAMPORIGEN | C18: 88200000 | D18: 10413200 | E18: 0.11806349 | F18: 265791537 | G18: 0.039178072 | H18: 48 | I18: 0.0625 | J18: =Tabla2[[#This Row],[Referencias Recomendadas]]*Tabla2[[#This Row],[Meta Referencias]] -> 3 | K18: Enero
A19: GALAGRO NARIÑO NAL. | B19: UVIO | C19: 1800000 | F19: 265791537 | H19: 10 | J19: =Tabla2[[#This Row],[Referencias Recomendadas]]*Tabla2[[#This Row],[Meta Referencias]] -> 0 | K19: Enero
A20: GALAGRO NORTE DE SANTANDER NAL. | B20: CAMPORIGEN | C20: 111000000 | F20: 147754544 | H20: 48 | J20: =Tabla2[[#This Row],[Referencias Recomendadas]]*Tabla2[[#This Row],[Meta Referencias]] -> 0 | K20: Enero
A21: GALAGRO NORTE DE SANTANDER NAL. | B21: UVIO | C21: 3000000 | F21: 147754544 | H21: 10 | J21: =Tabla2[[#This Row],[Referencias Recomendadas]]*Tabla2[[#This Row],[Meta Referencias]] -> 0 | K21: Enero
A22: GALAGRO SANTANDER NAL. | B22: CAMPORIGEN | C22: 111000000 | F22: 147754544 | H22: 48 | J22: =Tabla2[[#This Row],[Referencias Recomendadas]]*Tabla2[[#This Row],[Meta Referencias]] -> 0 | K22: Enero
A23: GALAGRO SANTANDER NAL. | B23: UVIO | C23: 3000000 | F23: 147754544 | H23: 10 | J23: =Tabla2[[#This Row],[Referencias Recomendadas]]*Tabla2[[#This Row],[Meta Referencias]] -> 0 | K23: Enero
A24: GALAGRO TOLIMA NAL. | B24: CAMPORIGEN | C24: 9000000 | F24: 167263834 | H24: 48 | J24: =Tabla2[[#This Row],[Referencias Recomendadas]]*Tabla2[[#This Row],[Meta Referencias]] -> 0 | K24: Enero
A25: GALAGRO TOLIMA NAL. | B25: UVIO | C25: 0 | F25: 167263834 | H25: 10 | J25: =Tabla2[[#This Row],[Referencias Recomendadas]]*Tabla2[[#This Row],[Meta Referencias]] -> 0 | K25: Enero
A26: GALAGRO VALLE CENTRO NAL. | B26: CAMPORIGEN | C26: 9000000 | D26: 10413200 | E26: 1.1570222 | F26: 265791537 | G26: 0.039178072 | H26: 48 | I26: 0.0625 | J26: =Tabla2[[#This Row],[Referencias Recomendadas]]*Tabla2[[#This Row],[Meta Referencias]] -> 3 | K26: Enero
A27: GALAGRO VALLE CENTRO NAL. | B27: UVIO | C27: 0 | F27: 265791537 | H27: 10 | J27: =Tabla2[[#This Row],[Referencias Recomendadas]]*Tabla2[[#This Row],[Meta Referencias]] -> 0 | K27: Enero
A28: GALAGRO BOYACA NAL. | B28: CAMPORIGEN | C28: 76000000 | D28: 132370750 | E28: 1.7417204 | F28: 317604442 | G28: 0.41677865 | H28: 48 | I28: 0.66666667 | J28: =Tabla2[[#This Row],[Referencias Recomendadas]]*Tabla2[[#This Row],[Meta Referencias]] -> 32 | K28: Febrero
A29: GALAGRO BOYACA NAL. | B29: UVIO | C29: 4000000 | D29: 1222900 | E29: 0.305725 | F29: 317604442 | G29: 0.003850387 | H29: 10 | I29: 0.3 | J29: =Tabla2[[#This Row],[Referencias Recomendadas]]*Tabla2[[#This Row],[Meta Referencias]] -> 3 | K29: Febrero
A30: GALAGRO CAUCA NAL. | B30: CAMPORIGEN | C30: 52800000 | D30: 63457900 | E30: 1.2018542 | F30: 365682905 | G30: 0.17353259 | H30: 48 | I30: 0.3125 | J30: =Tabla2[[#This Row],[Referencias Recomendadas]]*Tabla2[[#This Row],[Meta Referencias]] -> 15 | K30: Febrero
A31: GALAGRO CAUCA NAL. | B31: UVIO | C31: 3200000 | D31: 41100 | E31: 0.01284375 | F31: 365682905 | G31: 0.00011239246 | H31: 10 | I31: 0.1 | J31: =Tabla2[[#This Row],[Referencias Recomendadas]]*Tabla2[[#This Row],[Meta Referencias]] -> 1 | K31: Febrero
A32: GALAGRO CUNDINAMARCA NAL. | B32: CAMPORIGEN | C32: 132000000 | D32: 10892100 | E32: 0.082515909 | F32: 237178784 | G32: 0.045923585 | H32: 48 | I32: 0.27083333 | J32: =Tabla2[[#This Row],[Referencias Recomendadas]]*Tabla2[[#This Row],[Meta Referencias]] -> 13 | K32: Febrero
A33: GALAGRO CUNDINAMARCA NAL. | B33: UVIO | C33: 4000000 | D33: 475800 | E33: 0.11895 | F33: 237178784 | G33: 0.0020060816 | H33: 10 | I33: 0.2 | J33: =Tabla2[[#This Row],[Referencias Recomendadas]]*Tabla2[[#This Row],[Meta Referencias]] -> 2 | K33: Febrero
A34: GALAGRO EJE CAFETERO Y VALLE NORTE NAL. | B34: CAMPORIGEN | C34: 122800000 | D34: 7701700 | E34: 0.062717427 | H34: 48 | I34: 0.41666667 | J34: =Tabla2[[#This Row],[Referencias Recomendadas]]*Tabla2[[#This Row],[Meta Referencias]] -> 20 | K34: Febrero
A35: GALAGRO EJE CAFETERO Y VALLE NORTE NAL. | B35: UVIO | C35: 5200000 | D35: 425700 | E35: 0.081865385 | H35: 10 | I35: 0.3 | J35: =Tabla2[[#This Row],[Referencias Recomendadas]]*Tabla2[[#This Row],[Meta Referencias]] -> 3 | K35: Febrero
A36: GALAGRO HUILA NAL. | B36: CAMPORIGEN | C36: 70400000 | H36: 48 | J36: =Tabla2[[#This Row],[Referencias Recomendadas]]*Tabla2[[#This Row],[Meta Referencias]] -> 0 | K36: Febrero
A37: GALAGRO HUILA NAL. | B37: UVIO | C37: 1600000 | H37: 10 | J37: =Tabla2[[#This Row],[Referencias Recomendadas]]*Tabla2[[#This Row],[Meta Referencias]] -> 0 | K37: Febrero
A38: GALAGRO META NAL. | B38: CAMPORIGEN | C38: 46800000 | D38: 25102100 | E38: 0.53636966 | F38: 237178784 | G38: 0.10583619 | H38: 48 | I38: 0.3125 | J38: =Tabla2[[#This Row],[Referencias Recomendadas]]*Tabla2[[#This Row],[Meta Referencias]] -> 15 | K38: Febrero
A39: GALAGRO META NAL. | B39: UVIO | C39: 1200000 | D39: 0 | E39: 0 | F39: 237178784 | G39: 0 | H39: 10 | I39: 0.1 | J39: =Tabla2[[#This Row],[Referencias Recomendadas]]*Tabla2[[#This Row],[Meta Referencias]] -> 1 | K39: Febrero
A40: GALAGRO NACIONAL DIRECCIÓN | B40: CAMPORIGEN | D40: 34800900 | F40: 924461906 | G40: 0.037644493 | H40: 48 | I40: 0.20833333 | J40: =Tabla2[[#This Row],[Referencias Recomendadas]]*Tabla2[[#This Row],[Meta Referencias]] -> 10 | K40: Febrero
A41: GALAGRO NACIONAL DIRECCIÓN | B41: UVIO | F41: 924461906 | H41: 10 | J41: =Tabla2[[#This Row],[Referencias Recomendadas]]*Tabla2[[#This Row],[Meta Referencias]] -> 0 | K41: Febrero
A42: GALAGRO NACIONAL FLORES | B42: CAMPORIGEN | C42: 24000000 | D42: 6204700 | E42: 0.25852917 | F42: 3995775 | G42: 1.5528152 | H42: 48 | I42: 0.22916667 | J42: =Tabla2[[#This Row],[Referencias Recomendadas]]*Tabla2[[#This Row],[Meta Referencias]] -> 11 | K42: Febrero
A43: GALAGRO NACIONAL FLORES | B43: UVIO | C43: 0 | F43: 3995775 | H43: 10 | J43: =Tabla2[[#This Row],[Referencias Recomendadas]]*Tabla2[[#This Row],[Meta Referencias]] -> 0 | K43: Febrero
A44: GALAGRO NARIÑO NAL. | B44: CAMPORIGEN | C44: 117600000 | D44: 34853400 | E44: 0.29637245 | F44: 365682905 | G44: 0.095310444 | H44: 48 | I44: 0.22916667 | J44: =Tabla2[[#This Row],[Referencias Recomendadas]]*Tabla2[[#This Row],[Meta Referencias]] -> 11 | K44: Febrero
A45: GALAGRO NARIÑO NAL. | B45: UVIO | C45: 2400000 | F45: 365682905 | H45: 10 | J45: =Tabla2[[#This Row],[Referencias Recomendadas]]*Tabla2[[#This Row],[Meta Referencias]] -> 0 | K45: Febrero
A46: GALAGRO NORTE DE SANTANDER NAL. | B46: CAMPORIGEN | C46: 148000000 | F46: 317604442 | H46: 48 | J46: =Tabla2[[#This Row],[Referencias Recomendadas]]*Tabla2[[#This Row],[Meta Referencias]] -> 0 | K46: Febrero
A47: GALAGRO NORTE DE SANTANDER NAL. | B47: UVIO | C47: 4000000 | F47: 317604442 | H47: 10 | J47: =Tabla2[[#This Row],[Referencias Recomendadas]]*Tabla2[[#This Row],[Meta Referencias]] -> 0 | K47: Febrero
A48: GALAGRO SANTANDER NAL. | B48: CAMPORIGEN | C48: 148000000 | D48: 356200 | E48: 0.0024067568 | F48: 317604442 | G48: 0.0011215208 | H48: 48 | I48: 0.041666667 | J48: =Tabla2[[#This Row],[Referencias Recomendadas]]*Tabla2[[#This Row],[Meta Referencias]] -> 2 | K48: Febrero
A49: GALAGRO SANTANDER NAL. | B49: UVIO | C49: 4000000 | D49: 82200 | E49: 0.02055 | F49: 317604442 | G49: 0.0002588125 | H49: 10 | I49: 0.1 | J49: =Tabla2[[#This Row],[Referencias Recomendadas]]*Tabla2[[#This Row],[Meta Referencias]] -> 1 | K49: Febrero
A50: GALAGRO TOLIMA NAL. | B50: CAMPORIGEN | C50: 12000000 | F50: 237178784 | H50: 48 | J50: =Tabla2[[#This Row],[Referencias Recomendadas]]*Tabla2[[#This Row],[Meta Referencias]] -> 0 | K50: Febrero
A51: GALAGRO TOLIMA NAL. | B51: UVIO | C51: 0 | F51: 237178784 | H51: 10 | J51: =Tabla2[[#This Row],[Referencias Recomendadas]]*Tabla2[[#This Row],[Meta Referencias]] -> 0 | K51: Febrero
A52: GALAGRO VALLE CENTRO NAL. | B52: CAMPORIGEN | C52: 12000000 | D52: 33581800 | E52: 2.7984833 | F52: 365682905 | G52: 0.091833114 | H52: 48 | I52: 0.14583333 | J52: =Tabla2[[#This Row],[Referencias Recomendadas]]*Tabla2[[#This Row],[Meta Referencias]] -> 7 | K52: Febrero
A53: GALAGRO VALLE CENTRO NAL. | B53: UVIO | C53: 0 | F53: 365682905 | H53: 10 | J53: =Tabla2[[#This Row],[Referencias Recomendadas]]*Tabla2[[#This Row],[Meta Referencias]] -> 0 | K53: Febrero
A54: GALAGRO BOYACA NAL. | B54: CAMPORIGEN | C54: 85500000 | D54: 120279350 | E54: 1.406776 | F54: 403089252 | G54: 0.29839384 | H54: 48 | I54: 0.66666667 | J54: =Tabla2[[#This Row],[Referencias Recomendadas]]*Tabla2[[#This Row],[Meta Referencias]] -> 32 | K54: Marzo
A55: GALAGRO BOYACA NAL. | B55: UVIO | C55: 4500000 | D55: 646200 | E55: 0.1436 | F55: 403089252 | G55: 0.0016031189 | H55: 10 | I55: 0.2 | J55: =Tabla2[[#This Row],[Referencias Recomendadas]]*Tabla2[[#This Row],[Meta Referencias]] -> 2 | K55: Marzo
A56: GALAGRO CAUCA NAL. | B56: CAMPORIGEN | C56: 59400000 | D56: 9931900 | E56: 0.1672037 | F56: 385193920 | G56: 0.025784156 | H56: 48 | I56: 0.1875 | J56: =Tabla2[[#This Row],[Referencias Recomendadas]]*Tabla2[[#This Row],[Meta Referencias]] -> 9 | K56: Marzo
A57: GALAGRO CAUCA NAL. | B57: UVIO | C57: 3600000 | F57: 385193920 | H57: 10 | J57: =Tabla2[[#This Row],[Referencias Recomendadas]]*Tabla2[[#This Row],[Meta Referencias]] -> 0 | K57: Marzo
A58: GALAGRO CUNDINAMARCA NAL. | B58: CAMPORIGEN | C58: 148500000 | D58: 10399700 | E58: 0.07003165 | F58: 243637688 | G58: 0.042685104 | H58: 48 | I58: 0.27083333 | J58: =Tabla2[[#This Row],[Referencias Recomendadas]]*Tabla2[[#This Row],[Meta Referencias]] -> 13 | K58: Marzo
A59: GALAGRO CUNDINAMARCA NAL. | B59: UVIO | C59: 4500000 | D59: 261400 | E59: 0.058088889 | F59: 243637688 | G59: 0.0010729046 | H59: 10 | I59: 0.2 | J59: =Tabla2[[#This Row],[Referencias Recomendadas]]*Tabla2[[#This Row],[Meta Referencias]] -> 2 | K59: Marzo
A60: GALAGRO EJE CAFETERO Y VALLE NORTE NAL. | B60: CAMPORIGEN | C60: 138150000 | D60: 952050 | E60: 0.0068914224 | H60: 48 | I60: 0.14583333 | J60: =Tabla2[[#This Row],[Referencias Recomendadas]]*Tabla2[[#This Row],[Meta Referencias]] -> 7 | K60: Marzo
A61: GALAGRO EJE CAFETERO Y VALLE NORTE NAL. | B61: UVIO | C61: 5850000 | D61: 55800 | E61: 0.0095384615 | H61: 10 | I61: 0.1 | J61: =Tabla2[[#This Row],[Referencias Recomendadas]]*Tabla2[[#This Row],[Meta Referencias]] -> 1 | K61: Marzo
A62: GALAGRO HUILA NAL. | B62: CAMPORIGEN | C62: 79200000 | H62: 48 | J62: =Tabla2[[#This Row],[Referencias Recomendadas]]*Tabla2[[#This Row],[Meta Referencias]] -> 0 | K62: Marzo
A63: GALAGRO HUILA NAL. | B63: UVIO | C63: 1800000 | H63: 10 | J63: =Tabla2[[#This Row],[Referencias Recomendadas]]*Tabla2[[#This Row],[Meta Referencias]] -> 0 | K63: Marzo
A64: GALAGRO META NAL. | B64: CAMPORIGEN | C64: 52650000 | D64: 17216700 | E64: 0.32700285 | F64: 243637688 | G64: 0.070665176 | H64: 48 | I64: 0.1875 | J64: =Tabla2[[#This Row],[Referencias Recomendadas]]*Tabla2[[#This Row],[Meta Referencias]] -> 9 | K64: Marzo
A65: GALAGRO META NAL. | B65: UVIO | C65: 1350000 | F65: 243637688 | H65: 10 | J65: =Tabla2[[#This Row],[Referencias Recomendadas]]*Tabla2[[#This Row],[Meta Referencias]] -> 0 | K65: Marzo
A66: GALAGRO NACIONAL DIRECCIÓN | B66: CAMPORIGEN | D66: 311000 | F66: 1041049179 | G66: 0.00029873709 | H66: 48 | I66: 0.020833333 | J66: =Tabla2[[#This Row],[Referencias Recomendadas]]*Tabla2[[#This Row],[Meta Referencias]] -> 1 | K66: Marzo
A67: GALAGRO NACIONAL DIRECCIÓN | B67: UVIO | F67: 1041049179 | H67: 10 | J67: =Tabla2[[#This Row],[Referencias Recomendadas]]*Tabla2[[#This Row],[Meta Referencias]] -> 0 | K67: Marzo
A68: GALAGRO NACIONAL FLORES | B68: CAMPORIGEN | C68: 27000000 | F68: 9128319 | H68: 48 | J68: =Tabla2[[#This Row],[Referencias Recomendadas]]*Tabla2[[#This Row],[Meta Referencias]] -> 0 | K68: Marzo
A69: GALAGRO NACIONAL FLORES | B69: UVIO | C69: 0 | F69: 9128319 | H69: 10 | J69: =Tabla2[[#This Row],[Referencias Recomendadas]]*Tabla2[[#This Row],[Meta Referencias]] -> 0 | K69: Marzo
A70: GALAGRO NARIÑO NAL. | B70: CAMPORIGEN | C70: 132300000 | F70: 385193920 | H70: 48 | J70: =Tabla2[[#This Row],[Referencias Recomendadas]]*Tabla2[[#This Row],[Meta Referencias]] -> 0 | K70: Marzo
A71: GALAGRO NARIÑO NAL. | B71: UVIO | C71: 2700000 | F71: 385193920 | H71: 10 | J71: =Tabla2[[#This Row],[Referencias Recomendadas]]*Tabla2[[#This Row],[Meta Referencias]] -> 0 | K71: Marzo
A72: GALAGRO NORTE DE SANTANDER NAL. | B72: CAMPORIGEN | C72: 166500000 | D72: 442300 | F72: 403089252 | G72: 0.0010972756 | H72: 48 | I72: 0.0625 | J72: =Tabla2[[#This Row],[Referencias Recomendadas]]*Tabla2[[#This Row],[Meta Referencias]] -> 3 | K72: Marzo
A73: GALAGRO NORTE DE SANTANDER NAL. | B73: UVIO | C73: 4500000 | F73: 403089252 | H73: 10 | J73: =Tabla2[[#This Row],[Referencias Recomendadas]]*Tabla2[[#This Row],[Meta Referencias]] -> 0 | K73: Marzo
A74: GALAGRO SANTANDER NAL. | B74: CAMPORIGEN | C74: 166500000 | D74: 622000 | E74: 0.0037357357 | F74: 403089252 | G74: 0.0015430826 | H74: 48 | I74: 0.020833333 | J74: =Tabla2[[#This Row],[Referencias Recomendadas]]*Tabla2[[#This Row],[Meta Referencias]] -> 1 | K74: Marzo
A75: GALAGRO SANTANDER NAL. | B75: UVIO | C75: 4500000 | D75: 41100 | E75: 0.0091333333 | F75: 403089252 | G75: 0.00010196253 | H75: 10 | I75: 0.1 | J75: =Tabla2[[#This Row],[Referencias Recomendadas]]*Tabla2[[#This Row],[Meta Referencias]] -> 1 | K75: Marzo
A76: GALAGRO TOLIMA NAL. | B76: CAMPORIGEN | C76: 13500000 | F76: 243637688 | H76: 48 | J76: =Tabla2[[#This Row],[Referencias Recomendadas]]*Tabla2[[#This Row],[Meta Referencias]] -> 0 | K76: Marzo
A77: GALAGRO TOLIMA NAL. | B77: UVIO | C77: 0 | F77: 243637688 | H77: 10 | J77: =Tabla2[[#This Row],[Referencias Recomendadas]]*Tabla2[[#This Row],[Meta Referencias]] -> 0 | K77: Marzo
A78: GALAGRO VALLE CENTRO NAL. | B78: CAMPORIGEN | C78: 13500000 | F78: 385193920 | H78: 48 | J78: =Tabla2[[#This Row],[Referencias Recomendadas]]*Tabla2[[#This Row],[Meta Referencias]] -> 0 | K78: Marzo
A79: GALAGRO VALLE CENTRO NAL. | B79: UVIO | C79: 0 | F79: 385193920 | H79: 10 | J79: =Tabla2[[#This Row],[Referencias Recomendadas]]*Tabla2[[#This Row],[Meta Referencias]] -> 0 | K79: Marzo

Sheet Fincas
A1: Unidad de Negocio | B1: des_territorio | C1: atr_desc_empleado | D1: atr_cultivo_texto | E1: # Fincas | F1: Héctareas | G1: Mes | J1: Valores
A2: GALAGRO NACIONAL | B2: GALAGRO BOYACA NAL. | C2: Fredy Alberto Guzmán Daza | D2: Granadilla | E2: 1 | F2: 1 | G2: Enero | I2: Territorio | J2: Suma de Meta hectareas | K2: Suma de cultivos
A3: GALAGRO NACIONAL | B3: GALAGRO BOYACA NAL. | C3: Fredy Alberto Guzmán Daza | D3: Gulupa | E3: 1 | F3: 2 | G3: Enero | I3: (en blanco)
A4: GALAGRO NACIONAL | B4: GALAGRO BOYACA NAL. | C4: Fredy Alberto Guzmán Daza | D4: Papa Rubí | E4: 1 | F4: 1 | G4: Enero | I4: GALAGRO ANTIOQUIA DIRECCIÓN | J4: 840 | K4: 84
A5: GALAGRO NACIONAL | B5: GALAGRO BOYACA NAL. | C5: Fredy Alberto Guzmán Daza | D5: Papa Superior | E5: 1 | F5: 1 | G5: Enero | I5: GALAGRO BAJO CAUCA ANT. | J5: 30 | K5: 3
A6: GALAGRO NACIONAL | B6: GALAGRO BOYACA NAL. | C6: Fredy Alberto Guzmán Daza | D6: Papayuela | E6: 1 | F6: 2 | G6: Enero | I6: GALAGRO CORDOBA ANT. | J6: 60 | K6: 6
A7: GALAGRO NACIONAL | B7: GALAGRO BOYACA NAL. | C7: Fredy Alberto Guzmán Daza | D7: Tomate Invernadero | E7: 2 | F7: 2 | G7: Enero | I7: GALAGRO URABA ANT. | J7: 120 | K7: 12
A8: GALAGRO NACIONAL | B8: GALAGRO HUILA NAL. | C8: Andrea Sileny Pardo Pillimue | D8: Café | E8: 2 | F8: 5 | G8: Enero | I8: GALAGRO NORDESTE Y MAG. MEDIO ANT. | J8: 30 | K8: 3
A9: GALAGRO NACIONAL | B9: GALAGRO NARIÑO NAL. | C9: Juan José Lagos Regalado | D9: Fresa | E9: 1 | F9: 1 | G9: Enero | I9: GALAGRO NORTE ANT. | J9: 120 | K9: 12
A10: GALAGRO NACIONAL | B10: GALAGRO NARIÑO NAL. | C10: Juan José Lagos Regalado | D10: Palma de aceite | E10: 1 | F10: 20 | G10: Enero | I10: GALAGRO ORIENTE B ANT. | J10: 120 | K10: 12
A11: GALAGRO NACIONAL | B11: GALAGRO NARIÑO NAL. | C11: Juan José Lagos Regalado | D11: Papa Capira | E11: 3 | F11: 5 | G11: Enero | I11: GALAGRO VALLE DE ABURRA ANT. | J11: 90 | K11: 9
A12: GALAGRO NACIONAL | B12: GALAGRO NORTE DE SANTANDER NAL. | C12: Vladimir Leonardo Rondón Basto | D12: Durazno | E12: 1 | F12: 1 | G12: Enero | I12: GALAGRO ORIENTE A ANT. | J12: 120 | K12: 12
A13: GALAGRO NACIONAL | B13: GALAGRO BOYACA NAL. | C13: Fredy Alberto Guzmán Daza | D13: Arveja | E13: 1 | F13: 1 | G13: Febrero | I13: GALAGRO SUROESTE ANT. | J13: 120 | K13: 12
A14: GALAGRO NACIONAL | B14: GALAGRO BOYACA NAL. | C14: Fredy Alberto Guzmán Daza | D14: Fresa | E14: 2 | F14: 2 | G14: Febrero | I14: GALAGRO OFICINA ANT. | J14: 30 | K14: 3
A15: GALAGRO NACIONAL | B15: GALAGRO BOYACA NAL. | C15: Fredy Alberto Guzmán Daza | D15: Gulupa | E15: 1 | F15: 2 | G15: Febrero | I15: Total general | J15: 1680 | K15: 168
A16: GALAGRO NACIONAL | B16: GALAGRO BOYACA NAL. | C16: Fredy Alberto Guzmán Daza | D16: Limón Tahití | E16: 1 | F16: 1 | G16: Febrero
A17: GALAGRO NACIONAL | B17: GALAGRO BOYACA NAL. | C17: Fredy Alberto Guzmán Daza | D17: Mora | E17: 1 | F17: 1 | G17: Febrero
A18: GALAGRO NACIONAL | B18: GALAGRO BOYACA NAL. | C18: Fredy Alberto Guzmán Daza | D18: Papa ICA Única | E18: 2 | F18: 2 | G18: Febrero
A19: GALAGRO NACIONAL | B19: GALAGRO BOYACA NAL. | C19: Fredy Alberto Guzmán Daza | D19: Papa R12 | E19: 1 | F19: 3 | G19: Febrero
A20: GALAGRO NACIONAL | B20: GALAGRO BOYACA NAL. | C20: Fredy Alberto Guzmán Daza | D20: Papa Rubí | E20: 1 | F20: 2 | G20: Febrero
A21: GALAGRO NACIONAL | B21: GALAGRO BOYACA NAL. | C21: Fredy Alberto Guzmán Daza | D21: Papa Superior | E21: 1 | F21: 3 | G21: Febrero
A22: GALAGRO NACIONAL | B22: GALAGRO BOYACA NAL. | C22: Fredy Alberto Guzmán Daza | D22: Pimentón | E22: 2 | F22: 2 | G22: Febrero
A23: GALAGRO NACIONAL | B23: GALAGRO BOYACA NAL. | C23: Fredy Alberto Guzmán Daza | D23: Tomate Invernadero | E23: 4 | F23: 4 | G23: Febrero
A24: GALAGRO NACIONAL | B24: GALAGRO CUNDINAMARCA NAL. | C24: Yeferson Esmit Ramírez Ruíz | D24: Ahuyama | E24: 1 | F24: 3 | G24: Febrero
A25: GALAGRO NACIONAL | B25: GALAGRO CUNDINAMARCA NAL. | C25: Yeferson Esmit Ramírez Ruíz | D25: Sandía - Patilla | E25: 1 | F25: 10 | G25: Febrero
A26: GALAGRO NACIONAL | B26: GALAGRO EJE CAFETERO Y VALLE NORTE NAL. | C26: Sebastián Zapata Gutiérrez | D26: Pasto Clima Frío | E26: 1 | F26: 8 | G26: Febrero
A27: GALAGRO NACIONAL | B27: GALAGRO NARIÑO NAL. | C27: Juan José Lagos Regalado | D27: Palma de aceite | E27: 1 | F27: 7 | G27: Febrero
... A52: GALAGRO NACIONAL | B52: GALAGRO SANTANDER NAL. | C52: Annuar Andrey Hoyos Muñoz | D52: Maracuyá | E52: 1 | F52: 2 | G52: Marzo

Sheet Territorios
A1: Territorio de ventas | B1: Creados por | C1: Ciudad | D1: Total | E1: Encargado | F1: Meta clientes
A2: PYC AGRÍCOLA ANT BAJO CAUCA | B2: Carolina María Escobar Londoño | C2: MONTELIBANO | D2: 6 | E2: Carolina María Escobar Londoño
A3: PYC AGRÍCOLA ANT BAJO CAUCA | B3: Carolina María Escobar Londoño | C3: TARAZA | D3: 6 | E3: Carolina María Escobar Londoño
A4: PYC AGRÍCOLA ANT BAJO CAUCA | B4: Carolina María Escobar Londoño | C4: VALDIVIA | D4: 8 | E4: Carolina María Escobar Londoño
A5: PYC AGRÍCOLA ANT BAJO CAUCA | B5: Carolina María Escobar Londoño | C5: YARUMAL | D5: 1 | E5: Carolina María Escobar Londoño
A6: PYC AGRÍCOLA ANT CÓRDOBA | B6: (Vacante) Jonathan De Jesús Salcedo Arango | C6: CERETE | D6: 4 | E6: (Vacante) Jonathan De Jesús Salcedo Arango | F6: 160
A7: PYC AGRÍCOLA ANT CÓRDOBA | B7: (Vacante) Jonathan De Jesús Salcedo Arango | C7: COTORRA | D7: 3 | E7: (Vacante) Jonathan De Jesús Salcedo Arango | F7: 160
A8: PYC AGRÍCOLA ANT CÓRDOBA | B8: (Vacante) Jonathan De Jesús Salcedo Arango | C8: MONTERIA | D8: 8 | E8: (Vacante) Jonathan De Jesús Salcedo Arango | F8: 160
A9: PYC AGRÍCOLA ANT CÓRDOBA | B9: (Vacante) Jonathan De Jesús Salcedo Arango | C9: RIONEGRO | D9: 24 | E9: (Vacante) Jonathan De Jesús Salcedo Arango | F9: 160
A10: PYC AGRÍCOLA ANT CÓRDOBA | B10: (Vacante) Jonathan De Jesús Salcedo Arango | C10: TIERRALTA | D10: 6 | E10: (Vacante) Jonathan De Jesús Salcedo Arango | F10: 160
A11: PYC AGRÍCOLA ANT CÓRDOBA | B11: (Vacante) Jonathan De Jesús Salcedo Arango | C11: (en blanco) | D11: 20 | E11: (Vacante) Jonathan De Jesús Salcedo Arango | F11: 160
A12: PYC AGRÍCOLA ANT CÓRDOBA | B12: Jairo Jesús Morales Doria | C12: ACHI | D12: 1 | E12: Jairo Jesús Morales Doria
A13: PYC AGRÍCOLA ANT CÓRDOBA | B13: Jairo Jesús Morales Doria | C13: CAUCASIA | D13: 1 | E13: Jairo Jesús Morales Doria
A14: PYC AGRÍCOLA ANT CÓRDOBA | B14: Jairo Jesús Morales Doria | C14: CERETE | D14: 6 | E14: Jairo Jesús Morales Doria
A15: PYC AGRÍCOLA ANT CÓRDOBA | B15: Jairo Jesús Morales Doria | C15: COTORRA | D15: 8 | E15: Jairo Jesús Morales Doria
A16: PYC AGRÍCOLA ANT CÓRDOBA | B16: Jairo Jesús Morales Doria | C16: FREDONIA | D16: 1 | E16: Jairo Jesús Morales Doria
A17: PYC AGRÍCOLA ANT CÓRDOBA | B17: Jairo Jesús Morales Doria | C17: LORICA | D17: 3 | E17: Jairo Jesús Morales Doria
A18: PYC AGRÍCOLA ANT CÓRDOBA | B18: Jairo Jesús Morales Doria | C18: MAJAGUAL | D18: 7 | E18: Jairo Jesús Morales Doria
A19: PYC AGRÍCOLA ANT CÓRDOBA | B19: Jairo Jesús Morales Doria | C19: MONTERIA | D19: 2 | E19: Jairo Jesús Morales Doria
A20: PYC AGRÍCOLA ANT CÓRDOBA | B20: Jairo Jesús Morales Doria | C20: PLANETA RICA | D20: 2 | E20: Jairo Jesús Morales Doria
A21: PYC AGRÍCOLA ANT CÓRDOBA | B21: Jairo Jesús Morales Doria | C21: SAN CARLOS | D21: 2 | E21: Jairo Jesús Morales Doria
A22: PYC AGRÍCOLA ANT CÓRDOBA | B22: Jairo Jesús Morales Doria | C22: SAN MARCOS | D22: 6 | E22: Jairo Jesús Morales Doria
A23: PYC AGRÍCOLA ANT CÓRDOBA | B23: Jairo Jesús Morales Doria | C23: TIERRALTA | D23: 6 | E23: Jairo Jesús Morales Doria
... A40: PYC AGRÍCOLA ANT NORTE | B40: Carolina María Escobar Londoño | C40: YARUMAL | D40: 25 | E40: Carolina María Escobar Londoño
A41: PYC AGRÍCOLA ANT NORTE | B41: Marcela Ramirez Ramirez | C41: BELMIRA | D41: 2 | E41: Marcela Ramirez Ramirez | F41: 209
A42: PYC AGRÍCOLA ANT NORTE | B42: Marcela Ramirez Ramirez | C42: DON MATIAS | D42: 2 | E42: Marcela Ramirez Ramirez | F42: 209
A43: PYC AGRÍCOLA ANT NORTE | B43: Marcela Ramirez Ramirez | C43: ENTRERRIOS | D43: 6 | E43: Marcela Ramirez Ramirez | F43: 209
A44: PYC AGRÍCOLA ANT NORTE | B44: Marcela Ramirez Ramirez | C44: RIONEGRO | D44: 2 | E44: Marcela Ramirez Ramirez | F44: 209
A45: PYC AGRÍCOLA ANT NORTE | B45: Marcela Ramirez Ramirez | C45: SANTA ROSA DE OSOS | D45: 19 | E45: Marcela Ramirez Ramirez | F45: 209
A46: PYC AGRÍCOLA ANT NORTE | B46: Marcela Ramirez Ramirez | C46: YARUMAL | D46: 6 | E46: Marcela Ramirez Ramirez | F46: 209
A47: PYC AGRÍCOLA ANT NORTE | B47: Mario Andrés Granada Guisao | C47: ITAGUI | D47: 1 | E47: Mario Andrés Granada Guisao
A48: PYC AGRÍCOLA ANT ORIENTE A | B48: César Augusto Montoya Sierra | C48: ABEJORRAL | D48: 1 | E48: César Augusto Montoya Sierra
A49: PYC AGRÍCOLA ANT ORIENTE A | B49: Heidy Catalina Hernandez Restrepo | C49: ABEJORRAL | D49: 26 | E49: Heidy Catalina Hernandez Restrepo
A50: PYC AGRÍCOLA ANT ORIENTE A | B50: Heidy Catalina Hernandez Restrepo | C50: BOGOTA | D50: 1 | E50: Heidy Catalina Hernandez Restrepo
A51: PYC AGRÍCOLA ANT ORIENTE A | B51: Heidy Catalina Hernandez Restrepo | C51: CARMEN DE VIBORAL | D51: 32 | E51: Heidy Catalina Hernandez Restrepo
A52: PYC AGRÍCOLA ANT ORIENTE A | B52: Heidy Catalina Hernandez Restrepo | C52: CONCEPCION | D52: 2 | E52: Heidy Catalina Hernandez Restrepo
A53: PYC AGRÍCOLA ANT ORIENTE A | B53: Heidy Catalina Hernandez Restrepo | C53: ITAGUI | D53: 1 | E53: Heidy Catalina Hernandez Restrepo
A54: PYC AGRÍCOLA ANT ORIENTE A | B54: Heidy Catalina Hernandez Restrepo | C54: LA CEJA | D54: 37 | E54: Heidy Catalina Hernandez Restrepo
A55: PYC AGRÍCOLA ANT ORIENTE A | B55: Heidy Catalina Hernandez Restrepo | C55: LA UNION | D55: 22 | E55: Heidy Catalina Hernandez Restrepo
A56: PYC AGRÍCOLA ANT ORIENTE A | B56: Heidy Catalina Hernandez Restrepo | C56: RIONEGRO | D56: 55 | E56: Heidy Catalina Hernandez Restrepo
A57: PYC AGRÍCOLA ANT ORIENTE A | B57: Heidy Catalina Hernandez Restrepo | C57: SONSON | D57: 24 | E57: Heidy Catalina Hernandez Restrepo
A58: PYC AGRÍCOLA ANT ORIENTE A | B58: Heidy Catalina Hernandez Restrepo | C58: (en blanco) | D58: 1 | E58: Heidy Catalina Hernandez Restrepo
A59: PYC AGRÍCOLA ANT ORIENTE A | B59: Juan Esteban Montoya Serna | C59: ABEJORRAL | D59: 5 | E59: Santiago Idarraga Hurtado | F59: 33
A60: PYC AGRÍCOLA ANT ORIENTE A | B60: Juan Esteban Montoya Serna | C60: BOGOTA | D60: 1 | E60: Juan Esteban Montoya Serna | F60: 241
A61: PYC AGRÍCOLA ANT ORIENTE A | B61: Juan Esteban Montoya Serna | C61: CARMEN DE VIBORAL | D61: 19 | E61: Juan Esteban Montoya Serna | F61: 241
A62: PYC AGRÍCOLA ANT ORIENTE A | B62: Juan Esteban Montoya Serna | C62: LA CEJA | D62: 13 | E62: Juan Esteban Montoya Serna | F62: 241
A63: PYC AGRÍCOLA ANT ORIENTE A | B63: Juan Esteban Montoya Serna | C63: LA UNION | D63: 19 | E63: Juan Esteban Montoya Serna | F63: 241
A64: PYC AGRÍCOLA ANT ORIENTE A | B64: Juan Esteban Montoya Serna | C64: LA UNIÓN | D64: 4 | E64: Juan Esteban Montoya Serna | F64: 241
A65: PYC AGRÍCOLA ANT ORIENTE A | B65: Juan Esteban Montoya Serna | C65: RIONEGRO | D65: 10 | E65: Juan Esteban Montoya Serna | F65: 241
A66: PYC AGRÍCOLA ANT ORIENTE A | B66: Juan Esteban Montoya Serna | C66: SAN VICENTE FERRER | D66: 3 | E66: Juan Esteban Montoya Serna | F66: 241
A67: PYC AGRÍCOLA ANT ORIENTE A | B67: Juan Esteban Montoya Serna | C67: SONSON | D67: 13 | E67: Santiago Idarraga Hurtado | F67: 33
A68: PYC AGRÍCOLA ANT ORIENTE A | B68: Juan Esteban Montoya Serna | C68: (en blanco) | D68: 42
A69: PYC AGRÍCOLA ANT ORIENTE A | B69: Santiago Idarraga Hurtado | C69: SONSON | D69: 12 | E69: Santiago Idarraga Hurtado | F69: 33
A70: PYC AGRÍCOLA ANT ORIENTE A | B70: Santiago Idarraga Hurtado | C70: (en blanco) | D70: 82
A71: PYC AGRÍCOLA ANT ORIENTE B | B71: Alejandro Suárez García | C71: CONCEPCION | D71: 2 | E71: Alejandro Suárez García
A72: PYC AGRÍCOLA ANT ORIENTE B | B72: Alejandro Suárez García | C72: EL SANTUARIO | D72: 23 | E72: Alejandro Suárez García
A73: PYC AGRÍCOLA ANT ORIENTE B | B73: Alejandro Suárez García | C73: GRANADA | D73: 3 | E73: Alejandro Suárez García
A74: PYC AGRÍCOLA ANT ORIENTE B | B74: Alejandro Suárez García | C74: GUARNE | D74: 28 | E74: Alejandro Suárez García
A75: PYC AGRÍCOLA ANT ORIENTE B | B75: Alejandro Suárez García | C75: ITAGUI | D75: 8 | E75: Alejandro Suárez García
A76: PYC AGRÍCOLA ANT ORIENTE B | B76: Alejandro Suárez García | C76: MARINILLA | D76: 42 | E76: Alejandro Suárez García
A77: PYC AGRÍCOLA ANT ORIENTE B | B77: Alejandro Suárez García | C77: MEDELLIN | D77: 6 | E77: Alejandro Suárez García
A78: PYC AGRÍCOLA ANT ORIENTE B | B78: Alejandro Suárez García | C78: PEÑOL | D78: 33 | E78: Alejandro Suárez García
A79: PYC AGRÍCOLA ANT ORIENTE B | B79: Alejandro Suárez García | C79: SAN VICENTE | D79: 29 | E79: Alejandro Suárez García
A80: PYC AGRÍCOLA ANT ORIENTE B | B80: César Augusto Montoya Sierra | C80: PEÑOL | D80: 1 | E80: César Augusto Montoya Sierra
A81: PYC AGRÍCOLA ANT ORIENTE B | B81: Edison Ferney Rivera Muñoz | C81: CONCEPCION | D81: 4 | E81: Edison Ferney Rivera Muñoz | F81: 146
A82: PYC AGRÍCOLA ANT ORIENTE B | B82: Edison Ferney Rivera Muñoz | C82: EL SANTUARIO | D82: 30 | E82: Maria Alejandra Diaz Aguirre | F82: 101
A83: PYC AGRÍCOLA ANT ORIENTE B | B83: Edison Ferney Rivera Muñoz | C83: GRANADA | D83: 2 | E83: Maria Alejandra Diaz Aguirre | F83: 101
A84: PYC AGRÍCOLA ANT ORIENTE B | B84: Edison Ferney Rivera Muñoz | C84: GUARNE | D84: 43 | E84: Edison Ferney Rivera Muñoz | F84: 146
A85: PYC AGRÍCOLA ANT ORIENTE B | B85: Edison Ferney Rivera Muñoz | C85: ITAGUI | D85: 2 | E85: Edison Ferney Rivera Muñoz | F85: 146
A86: PYC AGRÍCOLA ANT ORIENTE B | B86: Edison Ferney Rivera Muñoz | C86: MARINILLA | D86: 45 | E86: Edison Ferney Rivera Muñoz | F86: 146
A87: PYC AGRÍCOLA ANT ORIENTE B | B87: Edison Ferney Rivera Muñoz | C87: MEDELLIN | D87: 1 | E87: Edison Ferney Rivera Muñoz | F87: 146
A88: PYC AGRÍCOLA ANT ORIENTE B | B88: Edison Ferney Rivera Muñoz | C88: PEÑOL | D88: 35 | E88: Maria Alejandra Diaz Aguirre | F88: 101
A89: PYC AGRÍCOLA ANT ORIENTE B | B89: Edison Ferney Rivera Muñoz | C89: RIONEGRO | D89: 5 | E89: Edison Ferney Rivera Muñoz | F89: 146
A90: PYC AGRÍCOLA ANT ORIENTE B | B90: Edison Ferney Rivera Muñoz | C90: SAN VICENTE | D90: 77 | E90: Edison Ferney Rivera Muñoz | F90: 146
A91: PYC AGRÍCOLA ANT ORIENTE B | B91: Edison Ferney Rivera Muñoz | C91: (en blanco) | D91: 2
A92: PYC AGRÍCOLA ANT ORIENTE B | B92: Juan Felipe Botero Gómez | C92: MEDELLIN | D92: 1 | E92: Juan Felipe Botero Gómez | F92: 64
A93: PYC AGRÍCOLA ANT SUROESTE | B93: (vacante) Alex García Moncada | C93: ANDES | D93: 34 | E93: (vacante) Alex García Moncada | F93: 122
A94: PYC AGRÍCOLA ANT SUROESTE | B94: (vacante) Alex García Moncada | C94: BETANIA | D94: 9 | E94: (vacante) Alex García Moncada | F94: 122
A95: PYC AGRÍCOLA ANT SUROESTE | B95: (vacante) Alex García Moncada | C95: BOLIVAR | D95: 15 | E95: (vacante) Alex García Moncada | F95: 122
A96: PYC AGRÍCOLA ANT SUROESTE | B96: (vacante) Alex García Moncada | C96: HISPANIA | D96: 2 | E96: (vacante) Alex García Moncada | F96: 122
A97: PYC AGRÍCOLA ANT SUROESTE | B97: (vacante) Alex García Moncada | C97: JARDIN | D97: 48 | E97: (vacante) Alex García Moncada | F97: 122
A98: PYC AGRÍCOLA ANT SUROESTE | B98: (vacante) Alex García Moncada | C98: MEDELLIN | D98: 1 | E98: (vacante) Alex García Moncada | F98: 122
A99: PYC AGRÍCOLA ANT SUROESTE | B99: (vacante) Alex García Moncada | C99: PUEBLORRICO | D99: 6 | E99: (vacante) Alex García Moncada | F99: 122
A100: PYC AGRÍCOLA ANT SUROESTE | B100: (vacante) Alex García Moncada | C100: RIONEGRO | D100: 3 | E100: (vacante) Alex García Moncada | F100: 122
A101: PYC AGRÍCOLA ANT SUROESTE | B101: (vacante) Alex García Moncada | C101: RIOSUCIO | D101: 1 | E101: (vacante) Alex García Moncada | F101: 122
A102: PYC AGRÍCOLA ANT SUROESTE | B102: (vacante) Alex García Moncada | C102: SALGAR | D102: 7 | E102: (vacante) Alex García Moncada | F102: 122
A103: PYC AGRÍCOLA ANT SUROESTE | B103: (vacante) Alex García Moncada | C103: SANTAFE DE ANTIOQUIA | D103: 1 | E103: (vacante) Alex García Moncada | F103: 122
... A110: PYC AGRÍCOLA ANT SUROESTE | B110: Fabian Rueda Rueda | C110: (en blanco) | D110: 5 | E110: (vacante) Alex García Moncada | F110: 122
A111: PYC AGRÍCOLA ANT SUROESTE | B111: Sara Ruíz Restrepo | C111: ANDES | D111: 52 | E111: Sara Ruíz Restrepo
A112: PYC AGRÍCOLA ANT SUROESTE | B112: Sara Ruíz Restrepo | C112: BETANIA | D112: 14 | E112: Sara Ruíz Restrepo
A113: PYC AGRÍCOLA ANT SUROESTE | B113: Sara Ruíz Restrepo | C113: BETULIA | D113: 26 | E113: Sara Ruíz Restrepo
A114: PYC AGRÍCOLA ANT SUROESTE | B114: Sara Ruíz Restrepo | C114: BOLIVAR | D114: 12 | E114: Sara Ruíz Restrepo
A115: PYC AGRÍCOLA ANT SUROESTE | B115: Sara Ruíz Restrepo | C115: CALDAS | D115: 3 | E115: Sara Ruíz Restrepo
A116: PYC AGRÍCOLA ANT SUROESTE | B116: Sara Ruíz Restrepo | C116: CONCORDIA | D116: 22 | E116: Sara Ruíz Restrepo
A117: PYC AGRÍCOLA ANT SUROESTE | B117: Sara Ruíz Restrepo | C117: FREDONIA | D117: 4 | E117: Sara Ruíz Restrepo
A118: PYC AGRÍCOLA ANT SUROESTE | B118: Sara Ruíz Restrepo | C118: HISPANIA | D118: 3 | E118: Sara Ruíz Restrepo
A119: PYC AGRÍCOLA ANT SUROESTE | B119: Sara Ruíz Restrepo | C119: ILES | D119: 2 | E119: Sara Ruíz Restrepo
A120: PYC AGRÍCOLA ANT SUROESTE | B120: Sara Ruíz Restrepo | C120: JARDIN | D120: 11 | E120: Sara Ruíz Restrepo
A121: PYC AGRÍCOLA ANT SUROESTE | B121: Sara Ruíz Restrepo | C121: JERICO | D121: 2 | E121: Sara Ruíz Restrepo
A122: PYC AGRÍCOLA ANT SUROESTE | B122: Sara Ruíz Restrepo | C122: MEDELLIN | D122: 3 | E122: Sara Ruíz Restrepo
...

Sheet base director
A1: Comercial | B1: Indicador | D1: Cumplimiento | E1: Meta | F1: Peso Ajustado | G1: Peso | H1: Gestión Real Enero | I1: Gestión Real Febrero | J1: Gestión Real Marzo | K1: Meta Esperada
A2: Carolina María Escobar Londoño (BC) | B2: Ejecución Visitas | C2: ⬤ | D2: 0.7 | E2: 0.9 | F2: 0.125 | G2: 0.1 | H2: 0 | I2: 12 | J2: 9 | K2: 30
A3: Carolina María Escobar Londoño (BC) | B3: Cobertura Clientes | C3: ⬤ | D3: 1.8 | E3: 0.9 | F3: 0.125 | G3: 0.1 | H3: 0 | I3: 11 | J3: 7 | K3: 10
A4: Carolina María Escobar Londoño (BC) | B4: Nuevos Clientes | C4: ⬤ | D4: 0 | E4: 0.9 | F4: 0.125 | G4: 0.1 | H4: 0 | I4: 0 | J4: 0 | K4: 1
A5: Carolina María Escobar Londoño (BC) | B5: Recomendados | C5: ⬤ | D5: 0 | E5: 0.9 | F5: 0 | G5: 0.2 | H5: 0 | I5: 0 | J5: 0 | K5: 0
A6: Carolina María Escobar Londoño (BC) | B6: Referencias | C6: ⬤ | D6: 0 | E6: 0.9 | F6: 0.125 | G6: 0.1 | H6: 0 | I6: 0 | J6: 0 | K6: 292
A7: Carolina María Escobar Londoño (BC) | B7: leads Calificados | C7: ⬤ | D7: 0 | E7: 0.9 | F7: 0.125 | G7: 0.1 | H7: 0 | I7: 0 | J7: 0 | K7: 0
A8: Carolina María Escobar Londoño (BC) | B8: leads Calificados A Tiempo | C8: ⬤ | D8: 0 | E8: 0.9 | F8: 0.125 | G8: 0.1 | H8: 0 | I8: 0 | J8: 0 | K8: 0
A9: Carolina María Escobar Londoño (BC) | B9: Impacto en clientes (Actividades de Campo) | C9: ⬤ | D9: 0 | E9: 0.9 | F9: 0.125 | G9: 0.1 | H9: 0 | I9: 0 | J9: 0 | K9: 3.5
A10: Carolina María Escobar Londoño (BC) | B10: Hectareas Cultivos impactados | C10: ⬤ | D10: 0 | E10: 0.9 | F10: 0.0625 | G10: 0.05 | H10: 0 | I10: 0 | J10: 0
A11: Carolina María Escobar Londoño (BC) | B11: Cultivos impactados | C11: ⬤ | D11: 0 | E11: 0.9 | F11: 0.0625 | G11: 0.05 | H11: 0 | I11: 0 | J11: 0 | K11: 3
A12: Marcela Ramirez Ramirez (BC) | B12: Ejecución Visitas | C12: ⬤ | D12: 0 | E12: 0.9 | F12: 0.125 | G12: 0.1 | H12: 0 | I12: 0 | J12: 0 | K12: 180
A13: Marcela Ramirez Ramirez (BC) | B13: Cobertura Clientes | C13: ⬤ | D13: 0 | E13: 0.9 | F13: 0.125 | G13: 0.1 | H13: 0 | I13: 0 | J13: 0 | K13: 10
A14: Marcela Ramirez Ramirez (BC) | B14: Nuevos Clientes | C14: ⬤ | D14: 0 | E14: 0.9 | F14: 0.125 | G14: 0.1 | H14: 0 | I14: 0 | J14: 0 | K14: 1
A15: Marcela Ramirez Ramirez (BC) | B15: Recomendados | C15: ⬤ | D15: 0 | E15: 0.9 | F15: 0 | G15: 0.2 | H15: 0 | I15: 0 | J15: 0 | K15: 0
A16: Marcela Ramirez Ramirez (BC) | B16: Referencias | C16: ⬤ | D16: 0 | E16: 0.9 | F16: 0.125 | G16: 0.1 | H16: 0 | I16: 0 | J16: 0 | K16: 292
A17: Marcela Ramirez Ramirez (BC) | B17: leads Calificados | C17: ⬤ | D17: 0 | E17: 0.9 | F17: 0.125 | G17: 0.1 | H17: 0 | I17: 0 | J17: 0 | K17: 0
A18: Marcela Ramirez Ramirez (BC) | B18: leads Calificados A Tiempo | C18: ⬤ | D18: 0 | E18: 0.9 | F18: 0.125 | G18: 0.1 | H18: 0 | I18: 0 | J18: 0 | K18: 0
A19: Marcela Ramirez Ramirez (BC) | B19: Impacto en clientes (Actividades de Campo) | C19: ⬤ | D19: 0 | E19: 0.9 | F19: 0.125 | G19: 0.1 | H19: 0 | I19: 0 | J19: 0
A20: Marcela Ramirez Ramirez (BC) | B20: Hectareas Cultivos impactados | C20: ⬤ | D20: 0 | E20: 0.9 | F20: 0.0625 | G20: 0.05 | H20: 0 | I20: 0 | J20: 0 | K20: 90
A21: Marcela Ramirez Ramirez (BC) | B21: Cultivos impactados | C21: ⬤ | D21: 0 | E21: 0.9 | F21: 0.0625 | G21: 0.05 | H21: 0 | I21: 0 | J21: 0 | K21: 3
A22: Jairo Jesús Morales Doria | B22: Ejecución Visitas | C22: ⬤ | D22: 0.24102564 | E22: 0.9 | F22: 0.1 | G22: 0.1 | H22: 0 | I22: 21 | J22: 26 | K22: 195
A23: Jairo Jesús Morales Doria | B23: Cobertura Clientes | C23: ⬤ | D23: 0.64615385 | E23: 0.9 | F23: 0.1 | G23: 0.1 | H23: 0 | I23: 20 | J23: 22 | K23: 65
A24: Jairo Jesús Morales Doria | B24: Nuevos Clientes | C24: ⬤ | D24: 0.375 | E24: 0.9 | F24: 0.1 | G24: 0.1 | H24: 6 | I24: 6 | J24: 6 | K24: 16
A25: Jairo Jesús Morales Doria | B25: Recomendados | C25: ⬤ | D25: 0 | E25: 0.9 | F25: 0.2 | G25: 0.2 | H25: 0 | I25: 0 | J25: 0 | K25: 624282058
A26: Jairo Jesús Morales Doria | B26: Referencias | C26: ⬤ | D26: 0 | E26: 0.9 | F26: 0.1 | G26: 0.1 | H26: 0 | I26: 0 | J26: 0 | K26: 292
A27: Jairo Jesús Morales Doria | B27: leads Calificados | C27: ⬤ | D27: 0 | E27: 0.9 | F27: 0.1 | G27: 0.1 | H27: 0 | I27: 0 | J27: 0 | K27: 0
A28: Jairo Jesús Morales Doria | B28: leads Calificados A Tiempo | C28: ⬤ | D28: 0 | E28: 0.9 | F28: 0.1 | G28: 0.1 | H28: 0 | I28: 0 | J28: 0 | K28: 0
A29: Jairo Jesús Morales Doria | B29: Impacto en clientes (Actividades de Campo) | C29: ⬤ | D29: 1.5 | E29: 0.9 | F29: 0.1 | G29: 0.1 | H29: 0 | I29: 1 | J29: 15 | K29: 3.5
A30: Jairo Jesús Morales Doria | B30: Hectareas Cultivos impactados | C30: ⬤ | D30: 1.5 | E30: 0.9 | F30: 0.05 | G30: 0.05
A31: Jairo Jesús Morales Doria | B31: Cultivos impactados | C31: ⬤ | D31: 0.33333333 | E31: 0.9 | F31: 0.05 | G31: 0.05 | H31: 0 | I31: 1 | J31: 0 | K31: 3
A32: (Vacante) Jonathan De Jesús Salcedo Arango | B32: Ejecución Visitas | C32: ⬤ | D32: 0.23888889 | E32: 0.9 | F32: 0.1 | G32: 0.1 | H32: 0 | I32: 17 | J32: 26 | K32: 180
A33: (Vacante) Jonathan De Jesús Salcedo Arango | B33: Cobertura Clientes | C33: ⬤ | D33: 0.1375 | E33: 0.9 | F33: 0.1 | G33: 0.1 | H33: 0 | I33: 13 | J33: 9 | K33: 160
A34: (Vacante) Jonathan De Jesús Salcedo Arango | B34: Nuevos Clientes | C34: ⬤ | D34: 0 | E34: 0.9 | F34: 0.1 | G34: 0.1 | H34: 0 | I34: 0 | J34: 0 | K34: 1
A35: (Vacante) Jonathan De Jesús Salcedo Arango | B35: Recomendados | C35: ⬤ | D35: 0 | E35: 0.9 | F35: 0.2 | G35: 0.2 | H35: 0 | I35: 0 | J35: 0
A36: (Vacante) Jonathan De Jesús Salcedo Arango | B36: Referencias | C36: ⬤ | D36: 0 | E36: 0.9 | F36: 0.1 | G36: 0.1 | H36: 0 | I36: 0 | J36: 0 | K36: 292
A37: (Vacante) Jonathan De Jesús Salcedo Arango | B37: leads Calificados | C37: ⬤ | D37: 1 | E37: 0.9 | F37: 0.1 | G37: 0.1 | H37: 1 | I37: 0 | J37: 0 | K37: 1
A38: (Vacante) Jonathan De Jesús Salcedo Arango | B38: leads Calificados A Tiempo | C38: ⬤ | D38: 0 | E38: 0.9 | F38: 0.1 | G38: 0.1 | H38: 0 | I38: 0 | J38: 0 | K38: 0
A39: (Vacante) Jonathan De Jesús Salcedo Arango | B39: Impacto en clientes (Actividades de Campo) | C39: ⬤ | D39: 1.5 | E39: 0.9 | F39: 0.1 | G39: 0.1 | H39: 0 | I39: 1 | J39: 15
A40: (Vacante) Jonathan De Jesús Salcedo Arango | B40: Hectareas Cultivos impactados | C40: ⬤ | D40: 1.5 | E40: 0.9 | F40: 0.05 | G40: 0.05 | H40: 0 | I40: 799 | J40: 0 | K40: 90
A41: (Vacante) Jonathan De Jesús Salcedo Arango | B41: Cultivos impactados | C41: ⬤ | D41: 0.33333333 | E41: 0.9 | F41: 0.05 | G41: 0.05 | H41: 0 | I41: 1 | J41: 0 | K41: 3
A42: Carolina María Escobar Londoño | B42: Ejecución Visitas | C42: ⬤ | D42: 0.58333333 | E42: 0.9 | F42: 0.1 | G42: 0.1 | H42: 18 | I42: 71 | J42: 58 | K42: 252
A43: Carolina María Escobar Londoño | B43: Cobertura Clientes | C43: ⬤ | D43: 1.3809524 | E43: 0.9 | F43: 0.1 | G43: 0.1 | H43: 16 | I43: 55 | J43: 45 | K43: 84
A44: Carolina María Escobar Londoño | B44: Nuevos Clientes | C44: ⬤ | D44: 1.3333333 | E44: 0.9 | F44: 0.1 | G44: 0.1 | H44: 8 | I44: 5 | J44: 5 | K44: 6
A45: Carolina María Escobar Londoño | B45: Recomendados | C45: ⬤ | D45: 0 | E45: 0.9 | F45: 0.2 | G45: 0.2 | H45: 0 | I45: 0 | J45: 0 | K45: 2559481741
A46: Carolina María Escobar Londoño | B46: Referencias | C46: ⬤ | D46: 0 | E46: 0.9 | F46: 0.1 | G46: 0.1 | H46: 0 | I46: 0 | J46: 0 | K46: 292
A47: Carolina María Escobar Londoño | B47: leads Calificados | C47: ⬤ | D47: 0 | E47: 0.9 | F47: 0.1 | G47: 0.1 | H47: 0 | I47: 0 | J47: 0 | K47: 0
A48: Carolina María Escobar Londoño | B48: leads Calificados A Tiempo | C48: ⬤ | D48: 0 | E48: 0.9 | F48: 0.1 | G48: 0.1 | H48: 0 | I48: 0 | J48: 0 | K48: 0
A49: Carolina María Escobar Londoño | B49: Impacto en clientes (Actividades de Campo) | C49: ⬤ | D49: 0.57142857 | E49: 0.9 | F49: 0.1 | G49: 0.1 | H49: 0 | I49: 0 | J49: 2 | K49: 3.5
A50: Carolina María Escobar Londoño | B50: Hectareas Cultivos impactados | C50: ⬤ | D50: 0 | E50: 0.9 | F50: 0.05 | G50: 0.05
A51: Carolina María Escobar Londoño | B51: Cultivos impactados | C51: ⬤ | D51: 0 | E51: 0.9 | F51: 0.05 | G51: 0.05 | H51: 0 | I51: 0 | J51: 0 | K51: 3
A52: Marcela Ramirez Ramirez | B52: Ejecución Visitas | C52: ⬤ | D52: 0.2 | E52: 0.9 | F52: 0.1 | G52: 0.1 | H52: 0 | I52: 0 | J52: 36 | K52: 180
A53: Marcela Ramirez Ramirez | B53: Cobertura Clientes | C53: ⬤ | D53: 0.09047619 | E53: 0.9 | F53: 0.1 | G53: 0.1 | H53: 0 | I53: 0 | J53: 19 | K53: 210
A54: Marcela Ramirez Ramirez | B54: Nuevos Clientes | C54: ⬤ | D54: 0 | E54: 0.9 | F54: 0.1 | G54: 0.1 | H54: 0 | I54: 0 | J54: 0 | K54: 1
A55: Marcela Ramirez Ramirez | B55: Recomendados | C55: ⬤ | D55: 0 | E55: 0.9 | F55: 0.2 | G55: 0.2 | H55: 0 | I55: 0 | J55: 0
A56: Marcela Ramirez Ramirez | B56: Referencias | C56: ⬤ | D56: 0 | E56: 0.9 | F56: 0.1 | G56: 0.1 | H56: 0 | I56: 0 | J56: 0 | K56: 292
A57: Marcela Ramirez Ramirez | B57: leads Calificados | C57: ⬤ | D57: 0 | E57: 0.9 | F57: 0.1 | G57: 0.1 | H57: 0 | I57: 0 | J57: 0 | K57: 0
A58: Marcela Ramirez Ramirez | B58: leads Calificados A Tiempo | C58: ⬤ | D58: 0 | E58: 0.9 | F58: 0.1 | G58: 0.1 | H58: 0 | I58: 0 | J58: 0 | K58: 0
A59: Marcela Ramirez Ramirez | B59: Impacto en clientes (Actividades de Campo) | C59: ⬤ | D59: 0.57142857 | E59: 0.9 | F59: 0.1 | G59: 0.1 | H59: 0 | I59: 0 | J59: 2
A60: Marcela Ramirez Ramirez | B60: Hectareas Cultivos impactados | C60: ⬤ | D60: 0 | E60: 0.9 | F60: 0.05 | G60: 0.05 | H60: 0 | I60: 0 | J60: 0 | K60: 90
A61: Marcela Ramirez Ramirez | B61: Cultivos impactados | C61: ⬤ | D61: 0 | E61: 0.9 | F61: 0.05 | G61: 0.05 | H61: 0 | I61: 0 | J61: 0 | K61: 3
A62: Heidy Catalina Hernandez Restrepo | B62: Ejecución Visitas | C62: ⬤ | D62: 1.7521368 | E62: 0.9 | F62: 0.1 | G62: 0.1 | H62: 28 | I62: 78 | J62: 99 | K62: 117
A63: Heidy Catalina Hernandez Restrepo | B63: Cobertura Clientes | C63: ⬤ | D63: 1.974359 | E63: 0.9 | F63: 0.1 | G63: 0.1 | H63: 14 | I63: 30 | J63: 33 | K63: 39
A64: Heidy Catalina Hernandez Restrepo | B64: Nuevos Clientes | C64: ⬤ | D64: 0.5 | E64: 0.9 | F64: 0.1 | G64: 0.1 | H64: 1 | I64: 1 | J64: 1 | K64: 2
A65: Heidy Catalina Hernandez Restrepo | B65: Recomendados | C65: ⬤ | D65: 0 | E65: 0.9 | F65: 0.2 | G65: 0.2 | H65: 0 | I65: 0 | J65: 0 | K65: 2560058204
A66: Heidy Catalina Hernandez Restrepo | B66: Referencias | C66: ⬤ | D66: 0 | E66: 0.9 | F66: 0.1 | G66: 0.1 | H66: 0 | I66: 0 | J66: 0 | K66: 292
A67: Heidy Catalina Hernandez Restrepo | B67: leads Calificados | C67: ⬤ | D67: 0 | E67: 0.9 | F67: 0.1 | G67: 0.1 | H67: 0 | I67: 0 | J67: 0 | K67: 0
A68: Heidy Catalina Hernandez Restrepo | B68: leads Calificados A Tiempo | C68: ⬤ | D68: 0 | E68: 0.9 | F68: 0.1 | G68: 0.1 | H68: 0 | I68: 0 | J68: 0 | K68: 0
A69: Heidy Catalina Hernandez Restrepo | B69: Impacto en clientes (Actividades de Campo) | C69: ⬤ | D69: 0.14285714 | E69: 0.9 | F69: 0.1 | G69: 0.1 | H69: 1 | I69: 0 | J69: 0 | K69: 7
A70: Heidy Catalina Hernandez Restrepo | B70: Hectareas Cultivos impactados | C70: ⬤ | D70: 0.19444444 | E70: 0.9 | F70: 0.05 | G70: 0.05
A71: Heidy Catalina Hernandez Restrepo | B71: Cultivos impactados | C71: ⬤ | D71: 1.5 | E71: 0.9 | F71: 0.05 | G71: 0.05 | H71: 2 | I71: 6 | J71: 3 | K71: 6
A72: Santiago Idarraga Hurtado | B72: Ejecución Visitas | C72: ⬤ | D72: 0.53888889 | E72: 0.9 | F72: 0.1 | G72: 0.1 | H72: 0 | I72: 32 | J72: 65 | K72: 180
A73: Santiago Idarraga Hurtado | B73: Cobertura Clientes | C73: ⬤ | D73: 2.3235294 | E73: 0.9 | F73: 0.1 | G73: 0.1 | H73: 0 | I73: 26 | J73: 53 | K73: 34
A74: Santiago Idarraga Hurtado | B74: Nuevos Clientes | C74: ⬤ | D74: 0 | E74: 0.9 | F74: 0.1 | G74: 0.1 | H74: 0 | I74: 0 | J74: 0 | K74: 1
A75: Santiago Idarraga Hurtado | B75: Recomendados | C75: ⬤ | D75: 0 | E75: 0.9 | F75: 0.2 | G75: 0.2 | H75: 0 | I75: 0 | J75: 0
A76: Santiago Idarraga Hurtado | B76: Referencias | C76: ⬤ | D76: 0 | E76: 0.9 | F76: 0.1 | G76: 0.1 | H76: 0 | I76: 0 | J76: 0 | K76: 292
A77: Santiago Idarraga Hurtado | B77: leads Calificados | C77: ⬤ | D77: 1.1666667 | E77: 0.9 | F77: 0.1 | G77: 0.1 | H77: 0 | I77: 6 | J77: 1 | K77: 6
A78: Santiago Idarraga Hurtado | B78: leads Calificados A Tiempo | C78: ⬤ | D78: 0 | E78: 0.9 | F78: 0.1 | G78: 0.1 | H78: 0 | I78: 0 | J78: 0 | K78: 0
A79: Santiago Idarraga Hurtado | B79: Impacto en clientes (Actividades de Campo) | C79: ⬤ | D79: 0.14285714 | E79: 0.9 | F79: 0.1 | G79: 0.1 | H79: 1 | I79: 0 | J79: 0
A80: Santiago Idarraga Hurtado | B80: Hectareas Cultivos impactados | C80: ⬤ | D80: 0.19444444 | E80: 0.9 | F80: 0.05 | G80: 0.05 | H80: 7 | I80: 18 | J80: 10 | K80: 180
A81: Santiago Idarraga Hurtado | B81: Cultivos impactados | C81: ⬤ | D81: 1.5 | E81: 0.9 | F81: 0.05 | G81: 0.05 | H81: 2 | I81: 6 | J81: 3 | K81: 6
A82: Juan Esteban Montoya Serna | B82: Ejecución Visitas | C82: ⬤ | D82: 0.72777778 | E82: 0.9 | F82: 0.1 | G82: 0.1 | H82: 40 | I82: 6 | J82: 85 | K82: 180
A83: Juan Esteban Montoya Serna | B83: Cobertura Clientes | C83: ⬤ | D83: 0.26209677 | E83: 0.9 | F83: 0.1 | G83: 0.1 | H83: 17 | I83: 4 | J83: 44 | K83: 248
A84: Juan Esteban Montoya Serna | B84: Nuevos Clientes | C84: ⬤ | D84: 0 | E84: 0.9 | F84: 0.1 | G84: 0.1 | H84: 0 | I84: 0 | J84: 0 | K84: 1
A85: Juan Esteban Montoya Serna | B85: Recomendados | C85: ⬤ | D85: 0 | E85: 0.9 | F85: 0.2 | G85: 0.2 | H85: 0 | I85: 0 | J85: 0
A86: Juan Esteban Montoya Serna | B86: Referencias | C86: ⬤ | D86: 0 | E86: 0.9 | F86: 0.1 | G86: 0.1 | H86: 0 | I86: 0 | J86: 0 | K86: 292
A87: Juan Esteban Montoya Serna | B87: leads Calificados | C87: ⬤ | D87: 0 | E87: 0.9 | F87: 0.1 | G87: 0.1 | H87: 0 | I87: 0 | J87: 0 | K87: 0
A88: Juan Esteban Montoya Serna | B88: leads Calificados A Tiempo | C88: ⬤ | D88: 0 | E88: 0.9 | F88: 0.1 | G88: 0.1 | H88: 0 | I88: 0 | J88: 0 | K88: 0
A89: Juan Esteban Montoya Serna | B89: Impacto en clientes (Actividades de Campo) | C89: ⬤ | D89: 0.14285714 | E89: 0.9 | F89: 0.1 | G89: 0.1 | H89: 1 | I89: 0 | J89: 0
A90: Juan Esteban Montoya Serna | B90: Hectareas Cultivos impactados | C90: ⬤ | D90: 0.19444444 | E90: 0.9 | F90: 0.05 | G90: 0.05
A91: Juan Esteban Montoya Serna | B91: Cultivos impactados | C91: ⬤ | D91: 1.5 | E91: 0.9 | F91: 0.05 | G91: 0.05 | H91: 2 | I91: 6 | J91: 3 | K91: 6
A92: Alejandro Suárez García | B92: Ejecución Visitas | C92: ⬤ | D92: 2.5068493 | E92: 0.9 | F92: 0.1 | G92: 0.1 | H92: 39 | I92: 64 | J92: 80 | K92: 73
A93: Alejandro Suárez García | B93: Cobertura Clientes | C93: ⬤ | D93: 2.4657534 | E93: 0.9 | F93: 0.1 | G93: 0.1 | H93: 17 | I93: 22 | J93: 21 | K93: 24.333333
A94: Alejandro Suárez García | B94: Nuevos Clientes | C94: ⬤ | D94: 2 | E94: 0.9 | F94: 0.1 | G94: 0.1 | H94: 2 | I94: 3 | J94: 3 | K94: 1
A95: Alejandro Suárez García | B95: Recomendados | C95: ⬤ | D95: 0.21181469 | E95: 0.9 | F95: 0.2 | G95: 0.2
A96: Alejandro Suárez García | B96: Referencias | C96: ⬤ | D96: 0.37671233 | E96: 0.9 | F96: 0.1 | G96: 0.1 | H96: 37 | I96: 35 | J96: 38 | K96: 292
A97: Alejandro Suárez García | B97: leads Calificados | C97: ⬤ | D97: 0 | E97: 0.9 | F97: 0.1 | G97: 0.1 | H97: 0 | I97: 0 | J97: 0 | K97: 0
A98: Alejandro Suárez García | B98: leads Calificados A Tiempo | C98: ⬤ | D98: 0 | E98: 0.9 | F98: 0.1 | G98: 0.1 | H98: 0 | I98: 0 | J98: 0 | K98: 0
A99: Alejandro Suárez García | B99: Impacto en clientes (Actividades de Campo) | C99: ⬤ | D99: 0.85714286 | E99: 0.9 | F99: 0.1 | G99: 0.1 | H99: 0 | I99: 2 | J99: 1 | K99: 3.5
A100: Alejandro Suárez García | B100: Hectareas Cultivos impactados | C100: ⬤ | D100: 1.5 | E100: 0.9 | F100: 0.05 | G100: 0.05
...

Sheet Resumen ejecutivo
A1: valor | B1: nombre | C1: Mensaje
A2: 0 | B2: Resumen Ejecutivo | C2: "Este trimestre nos plantea un reto importante, pero también una gran oportunidad de reinvención. Cada desafío superado nos hace más fuertes. Es momento de revisar la estrategia, apoyarte en tus fortalezas y accionar un plan de mejora enfocado. ¡Tienes la capacidad para revertir este indicador y alcanzar tus metas!"
A3: 0.6 | B3: Resumen Ejecutivo | C3: "Cerramos un trimestre de mucho aprendizaje y esfuerzo. Estás en pleno proceso de consolidación de tus objetivos. El potencial para crecer está ahí; este resultado es el punto de partida perfecto para enfocar la energía en las actividades que moverán la aguja hacia el siguiente nivel."
A4: 0.75 | B4: Resumen Ejecutivo | C4: "¡Gran trabajo en este periodo! Tu consistencia y esfuerzo te posicionan en un nivel destacado. Estás a muy pocos pasos de la excelencia total. El camino está trazado; con un pequeño empuje en los indicadores clave, el próximo trimestre pintarás el tablero completamente de verde."
A5: 0.9 | B5: Resumen Ejecutivo | C5: "¡Extraordinario desempeño! Este periodo refleja tu alto compromiso, disciplina y maestría en el territorio. Has alcanzado un nivel de excelencia que inspira al equipo. Mantén este ritmo ganador y sigue liderando con el ejemplo."
A6: 0.9 | B6: Fortalezas | C6: "Tus pilares de éxito están firmes. Destacas por una ejecución impecable en campo, un dominio absoluto de tus indicadores de mayor peso y una consistencia comercial admirable. Tu capacidad para superar las metas demuestra que tu estrategia en el territorio es sumamente efectiva."
A7: 0.75 | B7: Fortalezas | C7: "Cuentas con bases operativas y comerciales muy sólidas. Has demostrado un rendimiento sobresaliente en tus indicadores clave de gestión, logrando superar las metas esperadas en frentes cruciales. Esta efectividad es tu trampolín hacia el éxito absoluto."
A8: 0.6 | B8: Fortalezas | C8: "Aun en periodos retadores, tu esfuerzo ha dado frutos valiosos. Tienes indicadores específicos donde demuestras un gran compromiso y efectividad. Esas actividades en las que hoy brillas son el motor que debes usar para impulsar el resto de tu gestión."
A9: 0 | B9: Fortalezas | C9: "Incluso en la dificultad, hay terreno ganado. Tu dedicación se hace visible en tus mejores indicadores del periodo. Esos pequeños o grandes logros demuestran que posees las habilidades necesarias; el objetivo ahora es replicar ese mismo esfuerzo en las demás áreas."
A10: >90% | B10: Oportunidades | C10: "Para los perfeccionistas, siempre hay espacio de mejora. El siguiente reto es la sostenibilidad: analiza esos mínimos detalles o indicadores que rozaron la meta para blindar tu territorio contra cualquier imprevisto futuro. ¡La excelencia no se detiene!"
A11: >75% | B11: Oportunidades | C11: "El camino a la cima está en los detalles. Para saltar al rango excelente, el foco debe estar en acelerar aquellos indicadores que se quedaron en amarillo o naranja. Ajustar la estrategia en estos puntos específicos liberará todo tu potencial comercial."
A12: >60% | B12: Oportunidades | C12: "Aquí está tu mayor oportunidad de crecimiento. Al concentrar tus esfuerzos en levantar los indicadores que quedaron por debajo de la meta, verás un impacto inmediato en tu resultado global. Prioriza tus batallas, ajusta la planificación semanal y ve por esos puntos."
A13: >0% | B13: Oportunidades | C13: "La meta está más cerca de lo que parece si nos enfocamos. El plan de acción inmediato exige concentrar la energía en revertir los indicadores críticos que están frenando tu avance. Define prioridades claras, solicita el apoyo necesario y da el primer paso. ¡Cada mejora cuenta!"
